date,news_count,avg_sentiment,max_sentiment,min_sentiment,high_impact_count,medium_impact_count,negative_count
2016-01-01,1,0.0,0.0,0.0,0,0,0
2016-01-02,3,-0.0911,0.0,-0.2732,0,1,1
2016-01-03,2,0.0,0.0,0.0,0,0,0
2016-01-04,3,0.1872,0.4588,0.0,0,2,0
2016-01-05,2,0.0,0.0,0.0,0,0,0
2016-01-06,1,0.0,0.0,0.0,0,0,0
2016-01-07,11,0.054,0.3612,-0.128,0,3,1
2016-01-08,4,0.0549,0.7717,-0.296,1,3,3
2016-01-09,2,0.0,0.0,0.0,0,0,0
2016-01-10,1,0.6369,0.6369,0.6369,1,0,0
2016-01-11,2,0.2294,0.4588,0.0,0,1,0
2016-01-12,5,0.0356,0.1779,0.0,0,1,0
2016-01-13,5,0.0848,0.5859,-0.34,1,2,1
2016-01-14,2,0.2294,0.4588,0.0,0,1,0
2016-01-15,8,-0.0502,0.0,-0.2732,0,2,2
2016-01-16,5,0.1198,0.5859,-0.296,1,2,1
2016-01-18,2,0.0,0.0,0.0,0,0,0
2016-01-19,1,0.0,0.0,0.0,0,0,0
2016-01-20,5,0.0027,0.4404,-0.5719,1,3,2
2016-01-21,4,0.1726,0.4404,0.0,0,2,0
2016-01-22,5,0.0881,0.4404,0.0,0,1,0
2016-01-23,3,0.2802,0.4588,0.0,0,2,0
2016-01-24,1,0.0,0.0,0.0,0,0,0
2016-01-25,4,0.0,0.0,0.0,0,0,0
2016-01-26,7,-0.0021,0.2584,-0.2732,0,2,1
2016-01-27,1,0.4404,0.4404,0.4404,0,1,0
2016-01-28,3,-0.0503,0.4404,-0.3182,0,3,2
2016-01-29,8,0.2045,0.6808,-0.2732,1,6,1
2016-01-30,4,0.0366,0.7456,-0.4215,1,2,2
2016-01-31,3,0.1273,0.3818,0.0,0,1,0
2016-02-01,5,0.0373,0.4404,-0.5719,1,2,1
2016-02-02,6,-0.0192,0.7003,-0.5423,2,1,2
2016-02-03,2,-0.3404,0.0,-0.6808,1,0,1
2016-02-04,1,0.1779,0.1779,0.1779,0,1,0
2016-02-05,5,0.0575,0.4404,-0.1531,0,2,1
2016-02-06,5,0.1119,0.3818,0.0,0,2,0
2016-02-07,2,-0.2384,0.0,-0.4767,0,1,1
2016-02-08,1,-0.2263,-0.2263,-0.2263,0,1,1
2016-02-09,5,0.0714,0.4588,-0.5423,1,2,1
2016-02-10,1,-0.1027,-0.1027,-0.1027,0,1,1
2016-02-11,14,0.0316,0.4404,-0.7269,2,7,3
2016-02-12,7,-0.0051,0.6759,-0.5423,2,3,3
2016-02-13,6,-0.0021,0.4215,-0.3182,0,4,2
2016-02-14,2,-0.3502,0.0,-0.7003,1,0,1
2016-02-15,3,-0.3849,0.0,-0.5829,2,0,2
2016-02-16,5,0.219,0.4767,0.0,0,3,0
2016-02-17,5,-0.1807,0.0,-0.5423,1,1,2
2016-02-18,1,-0.5423,-0.5423,-0.5423,1,0,1
2016-02-19,2,0.0,0.0,0.0,0,0,0
2016-02-20,3,-0.0552,0.128,-0.4215,0,3,1
2016-02-21,3,-0.0911,0.0,-0.2732,0,1,1
2016-02-23,3,0.0,0.0,0.0,0,0,0
2016-02-24,5,-0.2569,0.0,-0.7578,2,0,2
2016-02-25,2,0.0,0.0,0.0,0,0,0
2016-02-26,2,0.1591,0.3182,0.0,0,1,0
2016-02-27,1,-0.4767,-0.4767,-0.4767,0,1,1
2016-02-28,2,0.0,0.0,0.0,0,0,0
2016-02-29,5,0.0,0.0,0.0,0,0,0
2016-03-01,4,-0.0439,0.3818,-0.5574,1,1,1
2016-03-02,4,0.2497,0.6808,0.0,1,1,0
2016-03-03,8,-0.0791,0.4019,-0.4215,0,6,4
2016-03-04,7,-0.0668,0.34,-0.5574,1,2,2
2016-03-05,2,-0.3124,0.0,-0.6249,1,0,1
2016-03-06,1,0.0,0.0,0.0,0,0,0
2016-03-07,4,0.0,0.296,-0.296,0,2,1
2016-03-08,2,0.1591,0.3182,0.0,0,1,0
2016-03-09,3,0.0841,0.5106,-0.2584,1,1,1
2016-03-10,6,0.0615,0.5574,-0.4215,1,3,2
2016-03-11,9,0.0086,0.4404,-0.4404,0,3,1
2016-03-12,4,-0.0796,0.0,-0.3182,0,1,1
2016-03-13,1,-0.5423,-0.5423,-0.5423,1,0,1
2016-03-14,5,0.0705,0.25,0.0,0,2,0
2016-03-16,4,0.175,0.3818,0.0,0,2,0
2016-03-17,1,-0.0258,-0.0258,-0.0258,0,1,1
2016-03-18,3,0.0,0.0,0.0,0,0,0
2016-03-19,1,0.0,0.0,0.0,0,0,0
2016-03-20,2,0.1351,0.296,-0.0258,0,2,1
2016-03-21,2,-0.0476,0.1779,-0.2732,0,2,1
2016-03-22,2,0.247,0.4939,0.0,0,1,0
2016-03-23,2,-0.247,0.0,-0.4939,0,1,1
2016-03-24,3,0.0,0.0,0.0,0,0,0
2016-03-25,1,0.0,0.0,0.0,0,0,0
2016-03-26,3,0.0674,0.2023,0.0,0,1,0
2016-03-28,1,0.5994,0.5994,0.5994,1,0,0
2016-03-29,4,-0.0683,0.0,-0.2732,0,1,1
2016-03-30,4,-0.105,0.0,-0.4201,0,1,1
2016-03-31,4,0.0796,0.3182,0.0,0,1,0
2016-04-01,6,0.125,0.5719,0.0,1,1,0
2016-04-02,5,0.1457,0.6597,0.0,1,1,0
2016-04-03,2,0.2712,0.5423,0.0,1,0,0
2016-04-04,3,0.0427,0.128,0.0,0,1,0
2016-04-05,3,-0.0017,0.2682,-0.2732,0,2,1
2016-04-06,2,0.0,0.0,0.0,0,0,0
2016-04-07,3,-0.2018,0.3818,-0.5106,1,2,2
2016-04-08,5,-0.0197,0.2263,-0.2732,0,3,2
2016-04-09,4,0.1667,0.4404,0.0,0,2,0
2016-04-11,6,0.0,0.296,-0.296,0,2,1
2016-04-12,5,0.0756,0.5574,-0.3818,1,2,1
2016-04-13,2,-0.148,0.0,-0.296,0,1,1
2016-04-14,3,-0.2861,0.2944,-0.5809,2,1,2
2016-04-15,4,0.3155,0.4588,0.0,0,3,0
2016-04-16,2,0.2202,0.4404,0.0,0,1,0
2016-04-17,2,-0.3098,-0.0772,-0.5423,1,1,2
2016-04-18,2,0.0,0.0,0.0,0,0,0
2016-04-19,5,-0.3221,0.0,-0.6369,2,1,3
2016-04-20,9,-0.063,0.34,-0.3612,0,4,3
2016-04-21,5,-0.1085,0.0,-0.5423,1,0,1
2016-04-22,4,-0.0196,0.5267,-0.3089,1,2,2
2016-04-23,4,0.0064,0.0258,0.0,0,1,0
2016-04-24,2,0.0,0.0,0.0,0,0,0
2016-04-26,4,-0.0224,0.4404,-0.4019,0,3,2
2016-04-27,9,0.0212,0.6808,-0.5423,3,3,2
2016-04-28,2,0.0,0.0,0.0,0,0,0
2016-04-29,6,0.0075,0.3182,-0.2732,0,2,1
2016-04-30,5,0.4154,0.6486,0.0,2,2,0
2016-05-01,3,0.4007,0.6597,0.0,2,0,0
2016-05-02,1,0.0772,0.0772,0.0772,0,1,0
2016-05-03,9,-0.0445,0.6369,-0.6908,4,3,4
2016-05-04,3,-0.0613,0.4019,-0.5859,1,1,1
2016-05-05,2,0.1012,0.2023,0.0,0,1,0
2016-05-06,3,0.0593,0.1779,0.0,0,1,0
2016-05-07,4,0.1101,0.4404,0.0,0,1,0
2016-05-08,3,0.3131,0.5574,0.0,1,1,0
2016-05-09,4,-0.0583,0.5574,-0.7906,2,0,1
2016-05-10,4,-0.2208,0.0,-0.6249,1,1,2
2016-05-11,2,-0.1639,0.3818,-0.7096,1,1,1
2016-05-12,8,0.0814,0.4404,-0.5423,1,4,2
2016-05-13,11,-0.1416,0.3818,-0.7003,1,6,6
2016-05-14,5,-0.2048,0.0,-0.5423,1,1,2
2016-05-15,1,-0.5423,-0.5423,-0.5423,1,0,1
2016-05-16,5,0.1316,0.6124,-0.0572,1,2,1
2016-05-17,8,-0.053,0.128,-0.296,0,4,3
2016-05-18,8,-0.1273,0.0,-0.7003,1,1,2
2016-05-19,4,-0.3216,0.0,-0.7003,2,0,2
2016-05-20,5,-0.3073,0.0,-0.7184,2,1,3
2016-05-21,6,-0.0667,0.4404,-0.3182,0,4,3
2016-05-22,1,0.0,0.0,0.0,0,0,0
2016-05-23,2,-0.6606,-0.6249,-0.6962,2,0,2
2016-05-24,6,0.101,0.4588,-0.1027,0,3,1
2016-05-25,5,-0.0824,0.4404,-0.7003,1,3,2
2016-05-26,6,-0.0628,0.3612,-0.5849,1,2,2
2016-05-27,5,-0.102,0.1695,-0.3612,0,3,2
2016-05-28,5,0.0479,0.2023,-0.3182,0,4,1
2016-05-29,2,-0.2246,-0.1531,-0.296,0,2,2
2016-05-30,4,0.095,0.2023,0.0,0,2,0
2016-05-31,5,0.1898,0.5106,-0.0772,1,3,1
2016-06-01,8,0.0595,0.7783,-0.7783,2,4,2
2016-06-03,4,0.085,0.34,-0.3182,0,3,1
2016-06-04,1,0.0,0.0,0.0,0,0,0
2016-06-05,3,0.0,0.0,0.0,0,0,0
2016-06-06,9,0.2693,0.6705,-0.4019,3,3,1
2016-06-07,10,0.0335,0.5106,-0.2268,1,2,1
2016-06-09,2,-0.3182,0.0,-0.6365,1,0,1
2016-06-10,3,0.0,0.0,0.0,0,0,0
2016-06-11,2,0.064,0.128,0.0,0,1,0
2016-06-12,1,-0.4019,-0.4019,-0.4019,0,1,1
2016-06-13,3,-0.136,0.34,-0.7479,1,1,1
2016-06-14,3,0.0604,0.5423,-0.3612,1,1,1
2016-06-15,2,0.0203,0.4019,-0.3612,0,2,1
2016-06-16,5,-0.0538,0.2732,-0.5423,1,1,1
2016-06-17,6,0.0919,0.3612,-0.128,0,3,1
2016-06-18,2,0.0,0.0,0.0,0,0,0
2016-06-19,3,-0.2694,0.296,-0.743,1,2,2
2016-06-20,2,-0.2384,0.0,-0.4767,0,1,1
2016-06-21,1,0.5319,0.5319,0.5319,1,0,0
2016-06-22,6,0.0,0.0,0.0,0,0,0
2016-06-23,6,0.0377,0.2263,0.0,0,1,0
2016-06-24,3,0.0,0.0,0.0,0,0,0
2016-06-25,1,0.0,0.0,0.0,0,0,0
2016-06-26,4,0.1072,0.2263,0.0,0,2,0
2016-06-27,6,-0.2633,0.0,-0.4939,0,4,4
2016-06-28,8,0.0439,0.5267,-0.296,1,2,1
2016-06-29,10,-0.0796,0.1779,-0.3612,0,4,3
2016-06-30,7,0.239,0.7506,-0.2023,2,2,1
2016-07-01,12,0.1364,0.6841,-0.3612,1,4,1
2016-07-02,7,0.0517,0.7351,-0.6705,2,3,2
2016-07-03,2,0.2633,0.5267,0.0,1,0,0
2016-07-04,4,0.0566,0.2263,0.0,0,1,0
2016-07-05,5,-0.019,0.4767,-0.5719,1,1,1
2016-07-06,6,-0.0066,0.3818,-0.4215,0,2,1
2016-07-07,2,0.064,0.128,0.0,0,1,0
2016-07-08,4,0.0361,0.4404,-0.296,0,2,1
2016-07-09,4,0.1502,0.4588,-0.128,0,4,2
2016-07-10,1,0.3818,0.3818,0.3818,0,1,0
2016-07-11,6,0.1128,0.6369,-0.128,1,3,2
2016-07-12,6,0.0851,0.5622,-0.0516,1,1,1
2016-07-13,5,0.068,0.34,0.0,0,1,0
2016-07-14,2,0.2396,0.4019,0.0772,0,2,0
2016-07-15,5,-0.0738,0.4215,-0.7906,1,1,1
2016-07-16,2,0.0,0.0,0.0,0,0,0
2016-07-18,2,-0.4027,-0.296,-0.5095,1,1,2
2016-07-19,12,0.0143,0.4588,-0.5423,1,3,1
2016-07-20,6,0.0227,0.3612,-0.2732,0,4,2
2016-07-21,12,0.0485,0.4019,-0.34,0,4,1
2016-07-22,4,0.0703,0.4404,-0.2732,0,3,1
2016-07-23,1,0.4767,0.4767,0.4767,0,1,0
2016-07-25,5,-0.0731,0.4588,-0.5267,1,3,2
2016-07-26,6,-0.1401,0.4019,-0.7003,2,1,2
2016-07-27,6,0.0776,0.4019,-0.3182,0,3,1
2016-07-28,8,0.2138,0.876,-0.4939,2,4,2
2016-07-29,6,-0.0776,0.1027,-0.4404,0,3,2
2016-07-30,6,-0.0502,0.6486,-0.5994,2,2,3
2016-08-01,3,0.2673,0.802,0.0,1,0,0
2016-08-02,8,0.0803,0.4404,-0.3612,0,4,1
2016-08-03,3,0.0,0.0,0.0,0,0,0
2016-08-04,3,-0.0797,0.3182,-0.5574,1,1,1
2016-08-05,5,-0.1534,0.3612,-0.5859,2,1,2
2016-08-06,4,0.1862,0.4404,-0.0772,0,3,1
2016-08-07,1,0.0,0.0,0.0,0,0,0
2016-08-08,4,0.34,0.7351,0.0,2,0,0
2016-08-09,5,-0.0073,0.802,-0.3182,1,3,3
2016-08-10,4,0.1478,0.3182,0.0,0,2,0
2016-08-11,6,0.1897,0.5719,-0.3818,1,4,1
2016-08-12,7,-0.2819,0.0,-0.6808,2,2,4
2016-08-13,5,-0.0392,0.4404,-0.3182,0,3,2
2016-08-14,2,0.3141,0.4019,0.2263,0,2,0
2016-08-15,2,0.0,0.0,0.0,0,0,0
2016-08-16,4,-0.2088,0.2023,-0.5267,2,1,2
2016-08-17,5,0.0933,0.6369,-0.3612,1,3,2
2016-08-18,6,0.0615,0.3182,-0.4019,0,4,1
2016-08-19,5,0.0809,0.3818,-0.2732,0,3,1
2016-08-20,2,-0.1455,0.3612,-0.6523,1,1,1
2016-08-21,2,0.4914,0.5423,0.4404,1,1,0
2016-08-22,2,-0.148,0.0,-0.296,0,1,1
2016-08-23,5,0.0172,0.3818,-0.296,0,2,1
2016-08-24,6,-0.0703,0.3818,-0.4019,0,3,2
2016-08-25,3,0.0,0.0,0.0,0,0,0
2016-08-26,7,0.1791,0.5574,0.0,1,2,0
2016-08-27,4,0.0903,0.3612,0.0,0,1,0
2016-08-29,4,0.0979,0.34,0.0,0,2,0
2016-08-30,9,-0.0232,0.3182,-0.5267,1,1,1
2016-08-31,3,0.1204,0.3612,0.0,0,1,0
2016-09-01,2,0.0129,0.0258,0.0,0,1,0
2016-09-02,2,0.217,0.7096,-0.2755,1,1,1
2016-09-03,4,-0.0954,0.0,-0.3818,0,1,1
2016-09-04,2,0.2108,0.4215,0.0,0,1,0
2016-09-06,6,0.028,0.296,-0.128,0,2,1
2016-09-07,5,0.1681,0.4588,0.0,0,2,0
2016-09-08,4,0.133,0.5319,0.0,1,0,0
2016-09-09,5,0.3461,0.5319,0.0,2,2,0
2016-09-10,2,0.0,0.0,0.0,0,0,0
2016-09-11,4,0.1557,0.3818,0.0,0,2,0
2016-09-12,4,-0.2049,0.0,-0.2732,0,3,3
2016-09-13,2,0.0,0.0,0.0,0,0,0
2016-09-14,4,0.0,0.0,0.0,0,0,0
2016-09-15,4,0.171,0.6841,0.0,1,0,0
2016-09-16,5,0.1503,0.7906,-0.1531,1,2,1
2016-09-17,5,0.0975,0.4019,-0.296,0,3,1
2016-09-18,1,0.6486,0.6486,0.6486,1,0,0
2016-09-19,8,0.2317,0.6597,0.0,2,2,0
2016-09-21,4,-0.1612,0.0,-0.5423,1,1,2
2016-09-22,3,-0.0374,0.3818,-0.4939,0,2,1
2016-09-23,1,0.0,0.0,0.0,0,0,0
2016-09-25,3,-0.1468,0.0,-0.4404,0,1,1
2016-09-26,1,-0.3919,-0.3919,-0.3919,0,1,1
2016-09-27,1,0.0,0.0,0.0,0,0,0
2016-09-29,1,-0.2755,-0.2755,-0.2755,0,1,1
2016-09-30,6,0.0377,0.2263,0.0,0,1,0
2016-10-01,3,0.0,0.0,0.0,0,0,0
2016-10-03,4,0.1101,0.4404,0.0,0,1,0
2016-10-04,5,-0.1365,0.2023,-0.4168,0,4,3
2016-10-05,1,0.0,0.0,0.0,0,0,0
2016-10-06,4,-0.2524,0.0,-0.4404,0,3,3
2016-10-07,3,0.3568,0.5106,0.1779,1,2,0
2016-10-10,3,-0.0911,0.2023,-0.2732,0,3,2
2016-10-11,2,-0.1806,0.0,-0.3612,0,1,1
2016-10-12,4,0.1667,0.4404,0.0,0,2,0
2016-10-13,5,0.0256,0.6705,-0.5423,2,0,1
2016-10-14,1,0.2263,0.2263,0.2263,0,1,0
2016-10-15,3,0.0,0.0,0.0,0,0,0
2016-10-16,2,0.0258,0.0516,0.0,0,1,0
2016-10-17,2,0.4404,0.4404,0.4404,0,2,0
2016-10-18,2,0.5155,0.7351,0.296,1,1,0
2016-10-19,1,-0.3612,-0.3612,-0.3612,0,1,1
2016-10-20,9,-0.0077,0.7456,-0.7579,4,2,3
2016-10-21,3,0.2343,0.4767,0.0,0,2,0
2016-10-23,1,0.0,0.0,0.0,0,0,0
2016-10-24,3,-0.0593,0.0,-0.1779,0,1,1
2016-10-25,8,0.1249,0.4404,-0.1779,0,4,1
2016-10-26,4,0.1458,0.4404,-0.1531,0,3,1
2016-10-27,8,0.0486,0.4404,-0.4019,0,6,2
2016-10-28,6,-0.1397,0.3182,-0.5423,1,3,3
2016-10-29,4,-0.0426,0.1027,-0.2732,0,2,1
2016-10-31,1,0.0,0.0,0.0,0,0,0
2016-11-02,3,-0.4184,-0.296,-0.5574,1,2,3
2016-11-03,2,-0.1366,0.0,-0.2732,0,1,1
2016-11-04,2,0.0,0.0,0.0,0,0,0
2016-11-05,5,0.0244,0.4404,-0.3182,0,2,1
2016-11-06,2,0.3774,0.4588,0.296,0,2,0
2016-11-07,3,0.5165,0.743,0.296,2,1,0
2016-11-08,4,0.192,0.6908,0.0,1,1,0
2016-11-09,4,0.0306,0.4404,-0.3182,0,2,1
2016-11-10,4,0.2518,0.5859,0.0,1,1,0
2016-11-11,5,-0.0478,0.4404,-0.3612,0,3,2
2016-11-12,1,0.0,0.0,0.0,0,0,0
2016-11-13,1,0.0,0.0,0.0,0,0,0
2016-11-14,4,-0.1663,0.0,-0.6652,1,0,1
2016-11-15,2,-0.125,0.0,-0.25,0,1,1
2016-11-16,5,0.0075,0.4588,-0.4215,0,2,1
2016-11-17,5,-0.1042,0.5267,-0.6808,2,3,3
2016-11-18,8,-0.0621,0.1779,-0.2732,0,4,3
2016-11-19,1,-0.296,-0.296,-0.296,0,1,1
2016-11-20,1,0.0,0.0,0.0,0,0,0
2016-11-21,2,0.201,0.4019,0.0,0,1,0
2016-11-22,3,-0.2538,0.3818,-0.5859,2,1,2
2016-11-23,5,0.0531,0.3818,-0.296,0,4,2
2016-11-24,2,0.1012,0.2023,0.0,0,1,0
2016-11-25,3,-0.1061,0.0,-0.3182,0,1,1
2016-11-26,1,0.4215,0.4215,0.4215,0,1,0
2016-11-27,3,-0.1858,0.0,-0.5574,1,0,1
2016-11-28,6,-0.0171,0.0,-0.1027,0,1,1
2016-11-29,5,0.1656,0.6705,-0.5423,2,2,1
2016-11-30,4,-0.2025,0.34,-0.7096,1,2,2
2016-12-01,7,-0.1179,0.0772,-0.5267,1,3,2
2016-12-02,2,0.1132,0.2263,0.0,0,1,0
2016-12-03,2,0.0,0.0,0.0,0,0,0
2016-12-05,1,-0.2732,-0.2732,-0.2732,0,1,1
2016-12-06,1,-0.7906,-0.7906,-0.7906,1,0,1
2016-12-07,7,0.1752,0.6124,-0.296,1,5,2
2016-12-08,1,-0.6124,-0.6124,-0.6124,1,0,1
2016-12-09,2,0.0,0.0,0.0,0,0,0
2016-12-10,3,-0.134,0.0,-0.4019,0,1,1
2016-12-11,1,0.0,0.0,0.0,0,0,0
2016-12-12,2,-0.293,0.0,-0.5859,1,0,1
2016-12-14,1,0.0258,0.0258,0.0258,0,1,0
2016-12-15,3,0.1378,0.6597,-0.5423,2,1,1
2016-12-16,2,0.0,0.0,0.0,0,0,0
2016-12-17,1,0.0,0.0,0.0,0,0,0
2016-12-18,2,-0.0922,0.4404,-0.6249,1,1,1
2016-12-20,1,0.3182,0.3182,0.3182,0,1,0
2016-12-22,2,-0.4393,-0.4019,-0.4767,0,2,2
2016-12-24,2,-0.2384,0.0,-0.4767,0,1,1
2016-12-26,1,0.3818,0.3818,0.3818,0,1,0
2016-12-27,4,0.0,0.0,0.0,0,0,0
2016-12-28,2,0.0,0.0,0.0,0,0,0
2016-12-29,4,0.2495,0.6369,0.0,1,1,0
2016-12-30,2,-0.534,-0.5106,-0.5574,2,0,2
2017-01-01,12,-0.036,0.5719,-0.3182,1,5,4
2017-01-02,27,0.0077,0.7506,-0.5994,2,15,8
2017-01-03,48,0.1455,0.7184,-0.4588,10,16,6
2017-01-04,44,0.1068,0.8655,-0.7003,11,14,9
2017-01-05,44,0.0846,0.8138,-0.5859,11,17,10
2017-01-06,19,0.0311,0.4588,-0.7096,1,13,5
2017-01-07,13,0.0636,0.5106,-0.3818,1,6,3
2017-01-08,17,-0.0029,0.3182,-0.6705,1,6,3
2017-01-09,47,0.0362,0.7783,-0.6917,13,21,15
2017-01-10,46,0.1642,0.7845,-0.5709,7,22,6
2017-01-11,31,0.0168,0.7739,-0.6486,5,12,10
2017-01-12,55,0.0443,0.8316,-0.7003,6,30,16
2017-01-13,37,0.1384,0.891,-0.5574,10,14,9
2017-01-14,12,0.1006,0.6124,-0.5859,2,5,2
2017-01-15,12,0.1258,0.7003,-0.5719,2,5,1
2017-01-16,34,0.0003,0.6705,-0.7269,6,15,10
2017-01-17,33,0.1673,0.7351,-0.3612,6,15,4
2017-01-18,35,0.1583,0.7003,-0.5719,6,14,4
2017-01-19,48,0.1426,0.7906,-0.6486,8,24,8
2017-01-20,53,0.047,0.6486,-0.7269,7,24,12
2017-01-21,7,0.0118,0.4404,-0.5574,1,3,2
2017-01-22,6,-0.1866,0.4404,-0.8316,2,3,3
2017-01-23,46,0.0587,0.7096,-0.7184,8,19,9
2017-01-24,44,0.0832,0.8126,-0.7579,7,16,7
2017-01-25,37,0.1525,0.7506,-0.6124,6,14,4
2017-01-26,14,0.052,0.6597,-0.4404,3,6,4
2017-01-27,37,0.076,0.8316,-0.765,13,11,11
2017-01-28,12,-0.0056,0.4588,-0.5574,1,8,4
2017-01-29,13,-0.0903,0.6808,-0.7351,5,4,5
2017-01-30,39,0.089,0.743,-0.8519,8,15,10
2017-01-31,22,-0.0352,0.4588,-0.7351,3,11,8
2017-02-01,112,0.0847,0.9001,-0.7096,13,51,22
2017-02-02,91,0.1367,0.8625,-0.624,14,39,12
2017-02-03,59,0.1862,0.7269,-0.7964,12,32,9
2017-02-04,10,0.1059,0.4588,-0.4767,0,7,2
2017-02-05,6,-0.121,0.0,-0.2732,0,4,4
2017-02-06,34,0.1756,0.8442,-0.6486,6,16,5
2017-02-07,49,0.0598,0.6542,-0.6369,11,22,15
2017-02-08,100,0.0325,0.7717,-0.7003,15,49,30
2017-02-09,76,0.0589,0.7906,-0.7506,7,40,19
2017-02-10,46,0.1754,0.7906,-0.6249,7,25,7
2017-02-11,22,0.0672,0.5574,-0.3182,1,7,2
2017-02-12,19,0.0273,0.7003,-0.296,1,7,4
2017-02-13,57,0.0134,0.5867,-0.6249,7,27,16
2017-02-14,60,0.0881,0.743,-0.6597,6,30,13
2017-02-15,37,-0.0503,0.5719,-0.6124,4,13,11
2017-02-16,52,0.0755,0.7579,-0.4939,3,30,12
2017-02-17,81,0.0435,0.7783,-0.7351,20,26,20
2017-02-18,18,-0.0042,0.4019,-0.6249,2,5,2
2017-02-19,18,0.1886,0.6369,-0.2732,1,10,1
2017-02-20,31,0.1217,0.7003,-0.7096,8,13,7
2017-02-21,59,0.1059,0.8074,-0.886,14,19,9
2017-02-22,60,-0.0545,0.7184,-0.8126,12,23,20
2017-02-23,55,0.0579,0.5994,-0.836,2,26,8
2017-02-24,17,0.0695,0.5719,-0.765,3,4,2
2017-02-25,6,-0.0922,0.1779,-0.3071,0,4,3
2017-02-26,12,0.0256,0.8481,-0.765,4,4,4
2017-02-27,36,-0.104,0.765,-0.8765,7,13,15
2017-02-28,41,-0.0011,0.5994,-0.5574,3,20,12
2017-03-01,53,-0.0297,0.6249,-0.7351,6,22,16
2017-03-02,51,0.1355,0.765,-0.7845,12,21,10
2017-03-03,47,-0.0471,0.6808,-0.7845,7,20,14
2017-03-04,8,-0.0043,0.6369,-0.4404,1,3,3
2017-03-05,27,0.1103,0.7089,-0.34,1,11,3
2017-03-06,48,0.0174,0.7906,-0.5859,8,14,11
2017-03-07,33,0.1095,0.7269,-0.8807,7,15,6
2017-03-08,36,0.0508,0.5574,-0.5423,2,16,7
2017-03-09,42,-0.0167,0.7269,-0.6124,6,20,13
2017-03-10,44,0.0105,0.7096,-0.765,8,11,9
2017-03-11,22,0.0615,0.9222,-0.7345,5,8,6
2017-03-12,6,0.1118,0.6705,0.0,1,0,0
2017-03-13,10,-0.1569,0.3818,-0.9246,2,3,3
2017-03-14,44,0.1784,0.8689,-0.5423,12,12,5
2017-03-15,74,0.0741,0.765,-0.5994,9,32,15
2017-03-16,86,0.1649,0.7351,-0.743,16,36,10
2017-03-17,22,0.0696,0.7906,-0.5106,2,7,3
2017-03-18,18,-0.0613,0.7096,-0.7717,6,5,7
2017-03-19,20,0.1187,0.8143,-0.6249,6,6,4
2017-03-20,62,0.0177,0.743,-0.7906,10,22,14
2017-03-21,41,-0.0419,0.5994,-0.7351,8,18,16
2017-03-22,35,0.1064,0.6486,-0.6597,4,19,7
2017-03-23,45,0.0861,0.8225,-0.5719,6,20,10
2017-03-24,56,0.0951,0.8893,-0.8519,10,26,12
2017-03-25,11,-0.0727,0.3612,-0.8885,1,6,3
2017-03-26,15,0.1191,0.6808,-0.2732,1,5,1
2017-03-27,23,-0.0674,0.6249,-0.6249,4,7,7
2017-03-28,33,0.1076,0.8176,-0.5423,5,16,7
2017-03-29,43,0.0664,0.7964,-0.802,8,18,10
2017-03-30,43,0.0523,0.5719,-0.8402,2,27,10
2017-03-31,43,0.2415,0.8462,-0.8225,18,11,6
2017-04-01,10,0.1428,0.765,-0.4019,2,6,3
2017-04-02,17,0.1523,0.7184,-0.25,1,7,1
2017-04-03,63,0.0703,0.8286,-0.8126,16,24,18
2017-04-04,47,-0.1542,0.6369,-0.7506,8,23,24
2017-04-05,66,0.0282,0.765,-0.7783,14,29,21
2017-04-06,71,-0.0241,0.5859,-0.8201,7,26,17
2017-04-07,60,0.0773,0.7579,-0.6597,6,37,17
2017-04-08,13,0.1067,0.6705,-0.7096,2,6,3
2017-04-09,13,0.1318,0.5106,-0.296,1,5,1
2017-04-10,56,0.0211,0.8555,-0.7906,7,28,14
2017-04-11,32,0.093,0.6597,-0.5574,6,10,6
2017-04-12,57,0.0214,0.806,-0.5719,5,28,16
2017-04-13,68,0.0087,0.7906,-0.7845,9,35,18
2017-04-14,13,-0.1318,0.2263,-0.6705,3,4,4
2017-04-15,6,-0.067,0.0,-0.4019,0,1,1
2017-04-16,14,0.1734,0.6908,-0.4019,3,4,2
2017-04-17,33,-0.032,0.6249,-0.5719,3,18,12
2017-04-18,63,0.0927,0.8555,-0.5719,9,25,12
2017-04-19,66,0.0021,0.7269,-0.8126,16,28,23
2017-04-20,56,0.0857,0.8519,-0.7184,9,24,15
2017-04-21,29,0.0573,0.6249,-0.7579,9,9,9
2017-04-22,12,0.2188,0.5106,-0.2023,1,7,1
2017-04-23,14,0.0272,0.5574,-0.4767,1,6,3
2017-04-24,68,0.1072,0.8271,-0.7003,17,28,18
2017-04-25,77,0.1293,0.7506,-0.765,9,36,12
2017-04-26,52,0.1569,0.9081,-0.7579,9,23,9
2017-04-27,63,0.0857,0.6705,-0.5719,6,22,8
2017-04-28,56,0.1015,0.8689,-0.4767,5,26,12
2017-04-29,13,-0.0476,0.8248,-0.7096,4,4,4
2017-04-30,16,0.028,0.5574,-0.5106,2,1,1
2017-05-01,16,-0.0916,0.6124,-0.6808,3,5,6
2017-05-02,34,0.0778,0.7269,-0.7717,10,16,10
2017-05-03,60,0.0289,0.7351,-0.5994,12,27,18
2017-05-04,56,0.0823,0.8176,-0.6486,9,30,15
2017-05-05,48,-0.009,0.8481,-0.743,14,16,15
2017-05-06,10,-0.1367,0.4404,-0.7351,2,5,4
2017-05-07,12,-0.0681,0.3818,-0.5994,2,1,2
2017-05-08,48,0.0658,0.836,-0.802,10,12,9
2017-05-09,57,0.0238,0.7269,-0.8442,7,16,10
2017-05-10,61,0.0728,0.7269,-0.8126,14,29,19
2017-05-11,48,0.1891,0.9022,-0.5423,9,21,8
2017-05-12,96,0.1053,0.8316,-0.9001,23,40,22
2017-05-13,20,0.0276,0.6249,-0.7906,3,10,5
2017-05-14,12,-0.006,0.8481,-0.6908,2,6,4
2017-05-15,74,0.135,0.7579,-0.7096,23,32,19
2017-05-16,46,0.2409,0.7845,-0.4939,11,22,6
2017-05-17,64,0.0462,0.6808,-0.8591,10,27,14
2017-05-18,60,0.0704,0.6369,-0.7003,6,35,15
2017-05-19,62,0.0489,0.8225,-0.7003,17,26,18
2017-05-20,11,0.1712,0.4404,-0.7579,1,7,1
2017-05-21,8,0.1407,0.5574,0.0,1,2,0
2017-05-22,32,0.1333,0.836,-0.6124,10,9,6
2017-05-23,52,-0.0194,0.743,-0.743,12,22,16
2017-05-24,48,0.1517,0.8126,-0.3612,6,27,9
2017-05-25,58,0.1236,0.8402,-0.7506,8,30,11
2017-05-26,51,0.1102,0.7184,-0.8225,7,22,8
2017-05-27,8,-0.1084,0.4574,-0.5423,1,3,3
2017-05-28,14,0.0916,0.5574,-0.5574,2,6,1
2017-05-29,60,0.1152,0.8074,-0.875,12,22,11
2017-05-30,49,-0.0071,0.4939,-0.8779,4,21,11
2017-05-31,35,0.1918,0.6597,-0.4767,8,16,6
2017-06-01,51,0.0761,0.6908,-0.8126,12,16,10
2017-06-02,71,0.1528,0.8481,-0.8225,15,29,10
2017-06-03,11,0.1625,0.7184,-0.2023,1,5,1
2017-06-04,31,0.0353,0.7269,-0.5423,2,14,6
2017-06-05,23,-0.0837,0.5994,-0.765,5,8,8
2017-06-06,31,0.1037,0.6597,-0.5719,2,14,4
2017-06-07,109,0.0316,0.8625,-0.8625,21,50,33
2017-06-08,106,0.0402,0.7906,-0.8225,18,54,29
2017-06-09,81,0.0305,0.836,-0.7096,12,45,27
2017-06-10,8,0.2183,0.6486,0.0,1,4,0
2017-06-11,10,-0.0752,0.5994,-0.5574,3,5,5
2017-06-12,75,0.0309,0.7096,-0.6597,12,35,22
2017-06-13,86,0.0861,0.8074,-0.7351,20,27,17
2017-06-14,91,0.0625,0.6597,-0.8402,10,44,21
2017-06-15,58,-0.0114,0.5423,-0.8126,5,27,17
2017-06-16,72,0.059,0.7351,-0.8316,8,31,13
2017-06-17,15,0.0063,0.5719,-0.5423,2,7,4
2017-06-18,9,0.0938,0.4404,-0.3182,0,4,1
2017-06-19,69,0.1017,0.8176,-0.7096,12,30,12
2017-06-20,41,0.1447,0.7506,-0.5994,9,11,3
2017-06-21,70,-0.0258,0.6808,-0.6369,10,37,24
2017-06-22,66,-0.0037,0.7269,-0.7184,7,36,20
2017-06-23,44,0.0409,0.6597,-0.8712,6,22,11
2017-06-24,6,0.1262,0.6369,-0.3182,1,3,1
2017-06-25,6,0.0684,0.765,-0.4215,1,3,2
2017-06-26,16,0.0293,0.7269,-0.6124,3,9,6
2017-06-27,52,0.1341,0.7351,-0.7096,7,26,7
2017-06-28,62,0.0364,0.7841,-0.8834,4,36,16
2017-06-29,53,0.0549,0.7506,-0.5106,5,21,12
2017-06-30,30,0.1094,0.8271,-0.6249,9,11,7
2017-07-01,16,0.1106,0.6369,-0.5423,4,6,4
2017-07-02,27,0.1322,0.6369,-0.3818,5,13,6
2017-07-03,55,0.089,0.7906,-0.8316,10,25,12
2017-07-04,63,0.0898,0.7096,-0.8316,14,27,14
2017-07-05,36,0.0198,0.6369,-0.8689,5,14,8
2017-07-06,59,0.0968,0.7269,-0.8047,11,25,10
2017-07-07,34,0.1312,0.8462,-0.4215,7,10,5
2017-07-08,18,0.0352,0.7841,-0.6705,3,4,3
2017-07-09,17,-0.0048,0.5719,-0.4215,1,7,4
2017-07-10,27,0.1051,0.765,-0.8779,7,10,6
2017-07-11,28,0.0864,0.8074,-0.5719,4,9,4
2017-07-12,59,0.0933,0.7906,-0.6705,11,28,15
2017-07-13,97,0.1204,0.875,-0.802,16,46,16
2017-07-14,66,0.0595,0.7717,-0.5994,13,26,16
2017-07-15,7,0.1269,0.5106,-0.2023,1,3,1
2017-07-16,10,-0.0672,0.3818,-0.5432,2,5,4
2017-07-17,52,0.0903,0.8689,-0.8126,7,23,11
2017-07-18,62,0.0486,0.807,-0.7506,15,24,17
2017-07-19,75,0.1324,0.886,-0.8126,23,23,11
2017-07-20,40,0.1011,0.8176,-0.8658,8,21,9
2017-07-21,47,0.2081,0.8316,-0.5423,12,17,4
2017-07-22,15,0.1333,0.6486,-0.4215,2,8,3
2017-07-23,17,0.1465,0.4588,-0.5859,1,11,1
2017-07-24,50,0.1399,0.8126,-0.8239,15,19,10
2017-07-25,44,0.117,0.7717,-0.6486,9,17,9
2017-07-26,38,0.1041,0.8567,-0.5994,8,21,11
2017-07-27,63,0.1854,0.8074,-0.5574,13,27,9
2017-07-28,61,0.1112,0.9254,-0.8126,11,21,7
2017-07-29,20,0.0407,0.7096,-0.7003,6,4,5
2017-07-30,20,0.0277,0.743,-0.4939,3,7,5
2017-07-31,43,0.165,0.8481,-0.7556,11,24,11
2017-08-01,62,0.0594,0.7906,-0.6597,6,32,16
2017-08-02,161,-0.0024,0.875,-0.7184,23,101,66
2017-08-03,82,0.0263,0.7351,-0.6808,16,45,27
2017-08-04,58,0.0324,0.765,-0.8402,7,26,14
2017-08-05,17,0.1029,0.6705,-0.3597,3,8,4
2017-08-06,14,0.1073,0.5423,-0.2732,1,7,3
2017-08-07,71,0.0819,0.7717,-0.6293,16,19,11
2017-08-08,81,0.1059,0.7351,-0.508,10,44,20
2017-08-09,40,0.0465,0.7096,-0.8176,11,19,11
2017-08-10,72,0.0198,0.743,-0.7579,11,33,22
2017-08-11,109,0.0518,0.6808,-0.8519,23,48,28
2017-08-12,26,-0.15,0.4767,-0.7096,3,14,13
2017-08-13,15,-0.0331,0.6369,-0.899,6,9,7
2017-08-14,53,-0.0465,0.7269,-0.7351,6,17,13
2017-08-15,38,-0.1405,0.6705,-0.6808,8,16,19
2017-08-16,69,0.0521,0.7603,-0.7506,8,35,20
2017-08-17,59,0.1033,0.8316,-0.8979,9,29,12
2017-08-18,65,-0.0381,0.7783,-0.7269,10,34,28
2017-08-19,24,0.0176,0.6369,-0.5849,2,10,6
2017-08-20,20,-0.0393,0.4767,-0.6808,2,11,7
2017-08-21,67,0.0287,0.7964,-0.8225,9,31,17
2017-08-22,64,0.0208,0.6808,-0.8316,10,26,15
2017-08-23,66,0.1631,0.8658,-0.8126,19,27,10
2017-08-24,57,0.0526,0.8316,-0.5267,8,15,9
2017-08-25,19,0.1565,0.7845,-0.2732,3,6,1
2017-08-26,4,0.1323,0.7783,-0.743,2,1,1
2017-08-27,14,0.1204,0.7184,-0.4215,2,4,2
2017-08-28,56,0.106,0.6908,-0.7003,9,22,8
2017-08-29,58,-0.0681,0.7351,-0.6486,8,28,22
2017-08-30,58,0.0486,0.7351,-0.5994,6,18,10
2017-08-31,68,0.0428,0.7184,-0.6124,10,33,18
2017-09-01,51,0.0902,0.8074,-0.5719,5,17,6
2017-09-02,9,0.1325,0.8316,-0.3818,2,3,2
2017-09-03,5,-0.0405,0.4754,-0.3818,0,3,2
2017-09-04,48,-0.1048,0.5574,-0.6597,7,23,20
2017-09-05,60,-0.0134,0.7964,-0.8481,17,22,21
2017-09-06,75,0.0032,0.7269,-0.6124,11,30,20
2017-09-07,62,0.0419,0.8591,-0.8402,17,13,11
2017-09-08,54,0.0584,0.7783,-0.5719,6,16,7
2017-09-09,25,-0.1031,0.3182,-0.7964,4,11,9
2017-09-10,29,0.0962,0.6597,-0.296,3,10,5
2017-09-11,65,0.0686,0.7003,-0.6908,16,28,17
2017-09-12,60,0.1043,0.802,-0.6808,11,27,10
2017-09-13,59,0.0914,0.7003,-0.5994,8,24,10
2017-09-14,73,0.0324,0.7269,-0.6124,6,36,19
2017-09-15,70,-0.0195,0.743,-0.7184,7,33,20
2017-09-16,13,0.0943,0.6369,-0.3818,2,4,2
2017-09-17,23,-0.0282,0.6814,-0.7351,2,9,7
2017-09-18,36,0.1395,0.8271,-0.6249,7,15,6
2017-09-19,36,0.1172,0.7269,-0.6908,6,19,6
2017-09-20,64,0.0259,0.6597,-0.7003,10,25,12
2017-09-21,63,0.1021,0.8074,-0.8126,11,21,8
2017-09-22,81,0.0342,0.8176,-0.7003,12,45,27
2017-09-23,13,-0.055,0.3818,-0.7845,1,6,4
2017-09-24,5,-0.0887,0.3182,-0.4215,0,3,2
2017-09-25,45,0.0391,0.7579,-0.7003,9,24,15
2017-09-26,70,0.062,0.7906,-0.743,14,32,20
2017-09-27,66,0.0203,0.8271,-0.8779,8,36,21
2017-09-28,58,0.0561,0.7184,-0.5994,11,21,13
2017-09-29,58,0.0526,0.796,-0.7964,13,23,17
2017-09-30,18,0.0433,0.7845,-0.5106,2,10,6
2017-10-01,17,0.1009,0.7579,-0.6486,3,7,3
2017-10-02,36,0.1018,0.6908,-0.4939,2,15,3
2017-10-03,49,0.0767,0.6808,-0.743,10,20,12
2017-10-04,85,0.0579,0.891,-0.6597,15,30,17
2017-10-05,64,-0.0031,0.743,-0.7351,12,33,26
2017-10-06,57,0.1177,0.7964,-0.765,13,23,12
2017-10-07,10,0.0831,0.5859,-0.2732,1,6,3
2017-10-08,11,0.0688,0.4588,-0.5423,1,5,2
2017-10-09,46,0.1039,0.8591,-0.765,11,21,11
2017-10-10,66,0.0389,0.6369,-0.765,13,34,19
2017-10-11,64,0.0683,0.8422,-0.6908,8,31,16
2017-10-12,80,0.0833,0.8885,-0.7845,14,18,7
2017-10-13,40,0.0847,0.7717,-0.872,9,18,9
2017-10-14,8,0.0097,0.4019,-0.5267,1,4,2
2017-10-15,12,0.0889,0.7003,-0.4215,2,6,3
2017-10-16,57,0.148,0.7184,-0.8316,15,19,6
2017-10-17,73,0.0386,0.743,-0.8126,18,30,20
2017-10-18,44,0.0224,0.743,-0.8689,10,18,12
2017-10-19,34,0.0429,0.8172,-0.7269,6,20,14
2017-10-20,30,0.0577,0.6597,-0.6124,7,13,8
2017-10-21,10,-0.0438,0.765,-0.8658,2,5,4
2017-10-22,22,0.0269,0.7351,-0.4939,1,8,5
2017-10-23,19,0.0191,0.5859,-0.5859,2,8,5
2017-10-24,34,0.1396,0.7269,-0.6908,7,15,4
2017-10-25,82,0.2228,0.9217,-0.6369,23,32,11
2017-10-26,65,0.0827,0.7269,-0.743,10,30,13
2017-10-27,60,0.1733,0.8807,-0.6369,11,33,12
2017-10-28,15,0.1368,0.6597,-0.6956,5,6,4
2017-10-29,13,-0.2188,0.4019,-0.6808,5,3,6
2017-10-30,64,0.1143,0.802,-0.7096,12,31,14
2017-10-31,60,0.0358,0.8225,-0.6808,10,30,19
2017-11-01,63,0.2289,0.7845,-0.4019,13,27,6
2017-11-02,49,0.1961,0.8658,-0.296,9,20,5
2017-11-03,44,0.0081,0.886,-0.6908,9,11,10
2017-11-04,15,-0.0513,0.3182,-0.3818,0,8,5
2017-11-05,21,-0.0574,0.7717,-0.8934,5,7,7
2017-11-06,72,0.1202,0.8555,-0.8126,27,28,19
2017-11-07,28,0.146,0.743,-0.7964,9,10,6
2017-11-08,60,-0.0123,0.6249,-0.8519,13,25,16
2017-11-09,52,0.1195,0.7783,-0.7003,11,24,11
2017-11-10,53,-0.0192,0.7783,-0.8074,13,24,19
2017-11-11,18,0.1012,0.7269,-0.5994,5,6,4
2017-11-12,7,0.0482,0.4404,-0.1027,0,2,1
2017-11-13,27,-0.0509,0.4767,-0.7351,4,13,9
2017-11-14,53,0.1141,0.8271,-0.5423,10,27,15
2017-11-15,70,0.0654,0.6908,-0.765,12,32,15
2017-11-16,59,0.1683,0.7783,-0.6249,4,41,10
2017-11-17,74,-0.0272,0.7672,-0.8402,6,45,24
2017-11-18,21,-0.0467,0.6705,-0.8126,5,10,7
2017-11-19,17,0.0151,0.7845,-0.6249,6,5,6
2017-11-20,65,0.0819,0.8074,-0.8126,10,30,12
2017-11-21,64,0.1008,0.8934,-0.5719,14,28,15
2017-11-22,60,0.1691,0.7964,-0.5267,11,28,9
2017-11-23,41,0.0767,0.7351,-0.5859,5,18,7
2017-11-24,55,0.1114,0.8074,-0.4767,10,28,15
2017-11-25,3,0.3823,0.5413,0.1779,1,2,0
2017-11-26,16,0.0653,0.6486,-0.4404,1,7,3
2017-11-27,46,0.0639,0.6705,-0.7506,7,23,11
2017-11-28,54,0.0542,0.5994,-0.7003,7,30,15
2017-11-29,65,0.1128,0.9217,-0.5423,6,33,8
2017-11-30,68,0.0322,0.7717,-0.8313,10,34,20
2017-12-01,2,0.0,0.0,0.0,0,0,0
2017-12-02,1,0.0,0.0,0.0,0,0,0
2017-12-03,23,0.0876,0.6369,-0.8074,2,13,5
2017-12-04,59,0.1139,0.6705,-0.5719,8,37,15
2017-12-05,63,0.0283,0.891,-0.8591,8,28,18
2017-12-06,105,0.0425,0.7783,-0.6908,11,37,22
2017-12-07,54,0.1159,0.7096,-0.6249,11,22,11
2017-12-08,56,0.2297,0.7324,-0.4019,12,32,9
2017-12-09,14,0.2137,0.7096,-0.3182,3,6,1
2017-12-10,17,0.1345,0.7184,-0.3818,2,8,2
2017-12-11,67,0.0758,0.8176,-0.6369,5,23,7
2017-12-12,42,0.0661,0.8979,-0.5903,4,13,4
2017-12-13,69,0.0172,0.8176,-0.802,13,32,19
2017-12-14,65,0.1735,0.8225,-0.6705,8,28,7
2017-12-15,46,0.1887,0.7845,-0.7096,16,19,9
2017-12-16,7,-0.0227,0.34,-0.6249,1,2,1
2017-12-17,10,0.0781,0.7964,-0.438,1,4,2
2017-12-18,47,0.0627,0.7579,-0.9062,7,19,7
2017-12-19,47,0.1201,0.8271,-0.719,11,17,9
2017-12-20,52,0.0783,0.7003,-0.3818,3,28,10
2017-12-21,48,0.1027,0.7964,-0.6249,13,17,9
2017-12-22,57,0.1232,0.802,-0.8807,13,28,11
2017-12-23,17,0.0285,0.6908,-0.6808,5,9,6
2017-12-24,15,-0.0503,0.2716,-0.8074,1,4,3
2017-12-25,26,-0.0441,0.6808,-0.6249,4,11,8
2017-12-26,60,0.0996,0.8271,-0.8402,9,25,8
2017-12-27,37,0.0831,0.876,-0.765,13,14,10
2017-12-28,62,0.0659,0.7783,-0.743,15,29,15
2017-12-29,56,0.1132,0.8442,-0.7351,16,14,8
2017-12-30,19,0.0492,0.8374,-0.5859,2,6,3
2017-12-31,14,-0.063,0.4588,-0.6808,2,5,4
2018-01-01,25,0.0733,0.6369,-0.6249,5,13,6
2018-01-02,44,0.1005,0.7351,-0.5972,7,18,8
2018-01-03,51,0.0714,0.7269,-0.4588,5,25,13
2018-01-04,67,0.1016,0.743,-0.8126,13,35,16
2018-01-05,58,0.0585,0.8316,-0.7783,14,20,14
2018-01-06,15,0.002,0.6124,-0.6705,3,6,4
2018-01-07,16,0.0264,0.5859,-0.4019,2,6,4
2018-01-08,55,0.1605,0.8494,-0.8225,11,27,9
2018-01-09,56,0.1684,0.7865,-0.7579,18,17,7
2018-01-10,65,0.1419,0.87,-0.5719,10,30,10
2018-01-11,43,0.1356,0.8225,-0.6249,8,19,7
2018-01-12,83,0.0954,0.8591,-0.743,19,29,14
2018-01-13,21,-0.0095,0.4939,-0.6249,3,10,6
2018-01-14,13,0.2066,0.6808,0.0,4,2,0
2018-01-15,91,0.0501,0.8176,-0.7964,10,46,24
2018-01-16,56,0.1274,0.8689,-0.7096,9,30,13
2018-01-17,70,0.0346,0.7184,-0.8555,11,34,18
2018-01-18,70,0.1692,0.8402,-0.4019,12,27,7
2018-01-19,53,0.079,0.7845,-0.7351,11,22,12
2018-01-20,10,0.0548,0.4767,-0.5859,2,4,2
2018-01-21,11,-0.1276,0.4019,-0.5267,1,6,5
2018-01-22,39,0.1668,0.7096,-0.4019,5,14,3
2018-01-23,68,0.1775,0.8271,-0.5994,8,38,10
2018-01-24,61,0.1109,0.7184,-0.8625,16,25,11
2018-01-25,63,0.0284,0.6705,-0.8271,6,37,19
2018-01-26,21,0.0486,0.6369,-0.5859,3,8,4
2018-01-27,8,0.143,0.6249,-0.3612,1,3,1
2018-01-28,9,0.052,0.34,0.0,0,2,0
2018-01-29,67,0.1504,0.765,-0.7845,12,40,15
2018-01-30,67,0.0701,0.765,-0.8689,9,27,13
2018-01-31,33,0.1669,0.8402,-0.5267,7,14,5
2018-02-01,111,0.1049,0.802,-0.765,27,41,25
2018-02-02,77,0.1256,0.7717,-0.7845,13,47,19
2018-02-03,13,-0.1497,0.4019,-0.7717,4,4,5
2018-02-04,25,0.0711,0.5859,-0.4364,4,8,5
2018-02-05,26,-0.0228,0.6808,-0.6808,5,14,9
2018-02-06,71,0.0359,0.7783,-0.7425,15,38,23
2018-02-07,112,0.019,0.743,-0.8225,18,40,28
2018-02-08,66,0.1567,0.8225,-0.6369,16,31,13
2018-02-09,62,0.0206,0.7506,-0.6597,16,28,20
2018-02-10,41,-0.0265,0.4404,-0.7579,5,10,7
2018-02-11,23,-0.0148,0.4939,-0.5423,2,10,6
2018-02-12,77,0.1172,0.7964,-0.743,18,29,12
2018-02-13,42,0.0739,0.7684,-0.5994,9,18,10
2018-02-14,59,0.0796,0.6808,-0.9325,10,27,13
2018-02-15,65,-0.0527,0.5994,-0.7645,19,31,23
2018-02-16,58,0.0131,0.7269,-0.8225,12,22,14
2018-02-17,14,-0.1989,0.25,-0.5859,3,6,7
2018-02-18,22,-0.0113,0.5994,-0.7579,5,7,5
2018-02-19,47,-0.0015,0.6834,-0.7964,10,24,16
2018-02-20,56,-0.0945,0.7579,-0.8126,13,28,22
2018-02-21,54,0.0845,0.7783,-0.836,8,28,13
2018-02-22,48,0.0419,0.7096,-0.7184,9,27,15
2018-02-23,67,0.1182,0.8779,-0.7845,16,32,15
2018-02-24,23,-0.0968,0.6808,-0.7964,6,7,8
2018-02-25,16,-0.2053,0.4404,-0.7184,5,5,8
2018-02-26,70,0.082,0.7717,-0.8225,16,29,14
2018-02-27,43,0.0432,0.743,-0.8074,8,15,9
2018-02-28,59,-0.0122,0.7603,-0.8225,16,17,17
2018-03-01,83,0.0885,0.8074,-0.7717,18,45,26
2018-03-02,28,-0.0511,0.7184,-0.8779,9,9,10
2018-03-03,20,-0.2968,0.4588,-0.9169,8,7,11
2018-03-04,15,-0.0508,0.5994,-0.7723,4,7,5
2018-03-05,70,-0.067,0.6597,-0.8074,13,36,26
2018-03-06,63,-0.0095,0.7927,-0.8591,17,27,18
2018-03-07,80,-0.0621,0.7184,-0.8779,20,35,29
2018-03-08,59,0.0557,0.8074,-0.8555,21,20,16
2018-03-09,64,0.1163,0.8494,-0.7717,13,32,17
2018-03-10,15,-0.2118,0.6249,-0.8402,6,6,9
2018-03-11,18,-0.1511,0.6597,-0.8402,4,8,9
2018-03-12,58,0.194,0.8316,-0.6908,16,27,10
2018-03-13,58,0.0088,0.7506,-0.8658,14,29,21
2018-03-14,86,-0.0143,0.7935,-0.9287,18,40,28
2018-03-15,70,0.0716,0.7269,-0.7717,8,34,13
2018-03-16,61,0.0243,0.7885,-0.7717,10,30,19
2018-03-17,13,0.0789,0.4404,-0.4404,0,6,1
2018-03-18,12,-0.2024,0.3182,-0.5719,3,5,7
2018-03-19,55,-0.0027,0.8519,-0.8834,10,23,18
2018-03-20,43,0.0182,0.7964,-0.8221,9,17,12
2018-03-21,59,0.0851,0.7506,-0.8316,10,24,11
2018-03-22,76,-0.0025,0.8074,-0.8316,15,36,25
2018-03-23,84,-0.2945,0.7783,-0.8732,42,25,51
2018-03-24,23,-0.1592,0.765,-0.9201,14,6,13
2018-03-25,28,-0.0574,0.7964,-0.8316,18,8,14
2018-03-26,88,-0.0355,0.7096,-0.9042,25,35,31
2018-03-27,66,0.0036,0.802,-0.8591,23,20,19
2018-03-28,61,0.0421,0.8176,-0.8807,12,26,16
2018-03-29,48,0.0449,0.5859,-0.7096,6,22,11
2018-03-30,21,-0.1879,0.4404,-0.93,6,9,10
2018-03-31,7,0.0622,0.6222,-0.6369,3,3,2
2018-04-01,18,-0.0196,0.7096,-0.8519,4,6,6
2018-04-02,69,-0.0287,0.9081,-0.8481,13,26,23
2018-04-03,76,0.0286,0.7269,-0.875,22,33,20
2018-04-04,47,-0.0011,0.743,-0.8625,22,13,18
2018-04-05,124,-0.006,0.7579,-0.872,34,54,44
2018-04-06,88,-0.0519,0.8657,-0.8555,23,36,33
2018-04-07,16,-0.0866,0.6705,-0.9217,4,7,6
2018-04-08,16,0.0131,0.5106,-0.5994,2,3,2
2018-04-09,66,0.1092,0.836,-0.8805,15,35,15
2018-04-10,65,-0.0009,0.9136,-0.9371,25,23,23
2018-04-11,79,-0.0027,0.6808,-0.8779,19,41,27
2018-04-12,76,-0.0069,0.8591,-0.8591,22,28,23
2018-04-13,74,0.0983,0.836,-0.8316,20,29,18
2018-04-14,24,0.064,0.7964,-0.9106,8,7,5
2018-04-15,18,0.0459,0.6369,-0.5106,2,5,3
2018-04-16,31,0.0574,0.6369,-0.6249,7,21,13
2018-04-17,49,0.0302,0.7184,-0.8591,11,18,13
2018-04-18,79,0.069,0.9186,-0.8934,22,38,25
2018-04-19,74,0.0152,0.7783,-0.8316,20,36,24
2018-04-20,55,0.0406,0.7717,-0.7906,10,22,13
2018-04-21,16,-0.0227,0.6369,-0.4939,2,12,8
2018-04-22,22,0.1299,0.765,-0.5994,4,9,2
2018-04-23,60,0.0443,0.7906,-0.8555,11,30,14
2018-04-24,51,0.1064,0.7505,-0.836,15,20,12
2018-04-25,34,0.2137,0.765,-0.3182,7,18,5
2018-04-26,56,0.1149,0.8402,-0.9217,22,17,13
2018-04-27,50,0.0636,0.8442,-0.8431,11,25,14
2018-04-28,12,-0.0192,0.7003,-0.8126,5,5,5
2018-04-29,13,0.1317,0.6996,-0.5719,3,3,1
2018-04-30,43,0.2476,0.7865,-0.765,13,15,3
2018-05-01,25,0.1155,0.9081,-0.8225,12,7,7
2018-05-02,51,0.1206,0.7579,-0.6486,10,23,9
2018-05-03,53,0.0729,0.7717,-0.8402,11,29,15
2018-05-04,46,0.117,0.7269,-0.7579,7,22,8
2018-05-05,13,0.018,0.5994,-0.5563,4,6,5
2018-05-06,13,0.0641,0.63,-0.5859,3,3,2
2018-05-07,51,0.163,0.802,-0.8885,13,18,7
2018-05-08,56,0.0372,0.7845,-0.7351,15,26,18
2018-05-09,46,0.0715,0.8176,-0.5719,7,15,8
2018-05-10,57,0.0587,0.8294,-0.8481,20,19,15
2018-05-11,48,0.11,0.75,-0.6124,8,22,9
2018-05-12,12,0.1045,0.743,-0.3182,2,7,5
2018-05-13,21,0.0738,0.4588,-0.2263,0,7,1
2018-05-14,76,0.0814,0.8121,-0.6597,18,26,15
2018-05-15,47,-0.0082,0.659,-0.8126,9,21,15
2018-05-16,44,-0.054,0.6808,-0.8074,4,30,20
2018-05-17,55,-0.0594,0.6597,-0.836,19,19,22
2018-05-18,65,-0.101,0.6908,-0.9042,20,28,25
2018-05-19,13,-0.1404,0.4404,-0.8126,4,6,6
2018-05-20,21,-0.1289,0.7096,-0.8824,8,2,7
2018-05-21,51,-0.1628,0.6124,-0.8225,18,16,23
2018-05-22,64,0.0638,0.765,-0.7184,13,34,19
2018-05-23,57,0.1194,0.7184,-0.5267,6,33,11
2018-05-24,69,0.0598,0.7579,-0.7506,9,37,16
2018-05-25,47,0.0706,0.7579,-0.7906,9,25,15
2018-05-26,14,-0.0307,0.5106,-0.6249,3,6,5
2018-05-27,19,0.0844,0.7184,-0.8316,5,3,2
2018-05-28,47,0.0947,0.7269,-0.8402,15,19,9
2018-05-29,58,-0.0635,0.5994,-0.8779,9,28,21
2018-05-30,77,-0.0851,0.8271,-0.872,16,35,31
2018-05-31,49,0.0983,0.8399,-0.7003,13,14,10
2018-06-01,67,0.0131,0.802,-0.8225,19,27,20
2018-06-02,20,-0.0385,0.7964,-0.4767,2,11,9
2018-06-03,25,0.0476,0.7003,-0.7906,4,8,5
2018-06-04,66,0.0891,0.8176,-0.9349,10,22,8
2018-06-05,51,0.0641,0.802,-0.8519,6,22,9
2018-06-06,121,0.1042,0.7717,-0.7003,22,37,16
2018-06-07,68,0.1261,0.8591,-0.7845,18,28,14
2018-06-08,52,0.041,0.7579,-0.8779,14,25,17
2018-06-09,15,0.0204,0.5106,-0.5719,2,5,3
2018-06-10,15,-0.0715,0.6486,-0.6249,5,6,6
2018-06-11,71,0.0784,0.8402,-0.8074,14,33,18
2018-06-12,74,0.0976,0.7506,-0.765,17,28,15
2018-06-13,71,0.1515,0.7579,-0.7717,18,28,10
2018-06-14,70,0.0202,0.7269,-0.7906,15,33,21
2018-06-15,62,0.0169,0.8056,-0.6901,17,27,22
2018-06-16,23,-0.0391,0.8172,-0.886,7,12,10
2018-06-17,18,-0.103,0.5093,-0.886,6,7,6
2018-06-18,77,0.0297,0.8834,-0.872,20,34,26
2018-06-19,74,-0.1039,0.6908,-0.8402,23,20,25
2018-06-20,78,-0.0303,0.9466,-0.7717,24,27,27
2018-06-21,62,0.0282,0.6369,-0.836,10,27,15
2018-06-22,81,-0.0274,0.8316,-0.9118,19,40,31
2018-06-23,20,-0.0337,0.5719,-0.6476,4,5,5
2018-06-24,10,0.1213,0.8316,0.0,1,1,0
2018-06-25,32,-0.0007,0.7351,-0.9167,9,8,8
2018-06-26,54,-0.0331,0.6908,-0.872,15,24,19
2018-06-27,78,-0.0521,0.7351,-0.8126,21,36,29
2018-06-28,88,-0.0973,0.872,-0.8519,18,38,36
2018-06-29,78,-0.0037,0.7184,-0.8402,22,36,27
2018-06-30,13,-0.217,0.5719,-0.5994,5,3,7
2018-07-01,15,0.0814,0.7119,-0.886,5,5,4
2018-07-02,59,0.0042,0.7003,-0.8126,10,25,15
2018-07-03,78,0.1107,0.8271,-0.8979,23,33,19
2018-07-04,86,0.0681,0.875,-0.743,24,30,21
2018-07-05,60,0.0513,0.8074,-0.8591,17,17,12
2018-07-06,76,-0.0772,0.9175,-0.8885,32,26,31
2018-07-07,22,-0.0075,0.8986,-0.8316,9,8,8
2018-07-08,20,-0.0444,0.7351,-0.7717,6,9,8
2018-07-09,69,0.0274,0.7865,-0.8316,20,21,17
2018-07-10,32,0.1718,0.6486,-0.7964,8,16,5
2018-07-11,50,-0.0159,0.7906,-0.8126,19,16,17
2018-07-12,122,0.072,0.7865,-0.8225,36,61,36
2018-07-13,84,0.185,0.8689,-0.9053,24,37,12
2018-07-14,23,-0.1309,0.5267,-0.9062,8,9,10
2018-07-15,4,0.198,0.3182,0.0,0,3,0
2018-07-16,51,0.0691,0.6037,-0.5994,6,22,10
2018-07-17,73,0.0743,0.7783,-0.8126,7,29,9
2018-07-18,66,0.0438,0.7269,-0.7264,15,21,14
2018-07-19,54,0.0171,0.5994,-0.8316,9,27,14
2018-07-20,65,0.0694,0.7184,-0.7579,8,35,15
2018-07-21,11,-0.0904,0.34,-0.6908,2,4,4
2018-07-22,22,-0.0418,0.765,-0.765,3,8,7
2018-07-23,59,0.0677,0.765,-0.9169,20,23,16
2018-07-24,58,-0.0019,0.802,-0.8074,14,21,17
2018-07-25,57,0.1327,0.7876,-0.6705,17,15,10
2018-07-26,56,0.1606,0.8225,-0.5994,10,30,10
2018-07-27,44,0.1634,0.743,-0.6486,10,19,7
2018-07-28,13,0.2015,0.8225,-0.7003,4,5,2
2018-07-29,21,0.0106,0.7351,-0.6369,5,7,6
2018-07-30,39,0.0995,0.6705,-0.7003,7,20,9
2018-07-31,44,0.0471,0.743,-0.8126,9,20,10
2018-08-01,113,-0.0088,0.7096,-0.8641,17,37,26
2018-08-02,60,0.0182,0.7351,-0.8225,10,31,19
2018-08-03,50,0.0687,0.784,-0.7003,8,24,12
2018-08-04,9,-0.1194,0.7096,-0.5994,5,4,5
2018-08-05,22,-0.0353,0.5994,-0.7964,7,11,9
2018-08-06,52,0.0958,0.7339,-0.7964,13,24,12
2018-08-07,63,0.0428,0.6249,-0.765,10,30,16
2018-08-08,45,0.1608,0.743,-0.6705,14,17,10
2018-08-09,40,0.1525,0.8126,-0.7964,9,15,6
2018-08-10,44,0.0754,0.7579,-0.7579,10,20,10
2018-08-11,9,0.0337,0.6808,-0.6705,2,6,4
2018-08-12,15,-0.1208,0.4404,-0.765,4,6,6
2018-08-13,59,-0.0594,0.8126,-0.872,18,26,21
2018-08-14,79,0.0496,0.6908,-0.8834,15,39,21
2018-08-15,27,0.0986,0.8122,-0.872,8,7,5
2018-08-16,62,-0.0522,0.6956,-0.8271,15,35,27
2018-08-17,38,0.0466,0.802,-0.8074,11,18,14
2018-08-18,19,-0.0972,0.3018,-0.6249,2,6,5
2018-08-19,15,-0.0227,0.6738,-0.6369,4,6,4
2018-08-20,40,0.1259,0.9274,-0.7269,14,16,12
2018-08-21,51,0.0606,0.872,-0.8519,12,18,13
2018-08-22,18,-0.0133,0.8271,-0.7003,6,7,7
2018-08-23,45,-0.0416,0.7096,-0.8316,11,15,12
2018-08-24,51,0.011,0.872,-0.8555,14,24,17
2018-08-25,13,0.0372,0.5106,-0.5423,2,8,4
2018-08-26,15,-0.081,0.6249,-0.7579,7,4,6
2018-08-27,61,0.0575,0.872,-0.8225,15,24,15
2018-08-28,29,0.118,0.802,-0.765,8,14,7
2018-08-29,61,-0.0087,0.765,-0.8225,15,24,20
2018-08-30,58,0.1177,0.7783,-0.6124,9,36,16
2018-08-31,74,0.0088,0.743,-0.7717,18,38,25
2018-09-01,24,-0.1009,0.6369,-0.872,5,9,9
2018-09-02,19,-0.125,0.4588,-0.872,4,4,5
2018-09-03,63,0.1093,0.8957,-0.8625,12,34,17
2018-09-04,49,-0.006,0.8126,-0.8519,10,26,18
2018-09-05,80,-0.0572,0.7506,-0.7574,10,37,28
2018-09-06,71,-0.0292,0.7783,-0.8481,15,31,25
2018-09-07,61,-0.0615,0.7332,-0.8934,12,27,19
2018-09-08,19,-0.1481,0.4215,-0.8225,4,5,6
2018-09-09,19,0.1672,0.5574,-0.5994,4,7,2
2018-09-10,91,-0.08,0.7506,-0.7845,18,46,39
2018-09-11,72,-0.0182,0.8074,-0.8625,25,24,27
2018-09-12,70,0.0037,0.824,-0.7506,14,37,25
2018-09-13,44,-0.081,0.7003,-0.8074,8,21,16
2018-09-14,81,0.0093,0.7906,-0.7351,15,40,26
2018-09-15,21,0.001,0.743,-0.7783,4,12,9
2018-09-16,25,0.1263,0.5423,-0.6124,4,12,4
2018-09-17,89,0.0303,0.7269,-0.7377,15,34,21
2018-09-18,91,-0.0512,0.8442,-0.8115,23,38,32
2018-09-19,90,0.0189,0.8225,-0.7351,21,34,26
2018-09-20,74,-0.0171,0.743,-0.8225,22,36,31
2018-09-21,57,0.0894,0.8091,-0.7845,10,25,10
2018-09-22,13,0.072,0.824,-0.5994,4,6,4
2018-09-23,22,0.0045,0.6705,-0.743,4,10,8
2018-09-24,72,-0.0216,0.7096,-0.7906,13,30,21
2018-09-25,58,0.0114,0.7506,-0.9153,22,25,18
2018-09-26,71,-0.0412,0.6369,-0.7506,12,32,23
2018-09-27,72,0.0454,0.7063,-0.8957,13,32,16
2018-09-28,59,-0.0582,0.765,-0.836,14,32,28
2018-09-29,17,-0.0734,0.4767,-0.7964,4,9,7
2018-09-30,23,-0.078,0.6486,-0.7906,4,6,7
2018-10-01,58,0.0569,0.8613,-0.8779,11,20,13
2018-10-02,32,0.0907,0.8271,-0.5719,10,9,7
2018-10-03,64,0.0188,0.7003,-0.7579,16,35,24
2018-10-04,110,-0.0413,0.8429,-0.8555,20,53,39
2018-10-05,128,0.0183,0.8074,-0.8126,18,63,39
2018-10-06,24,-0.1027,0.7269,-0.7964,5,12,9
2018-10-07,30,-0.047,0.5106,-0.6249,4,15,11
2018-10-08,37,0.031,0.8122,-0.8352,8,14,9
2018-10-09,70,-0.033,0.8203,-0.8658,22,28,25
2018-10-10,55,0.0448,0.6908,-0.6808,13,27,16
2018-10-11,91,0.0009,0.8338,-0.8225,16,50,31
2018-10-12,71,0.0567,0.9042,-0.836,17,28,20
2018-10-13,17,0.1294,0.6486,-0.7256,5,9,4
2018-10-14,15,-0.0227,0.7506,-0.6369,2,9,6
2018-10-15,71,-0.0335,0.7579,-0.802,21,23,25
2018-10-16,63,0.1101,0.9186,-0.8271,16,22,15
2018-10-17,59,0.1035,0.9062,-0.765,19,25,17
2018-10-18,27,0.0508,0.7345,-0.7783,5,11,6
2018-10-19,43,-0.0102,0.765,-0.8271,8,20,15
2018-10-20,18,0.1562,0.4588,-0.4767,0,12,2
2018-10-21,21,-0.1359,0.4588,-0.8834,4,6,8
2018-10-22,56,0.0007,0.7964,-0.7351,12,21,18
2018-10-23,49,-0.0612,0.7003,-0.7096,14,24,22
2018-10-24,73,0.0611,0.7184,-0.765,18,37,23
2018-10-25,71,0.0153,0.9222,-0.8126,11,38,24
2018-10-26,72,0.0898,0.765,-0.6124,15,38,19
2018-10-27,17,-0.0326,0.7635,-0.8225,2,9,7
2018-10-28,17,-0.0971,0.5106,-0.6249,2,7,7
2018-10-29,80,0.0585,0.7269,-0.891,15,44,23
2018-10-30,91,-0.0671,0.7096,-0.8225,18,36,33
2018-10-31,97,0.0971,0.8176,-0.7783,24,35,20
2018-11-01,70,0.0628,0.7783,-0.6486,10,39,19
2018-11-02,74,0.0496,0.8519,-0.7845,19,28,22
2018-11-03,19,0.1511,0.743,-0.5423,3,9,3
2018-11-04,42,0.0144,0.6705,-0.8126,5,13,7
2018-11-05,73,-0.0599,0.8074,-0.8316,21,19,24
2018-11-06,69,0.0867,0.7574,-0.7906,10,37,14
2018-11-07,36,0.047,0.9027,-0.8126,11,14,11
2018-11-08,30,0.1151,0.7964,-0.5994,8,16,8
2018-11-09,56,-0.0322,0.9062,-0.8271,16,26,24
2018-11-10,21,-0.0566,0.8591,-0.7717,6,12,11
2018-11-11,37,-0.0408,0.6249,-0.7579,5,12,10
2018-11-12,59,0.0119,0.7717,-0.7003,12,32,22
2018-11-13,53,0.0096,0.7579,-0.7506,12,26,17
2018-11-14,70,-0.0176,0.802,-0.8225,19,32,26
2018-11-15,65,-0.0261,0.6486,-0.765,14,35,26
2018-11-16,48,0.1143,0.886,-0.5106,10,22,10
2018-11-17,13,0.0255,0.7783,-0.9081,3,8,5
2018-11-18,46,-0.1001,0.4939,-0.8625,10,19,16
2018-11-19,76,0.0659,0.7269,-0.6908,13,41,21
2018-11-20,83,0.0474,0.7096,-0.7579,23,35,26
2018-11-21,59,0.1375,0.8591,-0.6808,14,32,17
2018-11-22,63,0.0128,0.8779,-0.8201,17,24,18
2018-11-23,38,-0.0152,0.802,-0.807,8,17,10
2018-11-24,20,0.0227,0.6908,-0.5719,6,3,4
2018-11-25,13,0.1593,0.6369,-0.4588,2,4,1
2018-11-26,58,0.0526,0.765,-0.7783,18,19,15
2018-11-27,68,-0.0286,0.8074,-0.8591,18,23,25
2018-11-28,60,0.0423,0.8816,-0.875,11,25,17
2018-11-29,64,0.094,0.8689,-0.8074,16,24,15
2018-11-30,56,0.031,0.765,-0.8316,14,18,12
2018-12-01,15,-0.0234,0.8225,-0.7506,4,6,5
2018-12-02,31,-0.0274,0.6908,-0.5994,6,15,12
2018-12-03,71,0.0492,0.7964,-0.8225,13,25,16
2018-12-04,72,0.0901,0.7269,-0.765,8,45,18
2018-12-05,109,0.0678,0.7184,-0.6124,16,46,26
2018-12-06,93,-0.0338,0.6705,-0.8271,16,56,39
2018-12-07,51,-0.041,0.4767,-0.7717,5,30,19
2018-12-08,16,-0.0452,0.6249,-0.8074,4,9,7
2018-12-09,17,0.1585,0.6705,-0.6908,8,3,3
2018-12-10,99,-0.038,0.7717,-0.6486,13,58,40
2018-12-11,78,0.0095,0.6808,-0.7876,14,39,28
2018-12-12,96,0.0604,0.8176,-0.7906,18,34,21
2018-12-13,83,0.133,0.8316,-0.7845,19,39,14
2018-12-14,59,-0.0008,0.7783,-0.7088,8,24,16
2018-12-15,12,0.042,0.7906,-0.5994,4,5,5
2018-12-16,15,-0.1446,0.5719,-0.8316,5,8,8
2018-12-17,63,0.0884,0.7269,-0.9001,11,25,11
2018-12-18,61,-0.0647,0.5994,-0.875,14,28,23
2018-12-19,62,0.07,0.765,-0.6249,9,35,20
2018-12-20,60,0.0015,0.7964,-0.8689,18,19,16
2018-12-21,56,-0.0753,0.765,-0.743,8,30,25
2018-12-22,17,-0.143,0.6369,-0.7184,4,5,6
2018-12-23,26,-0.0524,0.3818,-0.8126,4,10,7
2018-12-24,48,0.054,0.7579,-0.802,15,22,14
2018-12-25,22,-0.1114,0.7003,-0.7579,6,9,10
2018-12-26,70,0.0095,0.765,-0.8442,16,34,23
2018-12-27,3,-0.1953,0.0,-0.5859,1,0,1
2018-12-28,8,-0.0596,0.3818,-0.5859,1,5,3
2018-12-29,1,0.6249,0.6249,0.6249,1,0,0
2018-12-30,2,-0.0078,0.5267,-0.5423,2,0,1
2018-12-31,9,-0.031,0.4939,-0.7906,2,4,3
2019-01-01,41,0.0987,0.7964,-0.6249,8,16,7
2019-01-02,46,0.0676,0.8074,-0.743,12,17,11
2019-01-03,61,0.0513,0.872,-0.5719,11,26,14
2019-01-04,54,0.0573,0.8176,-0.7783,14,21,15
2019-01-05,7,0.0202,0.296,-0.4019,0,6,2
2019-01-06,27,-0.1882,0.7781,-0.872,13,9,15
2019-01-07,61,0.0055,0.8957,-0.872,16,30,22
2019-01-08,58,0.0907,0.6597,-0.765,10,22,8
2019-01-09,49,0.0731,0.765,-0.7096,9,21,13
2019-01-10,62,0.0401,0.7579,-0.7579,8,35,20
2019-01-11,41,-0.0639,0.6841,-0.7645,9,17,14
2019-01-12,5,0.1165,0.3818,-0.2732,0,5,2
2019-01-13,14,-0.1643,0.3182,-0.5994,4,2,5
2019-01-14,61,0.0431,0.8246,-0.8834,15,28,22
2019-01-15,51,0.2592,0.8531,-0.5023,17,18,6
2019-01-16,49,0.132,0.8074,-0.6124,7,23,7
2019-01-17,45,0.0367,0.8591,-0.7351,13,18,13
2019-01-18,47,-0.0219,0.7269,-0.6597,12,19,17
2019-01-19,19,0.0405,0.6486,-0.6597,5,6,5
2019-01-20,13,0.0399,0.4215,-0.5719,1,5,2
2019-01-21,32,0.003,0.7783,-0.8316,8,15,10
2019-01-22,39,0.1311,0.802,-0.765,11,15,8
2019-01-23,38,0.1419,0.802,-0.8402,11,12,6
2019-01-24,50,0.0905,0.7003,-0.6249,12,22,13
2019-01-25,41,0.1075,0.765,-0.8074,11,19,12
2019-01-26,5,-0.1018,0.2263,-0.7351,1,1,1
2019-01-27,17,-0.0185,0.7717,-0.4767,1,7,5
2019-01-28,39,0.08,0.7717,-0.6597,7,20,9
2019-01-29,47,-0.0102,0.802,-0.9136,13,20,16
2019-01-30,42,0.1184,0.7351,-0.7906,16,14,10
2019-01-31,52,0.0788,0.7845,-0.6555,13,19,12
2019-02-01,65,0.1851,0.8126,-0.5574,18,30,14
2019-02-02,14,0.015,0.4767,-0.5106,1,8,3
2019-02-03,13,-0.1002,0.4404,-0.8316,2,3,4
2019-02-04,45,0.0232,0.7717,-0.7003,11,18,15
2019-02-05,34,0.0425,0.891,-0.7096,12,14,14
2019-02-06,57,0.1299,0.836,-0.6249,19,17,11
2019-02-07,107,0.112,0.875,-0.7579,18,70,31
2019-02-08,58,-0.0167,0.6428,-0.7096,13,30,22
2019-02-09,12,-0.0413,0.5106,-0.6369,2,8,6
2019-02-10,10,0.287,0.7034,-0.1779,2,5,1
2019-02-11,41,0.0908,0.9062,-0.7269,10,21,12
2019-02-12,44,0.034,0.8074,-0.5719,8,23,14
2019-02-13,52,0.0631,0.765,-0.6369,15,19,15
2019-02-14,34,-0.0413,0.8316,-0.7717,9,15,15
2019-02-15,30,0.11,0.802,-0.7579,11,12,7
2019-02-16,12,-0.2305,0.3818,-0.7783,3,7,7
2019-02-17,17,-0.0981,0.5319,-0.8519,5,8,6
2019-02-18,59,-0.0726,0.765,-0.9001,16,23,26
2019-02-19,32,0.1469,0.8126,-0.7906,6,15,6
2019-02-20,39,0.0556,0.8625,-0.7906,14,16,13
2019-02-21,45,0.1472,0.802,-0.6124,10,23,11
2019-02-22,36,0.0311,0.5994,-0.7579,4,23,13
2019-02-23,6,0.2064,0.6908,-0.2732,1,3,1
2019-02-24,9,-0.0099,0.5106,-0.5994,2,0,1
2019-02-25,40,0.0149,0.7184,-0.8402,13,20,15
2019-02-26,24,-0.1194,0.5994,-0.836,6,12,11
2019-02-27,46,-0.0452,0.8126,-0.7964,14,22,18
2019-02-28,39,0.0182,0.7351,-0.8126,12,11,11
2019-03-01,49,0.1592,0.8091,-0.765,13,20,8
2019-03-02,12,-0.2616,0.1027,-0.6486,2,7,8
2019-03-03,3,-0.0754,0.0,-0.2263,0,1,1
2019-03-04,18,0.0353,0.6486,-0.6124,6,6,6
2019-03-05,40,0.1164,0.8074,-0.6249,8,21,10
2019-03-06,37,0.1309,0.9062,-0.6369,8,16,9
2019-03-07,36,0.1011,0.784,-0.7096,10,13,9
2019-03-08,28,0.0425,0.6808,-0.4404,1,19,9
2019-03-09,7,-0.0599,0.7579,-0.5719,2,3,4
2019-03-10,6,-0.1594,0.3818,-0.5719,2,3,4
2019-03-11,51,-0.0368,0.9081,-0.7789,13,22,21
2019-03-12,49,0.0702,0.7184,-0.7184,9,22,13
2019-03-13,45,0.0451,0.7096,-0.8519,10,19,14
2019-03-14,49,0.1133,0.891,-0.6249,10,13,7
2019-03-15,50,0.1202,0.8591,-0.6705,16,18,12
2019-03-16,10,0.0077,0.6166,-0.5994,2,4,3
2019-03-17,20,-0.0852,0.7845,-0.6486,4,6,7
2019-03-18,40,0.0334,0.6908,-0.765,10,15,12
2019-03-19,41,0.0912,0.8519,-0.7351,7,14,6
2019-03-20,28,0.0733,0.8074,-0.7096,3,12,4
2019-03-21,9,-0.1843,0.4404,-0.6249,2,4,5
2019-03-22,36,0.1462,0.8126,-0.5719,10,17,9
2019-03-23,11,0.0545,0.4926,-0.6229,1,6,2
2019-03-24,17,0.0748,0.6486,-0.6293,4,9,5
2019-03-25,42,0.0027,0.7184,-0.6808,5,19,12
2019-03-26,42,0.0584,0.7269,-0.8402,14,16,11
2019-03-27,32,0.0737,0.8074,-0.7269,10,12,9
2019-03-28,39,0.0951,0.7351,-0.7351,12,12,9
2019-03-29,34,0.1682,0.8455,-0.8074,13,15,8
2019-03-30,14,-0.1991,0.296,-0.7096,2,9,8
2019-03-31,10,0.0266,0.6096,-0.2732,1,3,2
2019-04-01,38,0.1872,0.6908,-0.5719,7,13,2
2019-04-02,69,0.0235,0.8074,-0.8126,14,30,21
2019-04-03,42,0.0721,0.765,-0.3182,6,14,9
2019-04-04,99,0.0053,0.7842,-0.7845,12,55,33
2019-04-05,58,0.0407,0.9062,-0.9287,17,21,18
2019-04-06,14,0.0869,0.6597,-0.6597,3,7,4
2019-04-07,11,-0.1739,0.0,-0.7003,3,1,4
2019-04-08,52,0.0944,0.836,-0.6249,14,18,11
2019-04-09,45,0.0657,0.75,-0.7003,5,26,12
2019-04-10,37,-0.0233,0.7906,-0.5994,9,20,16
2019-04-11,31,0.0622,0.8519,-0.802,7,13,9
2019-04-12,42,-0.0084,0.5267,-0.5994,5,18,12
2019-04-13,17,0.0808,0.5994,-0.6808,4,7,4
2019-04-14,14,-0.0382,0.34,-0.6705,1,5,3
2019-04-15,45,0.1134,0.8316,-0.5994,7,15,6
2019-04-16,34,0.1392,0.6908,-0.5423,6,9,3
2019-04-17,22,0.0313,0.6597,-0.7889,5,8,6
2019-04-18,30,0.0638,0.7269,-0.6705,5,18,11
2019-04-19,19,0.067,0.7096,-0.5994,5,10,6
2019-04-20,8,0.17,0.8176,0.0,2,0,0
2019-04-21,17,0.1962,0.6597,-0.8807,5,8,3
2019-04-22,37,0.0918,0.802,-0.5719,9,16,10
2019-04-23,42,0.1111,0.8126,-0.7906,8,19,8
2019-04-24,51,0.133,0.8591,-0.765,14,26,11
2019-04-25,51,0.1112,0.7845,-0.8176,8,32,12
2019-04-26,41,0.0811,0.8986,-0.7096,12,18,11
2019-04-27,10,0.2188,0.7579,-0.3328,2,6,2
2019-04-28,7,0.0852,0.4019,-0.5719,1,5,2
2019-04-29,28,0.0531,0.7964,-0.765,7,14,8
2019-04-30,43,0.1025,0.8091,-0.7096,12,20,12
2019-05-01,26,-0.0062,0.8271,-0.7906,7,7,8
2019-05-02,35,0.0972,0.765,-0.7579,10,18,12
2019-05-03,33,-0.0288,0.8316,-0.7717,8,11,9
2019-05-04,15,0.0825,0.5319,-0.4019,1,10,4
2019-05-05,8,0.0715,0.5719,0.0,1,0,0
2019-05-06,49,-0.0001,0.6124,-0.8126,11,29,18
2019-05-07,64,0.0113,0.6908,-0.8316,15,28,17
2019-05-08,48,-0.0663,0.6908,-0.7717,9,23,21
2019-05-09,54,0.0877,0.8442,-0.875,15,26,17
2019-05-10,44,-0.0559,0.8074,-0.7717,11,17,15
2019-05-11,13,0.0264,0.7096,-0.7096,4,3,3
2019-05-12,14,-0.4257,0.3818,-0.8316,8,5,11
2019-05-13,61,-0.0307,0.802,-0.8316,21,23,24
2019-05-14,60,-0.2427,0.6369,-0.872,23,29,39
2019-05-15,38,0.0735,0.743,-0.6908,11,20,11
2019-05-16,42,0.0837,0.7269,-0.8126,15,13,10
2019-05-17,47,0.0043,0.8986,-0.8074,14,20,16
2019-05-18,10,-0.1005,0.6908,-0.8189,3,2,3
2019-05-19,24,0.1362,0.7579,-0.5994,11,5,6
2019-05-20,40,0.2265,0.9246,-0.8316,16,17,9
2019-05-21,34,0.1153,0.7717,-0.765,12,12,7
2019-05-22,45,0.1004,0.7506,-0.891,9,18,5
2019-05-23,42,0.1611,0.7579,-0.765,21,12,11
2019-05-24,48,0.2023,0.872,-0.7906,22,16,12
2019-05-25,22,-0.0136,0.6705,-0.802,5,12,7
2019-05-26,14,0.1522,0.6369,-0.5994,3,8,3
2019-05-27,34,0.0754,0.8455,-0.8126,9,19,9
2019-05-28,46,0.1328,0.8625,-0.714,15,21,12
2019-05-29,54,-0.0941,0.7184,-0.7897,10,29,24
2019-05-30,50,-0.0498,0.7003,-0.8519,19,23,23
2019-05-31,35,0.0526,0.7717,-0.7783,10,18,12
2019-06-01,9,-0.2951,0.3818,-0.6124,4,3,6
2019-06-02,21,-0.0034,0.5719,-0.8934,5,13,7
2019-06-03,67,0.079,0.891,-0.8481,29,28,21
2019-06-04,70,0.0601,0.7783,-0.7906,17,34,22
2019-06-05,30,0.1197,0.8225,-0.5994,12,13,8
2019-06-06,105,-0.1032,0.836,-0.8705,26,48,48
2019-06-07,58,0.0168,0.75,-0.7351,19,23,21
2019-06-08,30,0.1045,0.872,-0.6369,8,15,8
2019-06-09,19,-0.0933,0.7717,-0.8519,8,3,7
2019-06-10,20,-0.0554,0.6908,-0.6779,9,4,7
2019-06-11,29,0.01,0.8658,-0.9136,9,10,8
2019-06-12,28,-0.0161,0.7269,-0.6249,7,11,9
2019-06-13,45,0.035,0.6037,-0.7579,7,22,12
2019-06-14,76,-0.021,0.8455,-0.8225,14,34,26
2019-06-15,9,-0.035,0.7351,-0.7269,3,3,3
2019-06-16,8,-0.334,0.0,-0.68,3,2,5
2019-06-17,30,-0.0447,0.5106,-0.8548,7,16,12
2019-06-18,53,0.0701,0.7351,-0.765,9,24,12
2019-06-19,65,-0.0205,0.8176,-0.836,12,30,23
2019-06-20,46,0.0419,0.8126,-0.6249,9,18,9
2019-06-21,39,-0.0003,0.6369,-0.5994,10,18,13
2019-06-22,23,0.0456,0.7297,-0.7579,3,10,5
2019-06-23,19,-0.2105,0.0,-0.5994,2,8,10
2019-06-24,71,0.0138,0.8316,-0.6808,13,34,26
2019-06-25,36,0.1265,0.7269,-0.5677,7,21,9
2019-06-26,61,0.0932,0.7184,-0.8176,13,30,16
2019-06-27,42,0.0776,0.8,-0.8126,6,19,9
2019-06-28,53,-0.0413,0.8126,-0.7906,12,23,19
2019-06-29,27,-0.0714,0.6369,-0.7096,6,14,12
2019-06-30,10,-0.1604,0.6249,-0.7964,3,5,6
2019-07-01,41,-0.0449,0.743,-0.8316,14,15,17
2019-07-02,46,0.0664,0.8271,-0.7003,11,19,12
2019-07-03,65,0.1019,0.8228,-0.6249,15,27,14
2019-07-04,55,0.1139,0.7906,-0.6705,11,25,15
2019-07-05,93,0.0827,0.8176,-0.8176,20,37,19
2019-07-06,24,0.0799,0.6486,-0.6124,4,13,6
2019-07-07,13,0.1103,0.6249,-0.5994,3,3,1
2019-07-08,38,0.0249,0.8316,-0.7506,5,17,10
2019-07-09,52,0.0132,0.7555,-0.7783,7,29,19
2019-07-10,55,0.035,0.8256,-0.836,9,27,16
2019-07-11,40,0.0293,0.8519,-0.7506,7,23,14
2019-07-12,74,0.0483,0.7574,-0.9413,19,33,22
2019-07-13,17,0.0486,0.6249,-0.6597,2,10,5
2019-07-14,8,-0.0035,0.7964,-0.8126,2,4,3
2019-07-15,32,0.1755,0.7269,-0.5267,9,16,7
2019-07-16,42,0.0233,0.8074,-0.9001,14,16,14
2019-07-17,35,0.043,0.7456,-0.7096,12,10,7
2019-07-18,48,0.1981,0.765,-0.8392,17,16,9
2019-07-19,47,0.052,0.7269,-0.7351,5,29,13
2019-07-20,12,0.088,0.7739,-0.7579,3,1,1
2019-07-21,12,0.0951,0.4588,-0.2732,0,8,2
2019-07-22,55,0.0905,0.7003,-0.6249,11,29,15
2019-07-23,43,0.0439,0.8126,-0.802,10,17,12
2019-07-24,36,0.1593,0.6124,-0.6249,4,26,8
2019-07-25,42,0.1173,0.8091,-0.765,8,24,10
2019-07-26,38,0.031,0.8668,-0.6369,10,17,12
2019-07-27,14,-0.01,0.4404,-0.4588,0,9,5
2019-07-28,21,0.0911,0.7579,-0.5719,2,6,2
2019-07-29,65,0.0336,0.8176,-0.891,14,27,17
2019-07-30,28,0.0395,0.872,-0.7351,8,12,9
2019-07-31,36,0.0648,0.8387,-0.8402,8,20,10
2019-08-01,68,0.0115,0.8567,-0.7845,11,37,24
2019-08-02,93,-0.0079,0.6901,-0.9042,19,45,30
2019-08-03,26,0.045,0.8176,-0.7269,5,13,6
2019-08-04,13,-0.1428,0.3818,-0.6369,2,6,6
2019-08-05,39,-0.1061,0.7269,-0.8402,8,23,17
2019-08-06,46,-0.0384,0.891,-0.8225,20,21,22
2019-08-07,121,0.0256,0.6808,-0.8957,21,73,38
2019-08-08,76,0.0189,0.7184,-0.8555,16,36,23
2019-08-09,31,-0.0242,0.8316,-0.8591,9,17,13
2019-08-10,12,0.0316,0.4019,-0.4588,0,10,4
2019-08-11,15,-0.1377,0.5423,-0.8779,5,6,7
2019-08-12,60,-0.0293,0.7964,-0.8934,12,23,18
2019-08-13,66,-0.0547,0.8979,-0.8074,10,34,26
2019-08-14,66,-0.0246,0.7269,-0.8442,19,30,25
2019-08-15,23,-0.0267,0.5106,-0.872,6,13,8
2019-08-16,67,0.0063,0.824,-0.7906,20,26,23
2019-08-17,15,0.0838,0.743,-0.5994,3,6,3
2019-08-18,29,0.1861,0.8272,-0.6369,6,12,4
2019-08-19,26,0.1786,0.6908,-0.7724,5,12,3
2019-08-20,38,0.0912,0.8176,-0.7701,11,15,8
2019-08-21,47,-0.0065,0.7783,-0.8481,12,22,15
2019-08-22,61,-0.0429,0.7456,-0.8126,16,23,24
2019-08-23,75,0.0979,0.8402,-0.7783,21,37,22
2019-08-24,5,0.0951,0.7003,-0.5994,4,1,2
2019-08-25,23,-0.0558,0.6486,-0.7717,8,6,7
2019-08-26,68,0.0458,0.836,-0.8225,24,22,20
2019-08-27,92,0.055,0.8591,-0.886,29,35,26
2019-08-28,65,0.0118,0.9124,-0.7717,13,32,25
2019-08-29,50,0.1183,0.7845,-0.7906,11,23,10
2019-08-30,67,0.1057,0.8316,-0.7269,15,33,15
2019-08-31,33,0.1356,0.7906,-0.5574,5,18,7
2019-09-01,17,-0.1692,0.431,-0.7717,4,8,9
2019-09-02,42,-0.0742,0.7845,-0.8316,14,17,18
2019-09-03,63,-0.0157,0.8271,-0.8316,22,26,21
2019-09-04,62,0.1418,0.8442,-0.8271,19,26,12
2019-09-05,59,0.1368,0.8256,-0.8807,19,25,13
2019-09-06,36,0.0253,0.5719,-0.8207,10,14,10
2019-09-07,13,-0.1039,0.2263,-0.5994,1,7,7
2019-09-08,18,-0.0969,0.4019,-0.8126,5,8,7
2019-09-09,44,-0.0033,0.7783,-0.8481,21,17,19
2019-09-10,31,-0.0713,0.802,-0.8442,7,13,13
2019-09-11,38,0.0375,0.7603,-0.6808,11,14,9
2019-09-12,55,0.0441,0.8591,-0.7717,14,25,16
2019-09-13,47,-0.0278,0.7783,-0.8625,12,22,18
2019-09-14,12,0.1328,0.6808,-0.4019,1,8,3
2019-09-15,11,-0.0157,0.4588,-0.7096,1,4,2
2019-09-16,51,-0.124,0.6908,-0.886,17,20,23
2019-09-17,37,-0.0568,0.7579,-0.9042,12,15,15
2019-09-18,45,-0.0275,0.7003,-0.8176,12,16,14
2019-09-19,67,-0.0035,0.8176,-0.9153,21,25,22
2019-09-20,79,0.1468,0.8402,-0.5719,17,42,16
2019-09-21,25,-0.0245,0.6908,-0.8658,6,11,9
2019-09-22,29,-0.0387,0.5574,-0.7184,5,18,13
2019-09-23,36,0.1327,0.7096,-0.5574,7,20,9
2019-09-24,48,0.0892,0.7845,-0.6369,12,18,11
2019-09-25,49,0.0531,0.8091,-0.8591,11,15,10
2019-09-26,55,0.1253,0.836,-0.7783,7,24,6
2019-09-27,39,0.0902,0.8689,-0.6369,7,22,8
2019-09-28,12,0.1395,0.8143,-0.5994,3,3,1
2019-09-29,25,-0.0931,0.4019,-0.6249,1,10,10
2019-09-30,81,0.0172,0.7297,-0.8625,21,42,29
2019-10-01,71,0.047,0.8091,-0.5994,9,39,18
2019-10-02,23,-0.0822,0.6369,-0.8176,8,9,10
2019-10-03,54,-0.1279,0.8091,-0.8442,21,22,26
2019-10-04,102,-0.0294,0.765,-0.8316,22,55,41
2019-10-05,20,0.0645,0.6369,-0.6908,3,12,6
2019-10-06,16,-0.0379,0.6808,-0.6369,2,7,5
2019-10-07,43,0.0443,0.8455,-0.8807,16,17,13
2019-10-08,17,0.0138,0.8126,-0.6808,6,7,6
2019-10-09,47,0.0557,0.8271,-0.8807,15,14,11
2019-10-10,69,-0.0295,0.6705,-0.6326,11,38,28
2019-10-11,49,0.0324,0.8176,-0.7269,18,17,17
2019-10-12,11,-0.0829,0.3254,-0.5994,1,6,4
2019-10-13,20,-0.0532,0.9042,-0.836,4,5,5
2019-10-14,59,0.1289,0.6908,-0.765,11,29,11
2019-10-15,55,0.044,0.8091,-0.8807,20,17,15
2019-10-16,48,0.0521,0.8176,-0.8126,15,22,15
2019-10-17,40,0.0086,0.872,-0.765,13,12,12
2019-10-18,40,0.1012,0.8668,-0.6808,11,19,13
2019-10-19,17,-0.0431,0.8316,-0.5574,5,6,6
2019-10-20,13,-0.0311,0.5719,-0.5994,3,5,5
2019-10-21,31,-0.0608,0.6858,-0.7184,8,16,16
2019-10-22,47,0.1334,0.8575,-0.7003,13,19,10
2019-10-23,29,0.0422,0.8481,-0.6249,10,14,12
2019-10-24,37,0.0472,0.6808,-0.8316,12,20,11
2019-10-25,26,0.1443,0.7269,-0.4019,2,13,3
2019-10-26,11,0.1612,0.4854,-0.4654,0,8,1
2019-10-27,10,0.1019,0.7644,-0.5423,3,4,2
2019-10-28,11,0.2157,0.5267,-0.5994,3,5,1
2019-10-29,48,0.1662,0.8074,-0.7579,13,18,8
2019-10-30,41,0.0781,0.7506,-0.7778,10,16,9
2019-10-31,64,0.119,0.9236,-0.872,12,35,18
2019-11-01,45,0.0623,0.8481,-0.9022,11,23,16
2019-11-02,18,0.1084,0.7906,-0.5423,2,9,4
2019-11-03,16,0.0181,0.5719,-0.5994,5,2,3
2019-11-04,55,0.1987,0.8868,-0.836,19,17,10
2019-11-05,32,0.0277,0.8091,-0.8625,9,12,8
2019-11-06,46,0.0504,0.7269,-0.7845,10,21,12
2019-11-07,60,0.1514,0.8091,-0.7096,17,23,9
2019-11-08,49,-0.0286,0.8563,-0.8562,9,23,16
2019-11-09,12,-0.2401,0.6124,-0.8313,6,4,7
2019-11-10,10,-0.136,0.4019,-0.7717,3,2,3
2019-11-11,36,-0.0139,0.8316,-0.765,10,17,14
2019-11-12,22,-0.0806,0.5423,-0.8779,5,9,9
2019-11-13,37,0.0112,0.6808,-0.7096,8,16,12
2019-11-14,63,-0.0124,0.8494,-0.8705,14,30,24
2019-11-15,31,0.1847,0.8442,-0.6249,12,10,6
2019-11-16,12,-0.1012,0.4215,-0.6597,2,6,5
2019-11-17,9,-0.0415,0.3612,-0.7351,1,1,1
2019-11-18,48,0.0732,0.8271,-0.8126,7,23,11
2019-11-19,47,0.0169,0.8126,-0.7684,11,24,16
2019-11-20,52,-0.07,0.8074,-0.8126,10,24,21
2019-11-21,45,0.1051,0.7096,-0.8074,8,17,7
2019-11-22,42,-0.0311,0.6249,-0.8834,7,19,13
2019-11-23,7,0.2521,0.7783,-0.6249,3,4,1
2019-11-24,10,0.0282,0.3818,-0.2023,0,3,1
2019-11-25,37,0.204,0.8091,-0.5719,12,11,5
2019-11-26,40,0.0941,0.8176,-0.802,12,15,11
2019-11-27,38,0.2472,0.9022,-0.5719,8,19,5
2019-11-28,48,0.1069,0.8091,-0.5994,9,22,11
2019-11-29,53,0.0602,0.7783,-0.8834,10,30,14
2019-11-30,14,-0.005,0.5994,-0.6705,5,5,5
2019-12-01,23,0.204,0.7351,-0.5994,5,10,2
2019-12-02,28,0.1224,0.8091,-0.6597,4,19,6
2019-12-03,47,0.0873,0.6908,-0.7717,13,15,11
2019-12-04,33,0.0564,0.7783,-0.7003,11,12,9
2019-12-05,119,0.0045,0.7269,-0.7717,21,63,41
2019-12-06,55,0.0563,0.8091,-0.6381,12,21,16
2019-12-07,19,0.0627,0.7845,-0.5994,6,7,6
2019-12-08,11,0.0062,0.6486,-0.5994,2,3,2
2019-12-09,38,0.0887,0.7297,-0.6597,16,9,10
2019-12-10,47,0.0756,0.8986,-0.9313,14,19,12
2019-12-11,54,0.144,0.8402,-0.6486,16,22,12
2019-12-12,46,0.0861,0.8091,-0.7964,10,21,11
2019-12-13,49,0.0939,0.9175,-0.9506,14,18,12
2019-12-14,15,-0.016,0.7269,-0.5994,5,6,5
2019-12-15,8,-0.0635,0.4588,-0.6705,1,2,2
2019-12-16,55,0.1035,0.8658,-0.8402,16,18,11
2019-12-17,50,0.1123,0.7783,-0.8316,14,16,9
2019-12-18,41,0.1475,0.8658,-0.743,14,17,10
2019-12-19,44,0.0889,0.8091,-0.5423,7,19,9
2019-12-20,41,0.0772,0.8455,-0.5994,8,12,7
2019-12-21,16,0.0453,0.4019,-0.6705,1,14,5
2019-12-22,13,0.1234,0.4019,-0.7783,1,7,1
2019-12-23,39,0.1258,0.8091,-0.7184,10,20,11
2019-12-24,44,0.0369,0.8192,-0.7845,14,17,14
2019-12-25,8,-0.3829,0.0,-0.8176,3,3,6
2019-12-26,43,0.1332,0.7964,-0.7906,11,19,8
2019-12-27,12,0.0041,0.6597,-0.6808,3,7,5
2019-12-28,4,-0.0177,0.3506,-0.4215,0,2,1
2019-12-29,3,0.2259,0.3818,0.0,0,2,0
2019-12-30,6,0.0144,0.7003,-0.3182,1,2,2
2019-12-31,8,0.2077,0.7003,-0.0772,2,2,1
2020-01-01,43,0.1043,0.8316,-0.7814,11,11,7
2020-01-02,38,0.0651,0.6908,-0.5994,5,20,8
2020-01-03,32,0.2184,0.8555,-0.6124,14,10,6
2020-01-04,20,-0.0551,0.6808,-0.836,4,11,7
2020-01-05,11,0.0487,0.4939,-0.7506,2,6,2
2020-01-06,49,-0.0825,0.7579,-0.8074,15,18,19
2020-01-07,41,0.0884,0.872,-0.7906,15,17,11
2020-01-08,43,-0.0923,0.6486,-0.8402,10,20,17
2020-01-09,43,0.134,0.8455,-0.7959,12,18,10
2020-01-10,47,0.1181,0.8689,-0.8074,13,20,12
2020-01-11,10,0.0343,0.5423,-0.666,2,3,2
2020-01-12,6,-0.1174,0.5965,-0.5106,2,4,4
2020-01-13,59,0.1607,0.8126,-0.8271,26,15,12
2020-01-14,80,0.0779,0.836,-0.7184,10,42,16
2020-01-15,44,-0.0113,0.743,-0.7964,12,21,17
2020-01-16,45,0.1103,0.7717,-0.6696,8,20,7
2020-01-17,46,0.1204,0.765,-0.7003,8,21,11
2020-01-18,8,0.1413,0.7096,-0.3626,1,3,1
2020-01-19,10,0.1204,0.4648,-0.3818,0,5,1
2020-01-20,42,0.047,0.7906,-0.7845,14,11,9
2020-01-21,47,0.0522,0.7003,-0.8074,8,31,15
2020-01-22,49,0.0084,0.7717,-0.7992,6,27,16
2020-01-23,48,0.181,0.7717,-0.8689,15,21,9
2020-01-24,50,0.1594,0.6908,-0.5719,10,22,8
2020-01-25,19,0.1917,0.6908,-0.4019,5,7,3
2020-01-26,13,-0.1007,0.4019,-0.5719,4,6,6
2020-01-27,53,0.0822,0.6597,-0.6705,7,33,16
2020-01-28,42,0.0166,0.7579,-0.6124,7,15,11
2020-01-29,35,0.216,0.7579,-0.6808,11,18,6
2020-01-30,58,0.1317,0.694,-0.6705,10,26,10
2020-01-31,26,0.2054,0.7603,-0.5994,7,11,3
2020-02-01,97,0.0702,0.8271,-0.7227,22,47,30
2020-02-02,30,0.0604,0.5994,-0.5255,2,13,4
2020-02-03,68,0.0091,0.7184,-0.7184,5,36,21
2020-02-04,67,0.052,0.7003,-0.8316,12,27,16
2020-02-05,47,0.1899,0.743,-0.4939,9,24,9
2020-02-06,121,0.2094,0.91,-0.7269,30,53,19
2020-02-07,59,0.073,0.743,-0.7003,13,34,22
2020-02-08,20,0.168,0.8481,-0.6908,5,11,4
2020-02-09,10,0.3374,0.5994,0.0,5,2,0
2020-02-10,53,0.0225,0.743,-0.8591,12,25,17
2020-02-11,49,0.1861,0.8519,-0.6249,14,20,8
2020-02-12,50,0.0897,0.7184,-0.8553,7,18,7
2020-02-13,55,0.1164,0.8271,-0.891,10,28,11
2020-02-14,48,0.1103,0.8455,-0.3612,9,14,9
2020-02-15,23,0.0508,0.6369,-0.5423,2,13,6
2020-02-16,11,-0.0574,0.3818,-0.6249,2,4,3
2020-02-17,42,0.0917,0.6808,-0.6808,6,20,9
2020-02-18,40,0.161,0.8442,-0.5423,7,18,4
2020-02-19,38,0.2128,0.8091,-0.5859,11,18,6
2020-02-20,60,0.0227,0.7783,-0.6249,11,25,18
2020-02-21,15,0.0908,0.836,-0.2755,1,3,1
2020-02-22,11,-0.1059,0.4404,-0.5267,1,7,6
2020-02-23,13,0.1549,0.824,-0.25,3,4,2
2020-02-24,53,0.0306,0.802,-0.8074,14,22,16
2020-02-25,31,0.1145,0.8885,-0.6249,6,18,8
2020-02-26,64,0.0343,0.7269,-0.7845,8,39,23
2020-02-27,53,0.0737,0.7269,-0.743,12,29,16
2020-02-28,76,-0.0948,0.7579,-0.802,20,38,32
2020-02-29,7,0.1664,0.4404,-0.0772,0,4,1
2020-03-01,15,0.0429,0.6369,-0.296,1,4,2
2020-03-02,49,0.0291,0.7579,-0.8225,11,30,18
2020-03-03,49,0.0972,0.7269,-0.7096,11,23,13
2020-03-04,76,-0.0036,0.8834,-0.7003,16,41,27
2020-03-05,66,0.1696,0.8941,-0.8481,24,29,16
2020-03-06,82,0.1076,0.9068,-0.8481,34,38,31
2020-03-07,23,0.1241,0.8442,-0.8481,11,7,5
2020-03-08,12,0.0055,0.6523,-0.6597,4,5,5
2020-03-09,96,-0.042,0.8091,-0.8957,41,46,44
2020-03-10,14,-0.1803,0.6808,-0.8885,8,4,8
2020-03-11,60,0.0547,0.765,-0.8225,21,23,20
2020-03-12,94,-0.0397,0.7269,-0.8225,26,44,38
2020-03-13,84,0.0188,0.8225,-0.91,25,42,32
2020-03-14,27,-0.0649,0.5994,-0.8316,9,15,15
2020-03-15,14,-0.2049,0.4404,-0.7783,3,6,7
2020-03-16,115,-0.0106,0.8331,-0.8807,34,52,46
2020-03-17,62,0.0125,0.7269,-0.8271,12,34,22
2020-03-18,78,0.0184,0.8074,-0.8625,22,38,23
2020-03-19,79,-0.0497,0.8176,-0.8126,19,39,33
2020-03-20,94,-0.0303,0.8555,-0.8481,24,38,30
2020-03-21,34,-0.1292,0.8074,-0.8658,9,17,17
2020-03-22,15,-0.0457,0.5994,-0.7624,3,8,6
2020-03-23,75,-0.0509,0.7739,-0.8625,17,27,25
2020-03-24,93,0.003,0.8225,-0.7506,22,43,33
2020-03-25,101,0.0488,0.7783,-0.8225,27,46,29
2020-03-26,89,0.0915,0.8555,-0.8316,15,46,22
2020-03-27,137,0.0647,0.8519,-0.8934,19,80,40
2020-03-28,48,-0.0462,0.7269,-0.8074,11,25,20
2020-03-29,33,-0.0695,0.4939,-0.886,6,14,11
2020-03-30,97,-0.0274,0.7269,-0.8481,23,42,30
2020-03-31,90,0.0338,0.8091,-0.872,18,49,30
2020-04-01,90,-0.0618,0.8074,-0.9201,22,46,40
2020-04-02,77,-0.0586,0.7003,-0.936,24,28,29
2020-04-03,84,-0.0363,0.891,-0.8625,12,49,37
2020-04-04,36,0.0152,0.5574,-0.765,6,20,13
2020-04-05,47,-0.0264,0.7506,-0.6486,9,20,16
2020-04-06,51,-0.0321,0.7003,-0.8271,8,25,20
2020-04-07,88,0.0139,0.8519,-0.8481,22,35,25
2020-04-08,85,0.098,0.7269,-0.7003,19,33,18
2020-04-09,104,0.0165,0.7783,-0.7964,23,59,39
2020-04-10,72,-0.0619,0.7783,-0.7906,13,32,26
2020-04-11,25,0.0331,0.6908,-0.9246,8,13,9
2020-04-12,25,-0.1042,0.6808,-0.6486,5,10,10
2020-04-13,130,0.0152,0.7906,-0.8689,26,59,40
2020-04-14,88,0.0079,0.7034,-0.6249,8,45,24
2020-04-15,120,0.033,0.8555,-0.802,18,55,31
2020-04-16,82,0.0594,0.7574,-0.6597,14,40,22
2020-04-17,162,0.0793,0.8286,-0.7506,47,65,43
2020-04-18,47,-0.0149,0.7351,-0.6808,6,23,14
2020-04-19,39,0.0932,0.8442,-0.6249,11,18,11
2020-04-20,107,0.1084,0.8316,-0.8807,28,45,23
2020-04-21,79,-0.128,0.7269,-0.9217,28,35,37
2020-04-22,88,0.0016,0.8225,-0.8979,23,37,26
2020-04-23,86,0.1051,0.8271,-0.8519,22,42,19
2020-04-24,104,0.0225,0.8668,-0.8225,29,40,29
2020-04-25,51,-0.0218,0.5106,-0.8271,5,27,17
2020-04-26,30,0.0051,0.888,-0.6249,4,18,12
2020-04-27,89,0.1319,0.8271,-0.7506,30,38,26
2020-04-28,97,0.0594,0.7783,-0.7003,27,37,28
2020-04-29,89,0.0728,0.8126,-0.8555,24,37,26
2020-04-30,116,0.1195,0.7783,-0.8402,26,62,26
2020-05-01,68,-0.0027,0.7269,-0.7845,20,24,20
2020-05-02,38,-0.0044,0.8271,-0.7003,8,14,10
2020-05-03,41,0.0565,0.6369,-0.5994,7,21,10
2020-05-04,108,0.0231,0.7845,-0.9186,33,40,31
2020-05-05,83,0.014,0.8074,-0.802,25,35,31
2020-05-06,61,0.0242,0.8602,-0.8122,17,24,19
2020-05-07,76,-0.025,0.7906,-0.802,18,41,31
2020-05-08,77,0.0608,0.8779,-0.6996,19,33,21
2020-05-09,39,-0.0695,0.8176,-0.7506,11,12,15
2020-05-10,30,-0.0241,0.5994,-0.743,7,16,11
2020-05-11,27,0.0538,0.6597,-0.743,3,10,5
2020-05-12,69,0.0123,0.8271,-0.7335,20,33,23
2020-05-13,106,0.0678,0.8658,-0.8807,26,37,24
2020-05-14,91,0.0868,0.7964,-0.765,18,46,23
2020-05-15,81,0.0227,0.8555,-0.7964,16,27,20
2020-05-16,35,0.1095,0.7184,-0.6808,10,15,8
2020-05-17,39,-0.0478,0.8374,-0.8957,9,15,13
2020-05-18,92,0.0342,0.7783,-0.8779,15,37,24
2020-05-19,83,0.0411,0.8658,-0.7579,15,43,26
2020-05-20,80,0.0557,0.7506,-0.8225,19,38,25
2020-05-21,61,0.0641,0.8316,-0.8402,20,22,16
2020-05-22,133,-0.0617,0.7964,-0.8807,36,68,61
2020-05-23,39,-0.1108,0.7096,-0.8176,6,19,15
2020-05-24,34,-0.0284,0.6705,-0.8074,6,16,11
2020-05-25,42,0.0876,0.7906,-0.7964,14,19,13
2020-05-26,55,0.0443,0.7269,-0.8074,19,19,16
2020-05-27,88,-0.0214,0.7964,-0.926,27,34,31
2020-05-28,66,0.0788,0.7603,-0.6249,20,20,16
2020-05-29,84,0.0643,0.7269,-0.6652,11,43,22
2020-05-30,42,0.0244,0.7533,-0.8555,12,22,13
2020-05-31,27,0.1132,0.6808,-0.5267,3,14,4
2020-06-01,69,0.0898,0.8555,-0.8126,16,27,14
2020-06-02,70,0.0532,0.743,-0.91,19,31,23
2020-06-03,55,-0.0101,0.8176,-0.765,14,22,20
2020-06-04,70,0.0254,0.7783,-0.802,18,35,23
2020-06-05,72,0.0575,0.7964,-0.7906,17,31,17
2020-06-06,30,-0.075,0.6597,-0.7003,4,14,11
2020-06-07,34,-0.0039,0.6908,-0.5859,2,10,5
2020-06-08,62,0.0212,0.7501,-0.8957,10,31,18
2020-06-09,76,0.0159,0.7269,-0.8349,25,36,29
2020-06-10,65,-0.0215,0.7351,-0.8225,19,35,30
2020-06-11,70,0.0287,0.7351,-0.8126,19,36,27
2020-06-12,59,0.0988,0.891,-0.4767,9,28,13
2020-06-13,42,-0.096,0.6808,-0.9062,10,14,14
2020-06-14,28,-0.0092,0.7579,-0.7003,7,9,7
2020-06-15,61,0.0047,0.6096,-0.861,12,27,17
2020-06-16,67,-0.0235,0.8074,-0.836,19,23,21
2020-06-17,52,0.1299,0.6908,-0.6908,12,24,11
2020-06-18,74,0.0137,0.8442,-0.7351,20,28,23
2020-06-19,57,0.073,0.8256,-0.7184,13,20,13
2020-06-20,18,0.176,0.7964,-0.3612,5,3,2
2020-06-21,31,-0.1759,0.4767,-0.7845,7,12,15
2020-06-22,63,-0.0266,0.7269,-0.8555,16,25,21
2020-06-23,60,0.1032,0.8555,-0.8957,15,32,16
2020-06-24,68,0.0834,0.8207,-0.7845,23,25,20
2020-06-25,54,-0.0522,0.7845,-0.8807,21,19,22
2020-06-26,59,0.0396,0.802,-0.836,13,23,17
2020-06-27,26,0.0134,0.6369,-0.6908,6,11,7
2020-06-28,25,-0.0461,0.6486,-0.7184,5,8,8
2020-06-29,66,0.005,0.775,-0.8591,12,28,22
2020-06-30,76,0.0787,0.8537,-0.7475,21,30,20
2020-07-01,70,0.0975,0.7269,-0.8271,19,28,16
2020-07-02,47,0.1438,0.8316,-0.6249,11,26,11
2020-07-03,50,0.0849,0.891,-0.7964,12,21,11
2020-07-04,18,-0.1056,0.8074,-0.743,4,5,6
2020-07-05,30,-0.0196,0.4404,-0.6249,2,11,6
2020-07-06,61,0.1441,0.7783,-0.6124,17,15,9
2020-07-07,64,0.1275,0.8256,-0.9245,19,25,14
2020-07-08,66,0.1817,0.8555,-0.6249,15,31,10
2020-07-09,73,0.1044,0.7783,-0.8658,19,26,15
2020-07-10,59,0.0378,0.8126,-0.8402,16,19,17
2020-07-11,38,0.0535,0.5574,-0.4939,3,15,7
2020-07-12,32,0.0206,0.4767,-0.5719,3,18,10
2020-07-13,74,0.127,0.8176,-0.7351,15,31,14
2020-07-14,81,0.0206,0.8047,-0.8555,16,33,21
2020-07-15,70,0.0866,0.8126,-0.891,13,28,13
2020-07-16,74,0.1357,0.7964,-0.7197,15,31,15
2020-07-17,57,0.045,0.7003,-0.6249,14,21,14
2020-07-18,25,0.1087,0.6597,-0.5423,5,7,4
2020-07-19,20,0.0337,0.7345,-0.5994,2,9,5
2020-07-20,52,0.1333,0.8555,-0.7096,14,22,10
2020-07-21,67,0.1609,0.7906,-0.5267,16,26,11
2020-07-22,92,0.1278,0.7717,-0.8316,22,31,16
2020-07-23,70,0.1682,0.8316,-0.6249,12,33,10
2020-07-24,62,-0.0189,0.7269,-0.91,17,29,24
2020-07-25,31,-0.028,0.7269,-0.8225,7,8,8
2020-07-26,26,0.055,0.5719,-0.4939,2,14,6
2020-07-27,65,0.1038,0.7096,-0.7506,13,30,15
2020-07-28,97,0.094,0.8519,-0.794,17,39,20
2020-07-29,63,0.0581,0.8265,-0.7184,13,30,18
2020-07-30,64,0.1074,0.8578,-0.6249,10,37,18
2020-07-31,86,0.0793,0.7269,-0.6808,15,52,25
2020-08-01,23,0.1465,0.7003,-0.5859,5,14,5
2020-08-02,34,0.0442,0.6124,-0.6705,3,20,10
2020-08-03,60,0.1086,0.8074,-0.5574,9,32,15
2020-08-04,66,0.1584,0.8519,-0.8481,17,30,12
2020-08-05,68,0.0101,0.9022,-0.7622,8,38,23
2020-08-06,130,0.0638,0.8176,-0.8442,18,65,33
2020-08-07,67,0.1021,0.7351,-0.6369,12,40,20
2020-08-08,35,0.0219,0.6908,-0.8779,8,19,12
2020-08-09,22,-0.0278,0.6841,-0.7783,3,12,8
2020-08-10,49,0.2097,0.7269,-0.6249,13,20,6
2020-08-11,66,0.0287,0.743,-0.6597,12,27,19
2020-08-12,52,0.0457,0.7579,-0.6908,5,27,13
2020-08-13,54,0.0726,0.8176,-0.7506,9,24,12
2020-08-14,91,0.0373,0.8074,-0.802,16,47,26
2020-08-15,13,0.0974,0.4576,-0.5432,1,7,2
2020-08-16,20,-0.1131,0.5859,-0.6249,3,7,8
2020-08-17,66,0.0841,0.7096,-0.7959,11,29,15
2020-08-18,53,0.162,0.7269,-0.5994,11,23,9
2020-08-19,60,0.097,0.743,-0.8519,12,27,11
2020-08-20,67,0.0791,0.7506,-0.5574,14,30,19
2020-08-21,62,0.0948,0.7269,-0.743,14,24,13
2020-08-22,17,0.0159,0.4939,-0.7717,1,6,3
2020-08-23,18,0.0688,0.5267,-0.6249,2,6,1
2020-08-24,42,0.1429,0.8176,-0.6808,21,10,11
2020-08-25,85,0.032,0.6908,-0.6908,13,40,23
2020-08-26,72,0.0842,0.8934,-0.7003,16,33,19
2020-08-27,80,0.0734,0.8519,-0.8176,18,37,20
2020-08-28,58,0.1245,0.8126,-0.8225,16,22,12
2020-08-29,21,0.0525,0.6808,-0.4939,1,11,5
2020-08-30,27,0.0412,0.5719,-0.4019,2,11,4
2020-08-31,81,0.0227,0.8591,-0.8467,23,30,23
2020-09-01,59,0.1243,0.8074,-0.9325,11,24,10
2020-09-02,61,0.1216,0.891,-0.5267,15,27,17
2020-09-03,56,0.019,0.8176,-0.872,12,23,15
2020-09-04,56,0.1084,0.8689,-0.8718,12,27,12
2020-09-05,31,0.0192,0.7527,-0.6705,11,11,11
2020-09-06,31,0.0928,0.7351,-0.8074,8,11,6
2020-09-07,79,0.1172,0.8816,-0.8126,19,31,14
2020-09-08,80,0.0146,0.8555,-0.8074,18,31,24
2020-09-09,68,0.0814,0.8555,-0.6249,13,24,15
2020-09-10,78,0.089,0.8516,-0.7096,16,30,16
2020-09-11,64,0.1423,0.8481,-0.7964,18,20,11
2020-09-12,19,0.0541,0.7845,-0.7783,3,9,6
2020-09-13,23,0.1098,0.6808,-0.8689,3,12,3
2020-09-14,69,0.0893,0.7717,-0.7964,14,26,12
2020-09-15,72,0.1712,0.7096,-0.5859,21,30,12
2020-09-16,61,0.0541,0.7783,-0.7351,18,21,18
2020-09-17,53,0.1527,0.7506,-0.6914,19,22,13
2020-09-18,73,0.0695,0.7579,-0.8555,12,35,15
2020-09-19,28,0.1232,0.7672,-0.5859,4,15,5
2020-09-20,19,0.0465,0.8176,-0.5994,3,9,6
2020-09-21,75,0.0542,0.6908,-0.8625,20,32,18
2020-09-22,81,0.0426,0.7456,-0.765,11,41,22
2020-09-23,68,0.0572,0.7964,-0.6597,15,18,12
2020-09-24,62,-0.0249,0.8481,-0.8225,16,22,20
2020-09-25,38,0.1547,0.9117,-0.8591,10,19,8
2020-09-26,12,0.1408,0.5423,-0.5859,3,6,2
2020-09-27,30,0.0239,0.5994,-0.6249,2,10,5
2020-09-28,53,0.158,0.8176,-0.5574,12,19,7
2020-09-29,40,0.1415,0.6705,-0.5574,12,16,7
2020-09-30,38,0.0937,0.6486,-0.6597,7,13,5
2020-10-01,62,0.1216,0.7269,-0.6597,13,24,10
2020-10-02,28,0.2301,0.7579,-0.4215,10,7,3
2020-10-03,7,0.1064,0.5574,-0.3182,2,2,2
2020-10-04,29,0.0101,0.6956,-0.7506,11,7,10
2020-10-05,40,0.0838,0.7096,-0.6249,10,17,9
2020-10-06,48,0.1676,0.8074,-0.4019,10,21,9
2020-10-07,61,0.1568,0.8957,-0.8126,15,26,9
2020-10-08,61,0.0846,0.765,-0.7845,14,24,14
2020-10-09,21,0.123,0.8658,-0.7964,8,5,5
2020-10-10,23,0.0936,0.4574,-0.4404,0,13,2
2020-10-11,10,0.0069,0.5423,-0.7717,3,4,3
2020-10-12,35,0.1683,0.7543,-0.8442,12,7,4
2020-10-13,51,0.1079,0.743,-0.6597,16,21,12
2020-10-14,53,0.0745,0.7906,-0.6597,13,19,12
2020-10-15,48,0.023,0.5978,-0.7901,4,25,12
2020-10-16,18,0.1248,0.7269,-0.3612,3,6,3
2020-10-17,14,0.1399,0.7906,-0.296,1,6,2
2020-10-18,22,0.0895,0.7783,-0.4939,2,11,5
2020-10-19,22,0.1446,0.7096,-0.6369,8,7,4
2020-10-21,39,0.0394,0.6908,-0.8519,8,19,11
2020-10-22,31,0.1784,0.7096,-0.5719,11,10,6
2020-10-23,14,0.1583,0.765,-0.5994,5,5,4
2020-10-24,6,0.3715,0.7096,0.0,2,2,0
2020-10-25,21,0.077,0.7672,-0.6124,4,5,3
2020-10-26,33,0.1795,0.6841,-0.765,7,19,5
2020-10-27,33,0.2256,0.836,-0.6249,11,12,5
2020-10-28,56,0.0191,0.7579,-0.7906,11,30,18
2020-10-29,46,0.036,0.802,-0.7964,11,24,17
2020-10-30,28,0.1091,0.765,-0.5719,3,17,6
2020-10-31,5,0.2003,0.6249,-0.128,1,3,1
2020-11-01,21,0.0621,0.8225,-0.6597,3,9,4
2020-11-02,36,0.1451,0.8957,-0.5162,7,14,5
2020-11-03,33,0.0899,0.7783,-0.4019,2,17,7
2020-11-04,31,0.0793,0.6908,-0.5574,5,15,8
2020-11-05,45,0.1475,0.802,-0.4939,7,17,5
2020-11-06,13,0.0929,0.6908,-0.3612,1,3,1
2020-11-07,8,0.0203,0.7269,-0.5574,3,4,3
2020-11-08,20,0.1814,0.7778,0.0,2,8,0
2020-11-09,48,0.2373,0.8689,-0.7003,14,17,4
2020-11-10,26,0.1857,0.7906,-0.5719,8,11,6
2020-11-11,29,0.1431,0.6908,-0.5859,6,9,3
2020-11-12,34,0.0325,0.8074,-0.7783,4,21,10
2020-11-13,10,0.1553,0.7712,-0.6597,3,3,1
2020-11-14,7,-0.0022,0.659,-0.6344,3,2,2
2020-11-15,9,0.0086,0.0772,0.0,0,1,0
2020-11-16,27,0.1097,0.7579,-0.6249,3,11,4
2020-11-17,24,0.0163,0.4215,-0.6705,1,14,6
2020-11-18,69,0.0969,0.7964,-0.5106,10,31,17
2020-11-19,73,0.0591,0.8591,-0.7003,13,34,21
2020-11-20,55,0.1009,0.802,-0.7269,14,20,10
2020-11-21,23,0.0112,0.6597,-0.7717,4,15,10
2020-11-22,16,0.0463,0.6908,-0.4588,2,9,6
2020-11-23,48,0.2522,0.8225,-0.5106,16,16,6
2020-11-24,70,0.0863,0.8074,-0.8532,14,29,15
2020-11-25,57,0.1525,0.7906,-0.8126,11,24,9
2020-11-26,60,0.1029,0.7351,-0.7506,9,27,12
2020-11-27,38,0.0788,0.802,-0.7579,10,12,9
2020-11-28,27,0.05,0.5106,-0.701,2,12,4
2020-11-29,23,0.1453,0.6486,0.0,1,8,0
2020-11-30,45,0.0532,0.7003,-0.8316,9,21,12
2020-12-01,64,0.0887,0.7579,-0.4404,6,28,10
2020-12-02,47,0.061,0.8126,-0.5267,5,19,8
2020-12-03,62,0.1737,0.765,-0.4144,12,27,9
2020-12-04,118,0.1444,0.7906,-0.5994,19,46,17
2020-12-05,26,0.1174,0.8402,-0.7783,6,13,6
2020-12-06,37,0.0924,0.743,-0.7096,4,20,5
2020-12-07,44,0.2331,0.8271,-0.6249,9,22,4
2020-12-08,60,0.0888,0.7783,-0.6597,8,24,10
2020-12-09,61,0.1946,0.891,-0.6249,17,29,12
2020-12-10,65,0.1017,0.8294,-0.5725,9,26,12
2020-12-11,43,0.151,0.7003,-0.5719,10,19,8
2020-12-12,14,0.1619,0.5106,-0.4215,1,8,1
2020-12-13,17,-0.1504,0.4588,-0.7845,5,5,7
2020-12-14,72,0.0691,0.7351,-0.7935,9,35,17
2020-12-15,63,0.0823,0.7717,-0.5574,7,32,13
2020-12-16,69,0.1104,0.8126,-0.6249,14,26,10
2020-12-17,59,0.1139,0.8834,-0.5719,11,27,13
2020-12-18,65,0.1189,0.7096,-0.6808,14,27,10
2020-12-19,22,0.1735,0.8519,-0.6124,6,9,3
2020-12-20,32,0.0671,0.7906,-0.6908,7,10,6
2020-12-21,67,0.087,0.8074,-0.8442,15,33,16
2020-12-22,60,0.0608,0.8176,-0.6808,12,31,18
2020-12-23,46,0.1519,0.8176,-0.6124,9,23,7
2020-12-24,56,0.1258,0.7351,-0.5574,10,26,12
2020-12-25,28,0.047,0.5719,-0.6808,3,15,7
2020-12-26,16,-0.0504,0.6249,-0.5859,3,3,4
2020-12-27,20,-0.0167,0.5719,-0.3875,1,11,6
2020-12-28,44,0.0773,0.7096,-0.7579,13,14,9
2020-12-29,63,0.182,0.7351,-0.6908,22,24,11
2020-12-30,50,0.0648,0.6486,-0.6808,10,25,13
2020-12-31,46,0.2041,0.8779,-0.5719,8,26,6
2021-01-01,34,0.1534,0.6908,-0.6662,7,12,3
2021-01-02,13,-0.12,0.2144,-0.5106,1,5,5
2021-01-03,19,-0.0414,0.4767,-0.6662,1,8,6
2021-01-04,47,0.1282,0.8455,-0.8074,6,17,4
2021-01-05,43,0.1243,0.8689,-0.4404,4,24,7
2021-01-06,49,0.0776,0.7684,-0.6705,10,16,10
2021-01-07,43,0.0404,0.6908,-0.6597,7,21,13
2021-01-08,49,0.1366,0.7184,-0.5994,13,11,5
2021-01-09,20,0.0121,0.4767,-0.7269,3,12,6
2021-01-10,30,0.0871,0.8487,-0.5267,4,11,6
2021-01-11,30,0.0852,0.7269,-0.7579,6,11,5
2021-01-12,34,0.106,0.6369,-0.7096,6,17,7
2021-01-13,50,0.121,0.8126,-0.6597,11,16,7
2021-01-14,55,0.0575,0.6249,-0.8957,10,24,11
2021-01-15,47,0.1174,0.7579,-0.8225,11,25,12
2021-01-16,18,0.0665,0.5423,-0.5423,4,6,3
2021-01-17,15,0.0518,0.8091,-0.6249,2,5,2
2021-01-18,65,0.0407,0.7096,-0.7351,8,21,11
2021-01-19,61,0.0936,0.926,-0.8225,15,23,13
2021-01-20,51,0.0981,0.7269,-0.6597,9,20,6
2021-01-21,60,0.1681,0.8176,-0.7096,14,20,8
2021-01-22,59,0.1719,0.8074,-0.5411,11,25,8
2021-01-23,24,0.1183,0.6705,-0.6249,5,10,4
2021-01-24,20,0.0337,0.5994,-0.6249,5,9,6
2021-01-25,55,0.1092,0.8591,-0.7184,6,25,7
2021-01-26,24,-0.0073,0.5423,-0.7184,4,12,7
2021-01-27,36,0.1065,0.6705,-0.5106,4,19,6
2021-01-28,66,0.1415,0.7783,-0.765,11,33,10
2021-01-29,114,0.1508,0.872,-0.8225,21,50,18
2021-01-30,29,0.0316,0.8316,-0.8225,7,9,7
2021-01-31,16,0.1146,0.6369,-0.6249,2,6,2
2021-02-01,71,0.1064,0.8271,-0.6597,12,30,12
2021-02-02,53,0.0806,0.7906,-0.6124,9,22,11
2021-02-03,50,0.2167,0.8074,-0.8271,15,15,5
2021-02-04,52,0.2289,0.8316,-0.4215,10,24,5
2021-02-05,79,0.2179,0.8481,-0.3612,11,37,5
2021-02-06,29,0.0611,0.6841,-0.7506,8,16,12
2021-02-07,23,0.1569,0.7184,-0.3182,3,13,3
2021-02-08,47,0.1736,0.7845,-0.6369,12,23,9
2021-02-09,54,0.1427,0.743,-0.5719,5,29,7
2021-02-10,42,0.1775,0.8979,-0.6249,4,24,6
2021-02-11,56,0.1169,0.7096,-0.8519,10,20,9
2021-02-12,67,0.1347,0.7845,-0.7906,16,33,14
2021-02-13,17,0.0792,0.6369,-0.4215,1,9,4
2021-02-14,18,0.056,0.6249,-0.6249,2,5,2
2021-02-15,54,0.0747,0.7184,-0.7096,7,23,12
2021-02-16,40,0.0604,0.8074,-0.6249,7,15,8
2021-02-17,41,0.0852,0.8126,-0.743,6,18,7
2021-02-18,56,0.0143,0.8402,-0.8225,7,25,13
2021-02-19,38,0.053,0.743,-0.7964,7,16,9
2021-02-20,12,-0.0031,0.4019,-0.4404,0,6,3
2021-02-21,17,-0.0472,0.5106,-0.7906,4,8,6
2021-02-22,53,0.0602,0.6486,-0.7096,8,28,13
2021-02-23,52,0.0665,0.743,-0.8176,9,19,8
2021-02-24,43,0.1563,0.8081,-0.34,5,17,3
2021-02-25,41,0.1376,0.8176,-0.7003,8,14,5
2021-02-26,57,-0.0532,0.7096,-0.7783,11,24,20
2021-02-27,17,0.0799,0.4215,-0.2732,0,7,1
2021-02-28,5,0.0661,0.2023,0.0,0,2,0
2021-03-01,31,0.1007,0.7351,-0.6369,8,12,7
2021-03-02,8,0.1653,0.5423,-0.3182,1,4,1
2021-03-03,28,0.1264,0.6908,-0.5719,5,16,6
2021-03-04,25,0.0445,0.6124,-0.4404,2,11,6
2021-03-05,23,0.1095,0.5859,-0.4019,1,14,4
2021-03-06,9,0.149,0.5106,0.0,1,3,0
2021-03-07,2,0.7094,0.7184,0.7003,2,0,0
2021-03-08,23,0.0559,0.8779,-0.6124,7,9,8
2021-03-09,24,0.0016,0.5994,-0.5719,3,9,6
2021-03-10,22,0.1018,0.5719,-0.5719,3,10,4
2021-03-11,20,0.0783,0.5994,-0.3818,1,9,4
2021-03-12,27,0.02,0.6249,-0.4767,2,11,6
2021-03-13,11,0.0999,0.3818,-0.0516,0,5,1
2021-03-14,17,-0.0741,0.3818,-0.5719,1,7,5
2021-03-15,47,0.024,0.7717,-0.8126,5,24,12
2021-03-16,19,0.1178,0.8481,-0.3089,3,5,2
2021-03-17,25,0.0128,0.6486,-0.5994,4,9,5
2021-03-18,37,0.0599,0.6705,-0.6249,6,16,8
2021-03-19,42,0.0145,0.6808,-0.6486,9,17,10
2021-03-20,12,0.0642,0.6808,-0.6369,3,5,4
2021-03-21,11,0.0792,0.6116,-0.5719,5,3,3
2021-03-22,6,0.005,0.5994,-0.5106,2,2,2
2021-03-23,13,0.0764,0.8402,-0.5719,2,6,2
2021-03-24,30,0.0598,0.6808,-0.7096,7,16,9
2021-03-25,41,0.0244,0.8591,-0.8316,11,20,13
2021-03-26,25,-0.0292,0.875,-0.7579,7,10,10
2021-03-27,13,0.1068,0.6369,-0.6249,2,6,2
2021-03-28,18,-0.0144,0.4767,-0.7351,2,5,3
2021-03-29,15,0.0328,0.7351,-0.7096,4,8,6
2021-03-30,22,0.055,0.7096,-0.6369,6,9,6
2021-03-31,31,0.0824,0.7096,-0.8176,7,13,8
2021-04-01,26,0.0651,0.743,-0.5994,3,12,6
2021-04-02,17,0.1106,0.6249,-0.4019,1,8,2
2021-04-03,10,-0.0549,0.4404,-0.7906,2,5,3
2021-04-04,20,0.0371,0.6808,-0.5719,3,4,3
2021-04-05,49,-0.0439,0.7003,-0.7096,6,25,18
2021-04-06,16,0.0032,0.7297,-0.4389,2,5,4
2021-04-07,72,0.0592,0.7096,-0.5848,9,37,19
2021-04-08,39,0.0599,0.8402,-0.636,9,20,14
2021-04-09,25,-0.0041,0.5574,-0.765,4,11,6
2021-04-10,15,0.0539,0.8225,-0.3818,2,4,3
2021-04-11,2,-0.0766,0.0,-0.1531,0,1,1
2021-04-12,27,0.012,0.7096,-0.6249,4,16,10
2021-04-13,29,0.1466,0.802,-0.6486,9,11,8
2021-04-14,26,-0.0975,0.5106,-0.6344,4,14,12
2021-04-15,38,-0.0513,0.7964,-0.8399,8,18,15
2022-01-01,34,0.0524,0.6597,-0.9131,8,10,7
2022-01-02,35,-0.0305,0.624,-0.7964,4,17,12
2022-01-03,84,0.0741,0.7096,-0.7184,15,27,15
2022-01-04,113,0.1041,0.7579,-0.6486,15,40,15
2022-01-05,87,0.0803,0.765,-0.8126,15,35,18
2022-01-06,119,0.088,0.836,-0.7506,23,51,24
2022-01-07,98,0.0608,0.765,-0.7965,23,35,22
2022-01-08,58,0.0134,0.6808,-0.8074,13,23,18
2022-01-09,52,0.0387,0.802,-0.7184,18,9,11
2022-01-10,96,0.0626,0.8555,-0.6361,17,39,21
2022-01-11,94,0.0752,0.7579,-0.7425,13,40,17
2022-01-12,99,0.1032,0.8126,-0.6486,17,36,15
2022-01-13,99,0.1001,0.8519,-0.6361,18,37,16
2022-01-14,93,0.0983,0.7906,-0.7579,18,40,18
2022-01-15,34,0.0036,0.7184,-0.6808,7,14,11
2022-01-16,38,0.0816,0.7351,-0.6808,6,12,6
2022-01-17,100,0.0591,0.91,-0.7635,25,34,22
2022-01-18,110,0.0479,0.802,-0.8271,17,33,17
2022-01-19,104,0.0077,0.6908,-0.6908,16,51,30
2022-01-20,119,0.1412,0.802,-0.4404,11,52,12
2022-01-21,107,0.1695,0.7184,-0.875,20,50,15
2022-01-22,36,0.1368,0.7456,-0.5719,6,20,7
2022-01-23,34,0.0237,0.6908,-0.7475,9,11,10
2022-01-24,94,0.0974,0.7456,-0.8225,15,37,14
2022-01-25,113,0.0672,0.7964,-0.6808,13,57,27
2022-01-26,36,0.0491,0.5719,-0.7063,10,17,12
2022-01-27,102,0.119,0.7003,-0.5719,14,42,14
2022-01-28,130,0.1329,0.7964,-0.6597,14,69,23
2022-01-29,51,0.1063,0.8316,-0.6597,10,24,11
2022-02-01,196,0.075,0.7717,-0.8173,18,79,28
2022-02-02,115,0.1574,0.7845,-0.6486,20,40,12
2022-02-03,105,0.2143,0.743,-0.8481,18,45,8
2022-02-04,92,0.1527,0.7474,-0.7579,9,50,14
2022-02-05,43,0.0889,0.7269,-0.6124,8,16,9
2022-02-06,35,0.1047,0.4767,-0.2732,0,15,3
2022-02-07,77,0.1424,0.8074,-0.765,14,36,14
2022-02-08,94,0.0665,0.6808,-0.8126,12,38,16
2022-02-09,84,0.1344,0.7184,-0.7003,15,36,14
2022-02-10,119,0.1575,0.8761,-0.5574,17,48,13
2022-02-11,98,0.0903,0.8481,-0.7964,16,43,15
2022-02-12,26,0.0764,0.5719,-0.5859,3,7,2
2022-02-13,25,-0.029,0.765,-0.7351,4,9,8
2022-02-14,88,0.0287,0.7506,-0.8885,14,39,23
2022-02-15,81,0.0534,0.7783,-0.7845,16,37,23
2022-02-16,79,0.0461,0.6808,-0.8176,14,27,14
2022-02-17,74,0.1186,0.7003,-0.8591,10,35,11
2022-02-18,85,0.1095,0.802,-0.7579,16,32,13
2022-02-19,24,0.0862,0.5574,-0.5994,4,7,3
2022-02-20,16,0.0678,0.4404,-0.6486,1,6,2
2022-02-21,73,0.1056,0.7783,-0.7845,15,22,11
2022-02-22,59,-0.013,0.7269,-0.7717,12,17,15
2022-02-23,63,0.101,0.7906,-0.8316,11,23,9
2022-02-24,57,-0.1071,0.7351,-0.9231,16,17,22
2022-02-25,80,-0.0824,0.802,-0.9118,30,28,32
2022-02-26,36,-0.0722,0.5267,-0.8402,10,18,14
2022-03-01,44,-0.1141,0.7096,-0.7579,9,10,14
2022-03-02,78,-0.0834,0.7184,-0.8934,25,24,29
2022-03-03,82,0.0025,0.8625,-0.8126,20,26,22
2022-03-04,80,-0.0588,0.802,-0.8689,23,32,29
2022-03-05,36,-0.1319,0.6249,-0.765,9,10,14
2022-03-06,26,-0.1339,0.5994,-0.8481,8,10,11
2022-03-07,67,0.0233,0.824,-0.8625,19,25,19
2022-03-08,78,-0.0972,0.8126,-0.8625,17,25,26
2022-03-09,82,-0.0233,0.6124,-0.802,15,30,21
2022-03-10,72,-0.0134,0.7184,-0.9325,15,30,22
2022-03-11,62,0.0223,0.7184,-0.9022,12,26,13
2022-03-12,29,-0.0231,0.8658,-0.7269,8,12,11
2022-03-13,26,-0.073,0.7579,-0.7351,7,13,11
2022-03-14,79,-0.0221,0.743,-0.9022,19,38,28
2022-03-15,86,0.0044,0.7506,-0.7351,14,27,19
2022-03-16,78,-0.069,0.802,-0.8885,23,26,30
2022-03-17,70,-0.0534,0.7184,-0.8074,13,19,19
2022-03-18,24,-0.048,0.5719,-0.6486,3,8,7
2022-03-19,17,-0.1491,0.5423,-0.802,6,5,7
2022-03-20,24,-0.0894,0.4215,-0.7351,4,12,9
2022-03-21,69,0.085,0.7184,-0.7579,14,23,12
2022-03-22,67,0.0517,0.7269,-0.8316,14,28,16
2022-03-23,76,0.0404,0.7717,-0.7184,17,29,20
2022-03-24,80,0.0242,0.7579,-0.7184,9,34,19
2022-03-25,79,0.0116,0.7184,-0.8356,11,31,19
2022-03-26,36,0.0282,0.8316,-0.8689,7,19,10
2022-03-27,34,-0.1013,0.6124,-0.9217,8,7,10
2022-03-28,75,0.0613,0.8176,-0.7964,17,22,14
2022-03-29,91,-0.0012,0.7506,-0.6705,13,25,20
2022-04-01,81,0.0628,0.8625,-0.8481,17,26,16
2022-04-02,31,-0.0121,0.5994,-0.7269,4,9,6
2022-04-03,28,0.0361,0.7906,-0.7783,4,10,5
2022-04-04,88,0.078,0.8402,-0.8658,19,30,16
2022-04-05,89,0.0657,0.8555,-0.6908,7,29,10
2022-04-06,81,0.0835,0.7845,-0.7096,15,30,12
2022-04-07,78,0.0391,0.8591,-0.6908,7,29,16
2022-04-08,98,0.0876,0.836,-0.7579,19,39,19
2022-04-09,30,-0.027,0.6908,-0.765,6,12,10
2022-04-10,20,-0.1392,0.34,-0.7845,3,4,6
2022-04-11,80,0.0453,0.8316,-0.6597,12,25,13
2022-04-12,113,0.077,0.836,-0.7269,19,40,18
2022-04-13,95,0.1067,0.8442,-0.802,24,29,14
2022-04-14,62,0.0511,0.891,-0.6124,7,29,15
2022-04-15,46,0.1124,0.6908,-0.5719,8,20,9
2022-04-16,38,-0.05,0.5574,-0.8625,11,15,12
2022-04-17,32,-0.0169,0.8957,-0.7269,7,9,9
2022-04-18,79,0.0299,0.7184,-0.7783,8,29,17
2022-04-19,93,0.0529,0.8313,-0.8481,16,34,20
2022-04-20,81,0.0881,0.8176,-0.6249,14,35,18
2022-04-21,106,0.0783,0.8402,-0.5773,13,47,24
2022-04-22,101,0.1291,0.802,-0.836,14,54,18
2022-04-23,26,0.0062,0.7096,-0.6486,3,7,5
2022-04-24,37,0.0143,0.6901,-0.9371,5,18,9
2022-04-25,86,0.0135,0.8555,-0.7506,19,26,18
2022-04-26,92,0.028,0.8316,-0.8402,19,31,20
2022-04-27,91,0.1086,0.7579,-0.9371,18,29,12
2022-04-28,102,0.0132,0.7269,-0.8225,16,45,28
2022-05-01,30,0.1061,0.8737,-0.5574,5,10,5
2022-05-02,88,0.1274,0.7964,-0.7269,9,36,8
2022-05-03,63,0.0541,0.6808,-0.6361,6,27,14
2022-05-04,98,0.1139,0.91,-0.7579,19,41,19
2022-05-05,101,0.0698,0.8807,-0.743,16,41,21
2022-05-06,89,0.0729,0.8847,-0.8316,20,36,18
2022-05-07,35,0.0045,0.5542,-0.6249,8,19,12
2022-05-08,30,-0.0007,0.8689,-0.802,12,11,10
2022-05-09,78,0.1254,0.8402,-0.5994,16,27,11
2022-05-10,91,0.0666,0.7184,-0.7351,11,40,22
2022-05-11,106,0.1057,0.8671,-0.8316,13,41,15
2022-05-12,109,0.0659,0.7783,-0.7906,17,48,25
2022-05-13,86,0.097,0.8173,-0.8307,15,42,20
2022-05-14,41,-0.0706,0.5574,-0.7003,10,15,14
2022-05-15,33,0.0932,0.7579,-0.6908,4,14,6
2022-05-16,81,0.0707,0.7351,-0.6486,11,27,12
2022-05-17,98,0.0621,0.8834,-0.8293,16,42,21
2022-05-18,80,0.0245,0.6808,-0.8316,11,28,19
2022-05-19,93,0.0889,0.8225,-0.7351,11,34,14
2022-05-20,90,0.1031,0.7783,-0.7717,22,34,18
2022-05-21,36,-0.0064,0.7269,-0.765,11,10,11
2022-05-22,29,0.0549,0.6705,-0.5574,5,16,9
2022-05-23,81,-0.0364,0.5574,-0.7351,13,32,23
2022-05-24,83,0.0743,0.8788,-0.6808,7,42,17
2022-05-25,104,0.1005,0.8934,-0.8316,23,39,19
2022-05-26,83,0.1091,0.7739,-0.765,10,38,11
2022-05-27,95,0.1294,0.836,-0.6369,14,44,13
2022-05-28,40,0.0464,0.802,-0.6369,10,14,11
2022-05-29,30,0.176,0.7717,-0.5423,7,12,5
2022-06-01,76,0.0569,0.7003,-0.5574,10,34,18
2022-06-02,90,0.1107,0.7506,-0.7845,22,40,18
2022-06-03,83,0.1201,0.7506,-0.5994,17,33,15
2022-06-04,42,0.0059,0.6908,-0.5994,8,12,9
2022-06-05,27,0.0185,0.6808,-0.6705,7,10,9
2022-06-06,100,-0.0015,0.7814,-0.8176,15,35,23
2022-06-07,81,0.0334,0.7184,-0.765,9,38,20
2022-06-08,102,0.0541,0.6841,-0.7845,12,45,21
2022-06-09,96,0.0838,0.8316,-0.875,22,37,20
2022-06-10,81,0.0577,0.802,-0.7184,18,27,16
2022-06-11,26,0.0315,0.5106,-0.7717,4,11,6
2022-06-12,21,-0.0715,0.4019,-0.7269,2,9,6
2022-06-13,77,0.0229,0.7184,-0.7951,10,29,16
2022-06-14,87,0.0465,0.8402,-0.802,21,28,19
2022-06-15,72,0.0662,0.7783,-0.7096,15,31,19
2022-06-16,92,0.1286,0.8442,-0.6705,22,32,17
2022-06-17,102,0.1286,0.85,-0.8979,22,39,16
2022-06-18,15,-0.0023,0.5106,-0.7717,3,5,3
2022-06-19,24,-0.0336,0.6808,-0.7269,7,8,7
2022-06-20,68,0.0472,0.8807,-0.7184,17,27,18
2022-06-21,79,0.0847,0.7184,-0.9136,17,30,15
2022-06-22,88,0.0766,0.743,-0.6808,19,33,18
2022-06-23,70,0.0732,0.7964,-0.8519,13,25,15
2022-06-24,78,0.0463,0.8442,-0.6249,13,38,20
2022-06-25,31,0.0054,0.6369,-0.6908,7,12,8
2022-06-26,19,-0.0245,0.7845,-0.7845,5,6,6
2022-06-27,70,0.1536,0.7184,-0.7096,15,27,11
2022-06-28,68,0.0759,0.7003,-0.6486,11,27,13
2022-07-01,89,0.07,0.8402,-0.8126,14,37,17
2022-07-02,22,0.0133,0.8402,-0.8126,4,9,6
2022-07-03,27,-0.0666,0.6705,-0.875,9,9,10
2022-07-04,72,0.042,0.7184,-0.6808,10,35,20
2022-07-05,82,0.1469,0.807,-0.5994,20,26,12
2022-07-06,84,0.1094,0.7184,-0.7184,16,28,12
2022-07-07,76,0.0566,0.8176,-0.7424,10,31,14
2022-07-08,79,0.1205,0.7269,-0.802,8,38,11
2022-07-09,27,0.0805,0.5267,-0.5859,3,11,4
2022-07-10,23,0.0575,0.6705,-0.7579,7,7,5
2022-07-11,75,0.0425,0.7964,-0.7783,14,26,16
2022-07-12,76,0.0679,0.743,-0.5994,10,30,15
2022-07-13,94,0.103,0.7579,-0.5994,13,40,17
2022-07-14,65,0.1501,0.7783,-0.7845,13,28,11
2022-07-15,79,0.1043,0.8126,-0.7783,16,30,14
2022-07-16,30,0.0566,0.7184,-0.8225,7,13,10
2022-07-17,28,0.097,0.8625,-0.7096,7,10,8
2022-07-18,87,0.1146,0.8271,-0.7096,11,36,12
2022-07-19,88,0.0846,0.7184,-0.6597,13,38,16
2022-07-20,110,0.1375,0.7645,-0.6705,16,51,20
2022-07-21,80,0.1483,0.8481,-0.7096,16,34,12
2022-07-22,87,0.2356,0.8126,-0.8074,16,44,7
2022-07-23,29,0.0972,0.7456,-0.7283,6,10,6
2022-07-24,24,0.1159,0.5574,-0.5994,4,14,5
2022-07-25,87,0.1542,0.7184,-0.6908,15,40,12
2022-07-26,95,0.1266,0.8225,-0.6705,18,35,11
2022-07-27,80,0.1092,0.8126,-0.8462,10,39,13
2022-07-28,109,0.1785,0.7845,-0.5994,19,50,15
2022-07-29,107,0.1283,0.8689,-0.836,14,63,23
2022-08-01,85,0.1721,0.8316,-0.5574,15,39,13
2022-08-02,92,0.1113,0.8271,-0.7717,21,35,16
2022-08-03,87,0.1407,0.8316,-0.7003,13,40,13
2022-08-04,86,0.0941,0.8024,-0.8885,13,39,16
2022-08-05,126,0.1143,0.8555,-0.6808,16,51,20
2022-08-06,30,0.088,0.7184,-0.765,4,11,4
2022-08-07,27,0.1453,0.6369,-0.4215,5,13,6
2022-08-08,83,0.1415,0.8074,-0.6249,6,38,8
2022-08-09,60,0.0351,0.7506,-0.8519,12,25,16
2022-08-10,75,0.1647,0.7184,-0.5994,6,35,6
2022-08-11,73,0.1227,0.836,-0.8834,21,26,14
2022-08-12,63,0.1598,0.7603,-0.7184,13,24,8
2022-08-13,30,0.1433,0.7184,-0.7845,8,15,7
2022-08-14,28,0.1071,0.8591,-0.8885,7,13,5
2022-08-15,34,0.1064,0.765,-0.7269,6,13,5
2022-08-16,75,0.1938,0.7845,-0.6369,18,28,8
2022-08-17,70,0.1065,0.8555,-0.7101,11,27,13
2022-08-18,69,0.1165,0.8122,-0.8107,12,28,13
2022-08-19,70,0.1478,0.7845,-0.7506,16,21,7
2022-08-20,21,0.0332,0.5859,-0.7964,2,10,5
2022-08-21,33,-0.0831,0.6705,-0.8126,6,17,14
2022-08-22,51,0.1079,0.93,-0.802,13,17,8
2022-08-23,68,0.0847,0.7184,-0.836,12,23,11
2022-08-24,85,0.0676,0.7184,-0.7184,13,27,14
2022-08-25,77,0.0666,0.7964,-0.6705,16,26,13
2022-08-26,65,0.0726,0.7184,-0.8834,10,23,11
2022-08-27,27,0.1356,0.7845,-0.5994,7,8,5
2022-08-28,29,0.0576,0.802,-0.5994,3,15,7
2022-08-29,83,0.0102,0.8271,-0.7964,18,28,22
2022-09-01,62,0.0559,0.8074,-0.8885,11,17,9
2022-09-02,75,0.1008,0.7184,-0.8074,15,36,15
2022-09-03,29,0.0328,0.7269,-0.6705,5,5,4
2022-09-04,22,0.0139,0.4019,-0.7845,3,10,4
2022-09-05,66,0.0211,0.9029,-0.9062,8,20,12
2022-09-06,75,0.0369,0.8625,-0.9022,12,29,15
2022-09-07,72,0.04,0.802,-0.8225,11,28,15
2022-09-08,64,0.0754,0.7269,-0.7184,7,25,10
2022-09-09,69,0.1,0.802,-0.6249,8,32,11
2022-09-10,27,0.0565,0.6808,-0.8834,6,8,6
2022-09-11,25,-0.0611,0.6115,-0.8893,6,9,8
2022-09-12,83,0.1299,0.7184,-0.5719,14,22,7
2022-09-13,82,0.1209,0.8555,-0.8658,13,39,16
2022-09-14,84,0.0661,0.7184,-0.6808,16,26,14
2022-09-15,75,0.0396,0.872,-0.7506,13,17,11
2022-09-16,71,0.1091,0.7184,-0.7096,12,22,8
2022-09-17,36,0.0483,0.8402,-0.8126,11,10,8
2022-09-18,27,0.0976,0.765,-0.802,3,13,5
2022-09-19,74,0.1868,0.8826,-0.4019,9,35,8
2022-09-20,79,0.1444,0.8402,-0.4939,11,33,9
2022-09-21,75,0.1246,0.765,-0.7845,11,33,12
2022-09-22,92,0.0537,0.886,-0.8176,22,39,23
2022-09-23,86,0.0066,0.7184,-0.7778,12,37,25
2022-09-24,31,0.0844,0.7184,-0.8176,9,13,9
2022-09-25,32,0.211,0.765,-0.4767,4,16,2
2022-09-26,90,0.0289,0.8658,-0.7003,15,36,20
2022-09-27,73,0.0334,0.8126,-0.8442,10,24,15
2022-09-28,67,0.1347,0.7351,-0.7506,6,32,7
2022-10-01,52,0.1352,0.8271,-0.7269,11,21,8
2022-10-02,24,0.0353,0.7003,-0.7783,3,12,5
2022-10-03,86,0.1099,0.8126,-0.7783,24,27,17
2022-10-04,61,0.1414,0.8807,-0.7269,13,17,7
2022-10-05,36,0.0414,0.8225,-0.8885,9,16,12
2022-10-06,73,0.1336,0.882,-0.6249,15,36,17
2022-10-07,81,0.1106,0.8658,-0.5719,16,27,13
2022-10-08,31,0.034,0.7184,-0.6597,5,8,6
2022-10-09,31,-0.0356,0.6808,-0.7717,6,13,11
2022-10-10,94,0.105,0.8402,-0.6705,16,37,16
2022-10-11,100,0.1013,0.7845,-0.8402,18,45,20
2022-10-12,94,0.0878,0.7906,-0.6808,18,36,20
2022-10-13,94,0.1072,0.8555,-0.7579,16,34,14
2022-10-14,91,0.1756,0.9201,-0.7717,22,42,15
2022-10-15,40,0.0882,0.7717,-0.8074,6,20,10
2022-10-16,35,0.009,0.6597,-0.6682,7,12,9
2022-10-17,73,0.1093,0.886,-0.8126,14,29,12
2022-10-18,91,0.0604,0.7845,-0.765,15,34,17
2022-10-19,59,0.1963,0.8126,-0.6369,10,28,6
2022-10-20,96,0.1378,0.8126,-0.6597,14,41,13
2022-10-21,104,0.1614,0.8516,-0.6124,17,48,15
2022-10-22,42,0.203,0.7906,-0.5994,10,20,6
2022-10-23,29,0.1668,0.7579,-0.5994,10,9,4
2022-10-24,24,0.253,0.7797,-0.7964,11,4,2
2022-10-25,55,0.157,0.7717,-0.5994,11,21,6
2022-10-26,38,0.0514,0.743,-0.7351,5,17,8
2022-10-27,73,0.1571,0.872,-0.743,18,29,12
2022-10-28,99,0.1182,0.8979,-0.7579,10,46,16
2022-10-29,27,-0.0779,0.5423,-0.6249,2,17,13
2022-11-01,110,0.1027,0.8225,-0.7096,16,35,14
2022-11-02,87,0.1596,0.7644,-0.6486,14,36,9
2022-11-03,98,0.0634,0.7964,-0.6249,21,36,23
2022-11-04,95,0.1811,0.8402,-0.7579,23,40,15
2022-11-05,24,0.0833,0.5859,-0.4404,1,14,6
2022-11-06,25,0.0761,0.7902,-0.5267,5,7,4
2022-11-07,97,0.1957,0.886,-0.8012,24,34,9
2022-11-08,66,0.0869,0.7845,-0.8402,16,25,14
2022-11-09,84,0.1665,0.8126,-0.6705,18,38,13
2022-11-10,108,0.0769,0.7184,-0.7734,14,45,20
2022-11-11,103,0.1424,0.7717,-0.5994,16,44,15
2022-11-12,32,0.15,0.8271,-0.5994,4,17,6
2022-11-13,26,0.1375,0.8176,-0.8979,7,10,5
2022-11-14,77,0.1359,0.7184,-0.743,8,36,6
2022-11-15,91,0.1631,0.8834,-0.6369,19,34,10
2022-11-16,83,0.0711,0.8402,-0.6597,15,25,13
2022-11-17,70,0.09,0.7184,-0.5859,7,26,12
2022-11-18,63,0.1648,0.8074,-0.6808,14,24,8
2022-11-19,26,0.046,0.8481,-0.7845,8,7,7
2022-11-20,21,0.0175,0.6486,-0.6124,3,8,4
2022-11-21,58,0.0979,0.8689,-0.4404,3,20,4
2022-11-22,61,0.1311,0.7351,-0.6705,14,20,7
2022-11-23,61,0.1059,0.7845,-0.5994,9,23,9
2022-11-24,69,0.1201,0.8176,-0.8923,10,30,12
2022-11-25,69,0.1163,0.7184,-0.7351,13,21,8
2022-11-26,28,-0.0301,0.4404,-0.6369,2,13,9
2022-11-27,26,0.1715,0.8126,-0.5574,10,9,7
2022-11-28,82,0.1327,0.8807,-0.7717,16,30,11
2022-12-01,96,0.0911,0.8143,-0.802,19,34,17
2022-12-02,61,0.1196,0.7983,-0.6249,6,30,9
2022-12-03,23,0.0301,0.8402,-0.5994,4,9,7
2022-12-04,28,0.0676,0.7269,-0.6597,3,12,4
2022-12-05,73,0.0879,0.8286,-0.6705,14,25,12
2022-12-06,81,0.1172,0.886,-0.5574,11,33,11
2022-12-07,89,0.0615,0.9371,-0.6908,12,31,14
2022-12-08,69,0.1317,0.7964,-0.4404,6,36,12
2022-12-09,69,0.1546,0.8126,-0.4939,15,24,10
2022-12-10,30,0.0496,0.6486,-0.8555,4,14,7
2022-12-11,14,0.0025,0.7269,-0.5267,3,4,4
2022-12-12,83,0.0858,0.7269,-0.7096,13,23,12
2022-12-13,81,0.1275,0.8176,-0.6124,8,30,7
2022-12-14,99,0.1254,0.8658,-0.8967,20,29,13
2022-12-15,75,0.1508,0.872,-0.8225,13,26,7
2022-12-16,70,-0.049,0.5994,-0.8689,9,22,17
2022-12-17,20,-0.0738,0.8567,-0.7964,8,6,8
2022-12-18,35,0.0393,0.7096,-0.8025,7,9,6
2022-12-19,66,0.0782,0.7579,-0.6249,9,22,9
2022-12-20,97,0.0946,0.8555,-0.8176,14,42,18
2022-12-21,99,0.0994,0.7184,-0.8047,16,39,15
2022-12-22,108,0.0717,0.9584,-0.5994,15,45,24
2022-12-23,64,0.086,0.8555,-0.8225,10,26,12
2022-12-24,37,0.0322,0.765,-0.6597,6,16,9
2022-12-25,37,0.0906,0.743,-0.8126,8,16,8
2022-12-26,77,0.0329,0.7424,-0.7845,8,30,15
2022-12-27,76,0.1205,0.8225,-0.6249,13,30,11
2022-12-28,69,0.1236,0.8225,-0.6588,13,26,13
2022-12-29,81,0.0503,0.9022,-0.7845,12,31,17
2023-01-01,29,0.0607,0.8126,-0.8271,7,9,6
2023-01-02,59,0.16,0.743,-0.5719,10,17,2
2023-01-03,79,0.1801,0.886,-0.6597,16,26,6
2023-01-04,60,0.0582,0.7184,-0.5994,11,23,16
2023-01-05,74,0.0902,0.872,-0.765,9,31,12
2023-01-06,69,-0.0034,0.6486,-0.7351,11,29,19
2023-01-07,25,0.0443,0.7351,-0.765,3,9,5
2023-01-08,22,0.2205,0.7269,-0.296,3,11,2
2023-01-09,77,0.0415,0.7906,-0.743,11,24,14
2023-01-10,85,0.1188,0.7717,-0.6249,13,27,8
2023-01-11,74,0.1214,0.8074,-0.5574,11,32,12
2023-01-12,108,0.1157,0.7269,-0.6369,20,42,19
2023-01-13,95,0.1088,0.7184,-0.7351,16,33,11
2023-01-14,34,0.1149,0.7184,-0.5719,9,10,6
2023-01-15,16,0.2137,0.7269,-0.7786,5,4,1
2023-01-16,71,0.0948,0.7424,-0.7783,11,26,9
2023-01-17,91,0.1116,0.7584,-0.7684,22,29,15
2023-01-18,87,0.0707,0.802,-0.7096,11,33,15
2023-01-19,102,0.1567,0.7964,-0.6249,14,47,11
2023-01-20,94,0.2142,0.873,-0.7269,19,45,9
2023-01-21,28,0.1918,0.7351,-0.6808,7,18,6
2023-01-22,21,0.0436,0.7184,-0.765,4,9,6
2023-01-23,78,0.1861,0.8316,-0.5994,10,36,6
2023-01-24,72,0.1359,0.8479,-0.6597,7,32,8
2023-01-25,79,0.1026,0.7351,-0.7184,13,38,16
2023-01-26,27,0.0616,0.6369,-0.6072,3,11,4
2023-01-27,73,0.0826,0.7845,-0.765,12,31,16
2023-01-28,29,0.0584,0.7964,-0.6249,4,10,6
2023-01-29,31,0.0837,0.5994,-0.7783,4,13,5
2023-02-01,119,0.1303,0.875,-0.765,19,42,16
2023-02-02,107,0.1335,0.8316,-0.6696,14,46,15
2023-02-03,86,0.1947,0.7184,-0.5106,9,42,5
2023-02-04,34,0.0355,0.8316,-0.6523,8,15,10
2023-02-05,21,0.1602,0.7003,-0.6597,4,8,2
2023-02-06,98,0.1438,0.9545,-0.8316,18,44,16
2023-02-07,99,0.0424,0.7096,-0.8225,15,48,25
2023-02-08,126,0.0812,0.7579,-0.7906,22,49,25
2023-02-09,84,0.098,0.7184,-0.836,10,37,14
2023-02-10,94,0.0937,0.8625,-0.765,8,43,16
2023-02-11,35,0.1063,0.7184,-0.7964,8,17,7
2023-02-12,20,-0.0125,0.6369,-0.5994,5,5,5
2023-02-13,87,0.1132,0.802,-0.8519,17,36,15
2023-02-14,99,0.1114,0.6486,-0.7777,8,57,16
2023-02-15,87,0.1374,0.8271,-0.6597,12,35,12
2023-02-16,88,0.1279,0.8126,-0.802,18,37,15
2023-02-17,79,0.1081,0.8402,-0.743,15,32,16
2023-02-18,22,0.0103,0.8402,-0.6597,5,7,5
2023-02-19,21,0.1004,0.8126,-0.8689,10,2,5
2023-02-20,86,0.1121,0.7506,-0.743,11,39,14
2023-02-21,73,0.0431,0.7378,-0.7269,10,32,16
2023-02-22,65,0.0625,0.9029,-0.8338,11,22,11
2023-02-23,70,0.1318,0.8271,-0.7506,18,28,15
2023-02-24,78,0.024,0.802,-0.5994,13,31,20
2023-02-25,17,-0.1668,0.5719,-0.8316,7,4,7
2023-02-26,21,0.0853,0.6597,-0.7845,2,11,4
2023-03-01,82,0.1322,0.93,-0.6597,18,21,9
2023-03-02,78,0.1132,0.8591,-0.784,14,29,12
2023-03-03,65,0.0523,0.9268,-0.7579,16,20,12
2023-03-04,19,0.0365,0.5719,-0.765,6,8,5
2023-03-05,18,0.1534,0.7096,-0.4939,4,8,4
2023-03-06,83,0.1252,0.8934,-0.6705,15,27,10
2023-03-07,29,0.1487,0.9217,-0.5994,7,13,5
2023-03-08,38,0.0818,0.7506,-0.6249,7,15,7
2023-03-09,69,0.1108,0.9501,-0.8074,16,21,10
2023-03-10,68,0.1504,0.7574,-0.5423,8,30,8
2023-03-11,30,0.0141,0.8402,-0.8625,7,8,7
2023-03-12,25,0.1283,0.7003,-0.5994,8,7,4
2023-03-13,62,0.0541,0.8402,-0.6249,12,26,17
2023-03-14,60,0.1435,0.9169,-0.7845,9,21,7
2023-03-15,67,0.0697,0.8481,-0.743,12,21,11
2023-03-16,77,0.0759,0.8271,-0.7845,12,35,17
2023-03-17,84,0.0909,0.8807,-0.7351,16,29,16
2023-03-18,36,0.0031,0.6369,-0.5994,4,18,11
2023-03-19,31,0.1075,0.7845,-0.8658,7,11,5
2023-03-20,81,0.0462,0.7269,-0.7096,10,28,13
2023-03-21,62,0.0011,0.7184,-0.9042,11,23,16
2023-03-22,77,0.0152,0.802,-0.7717,10,29,20
2023-03-23,55,0.0474,0.7184,-0.5994,9,18,11
2023-03-24,75,0.0829,0.7783,-0.8442,10,32,13
2023-03-25,32,0.0713,0.7184,-0.4404,2,14,5
2023-03-26,30,-0.0374,0.6808,-0.7906,8,8,9
2023-03-27,66,0.1306,0.836,-0.7184,12,33,14
2023-03-28,70,0.0825,0.7579,-0.5574,7,29,11
2023-03-29,85,0.0915,0.8402,-0.5994,11,34,12
2023-04-01,37,0.0511,0.8807,-0.7684,8,8,5
2023-04-02,26,0.1353,0.8442,-0.4404,2,17,6
2023-04-03,89,0.123,0.8555,-0.7579,18,33,14
2023-04-04,59,0.1144,0.9001,-0.6705,11,23,9
2023-04-05,82,0.0894,0.8225,-0.7579,9,27,9
2023-04-06,102,0.1107,0.7783,-0.7906,16,40,13
2023-04-07,39,0.1369,0.6808,-0.8689,6,14,3
2023-04-08,19,0.1296,0.8316,-0.5994,4,8,4
2023-04-09,27,-0.0004,0.6908,-0.5859,6,11,8
2023-04-10,70,0.1031,0.8591,-0.6392,17,24,13
2023-04-11,84,0.0881,0.8126,-0.6369,15,29,13
2023-04-12,65,0.1464,0.7003,-0.4939,8,29,7
2023-04-13,121,0.0286,0.8271,-0.8625,18,59,32
2023-04-14,49,0.0892,0.7184,-0.7184,10,16,9
2023-04-15,27,0.1194,0.7184,-0.8442,7,9,4
2023-04-16,27,0.1203,0.8949,-0.8126,6,4,2
2023-04-17,69,0.0796,0.8126,-0.7269,10,31,15
2023-04-18,76,0.0472,0.7184,-0.6808,17,29,19
2023-04-19,62,0.128,0.8519,-0.6597,11,26,11
2023-04-20,78,0.1373,0.8807,-0.8074,12,25,6
2023-04-21,102,0.0892,0.7579,-0.7964,8,52,17
2023-04-22,31,0.112,0.7096,-0.5994,6,16,8
2023-04-23,28,0.064,0.876,-0.8271,4,9,4
2023-04-24,85,0.1629,0.8934,-0.6249,20,30,11
2023-04-25,77,0.2283,0.8126,-0.5994,12,41,8
2023-04-26,83,0.1548,0.7871,-0.7783,12,39,11
2023-04-27,87,0.1493,0.7096,-0.6486,14,38,11
2023-04-28,81,0.1438,0.872,-0.6249,16,36,16
2023-05-01,41,0.0765,0.8625,-0.8402,9,12,8
2023-05-02,91,0.1253,0.8271,-0.7469,22,30,12
2023-05-03,83,0.1721,0.7003,-0.5719,10,30,4
2023-05-04,81,0.1838,0.7579,-0.6486,14,28,6
2023-05-05,71,0.1666,0.7845,-0.6486,13,28,6
2023-05-06,30,0.1636,0.7184,-0.5994,7,12,4
2023-05-07,18,0.195,0.6808,-0.2732,2,9,2
2023-05-08,65,0.198,0.7964,-0.5267,9,27,4
2023-05-09,76,0.1619,0.8555,-0.6124,14,30,10
2023-05-10,80,0.1453,0.6597,-0.8294,10,32,7
2023-05-11,95,0.1268,0.875,-0.6369,13,36,11
2023-05-12,80,0.1634,0.7764,-0.5267,13,38,13
2023-05-13,26,0.0,0.6659,-0.4767,2,12,7
2023-05-14,25,0.1094,0.7351,-0.7003,6,8,3
2023-05-15,68,0.1325,0.7184,-0.7184,21,21,13
2023-05-16,71,0.0819,0.7717,-0.743,10,31,15
2023-05-17,68,0.1443,0.802,-0.8268,16,25,11
2023-05-18,79,0.2232,0.8658,-0.5423,13,37,6
2023-05-19,104,0.148,0.8689,-0.5267,17,46,16
2023-05-20,33,0.059,0.8531,-0.8126,4,14,6
2023-05-21,21,0.0431,0.7125,-0.6908,5,5,4
2023-05-22,82,0.0638,0.8176,-0.5574,6,30,12
2023-05-23,83,0.1459,0.9304,-0.8834,16,32,10
2023-05-24,79,0.1026,0.7717,-0.5994,12,33,14
2023-05-25,62,0.15,0.8316,-0.6818,13,22,9
2023-05-26,68,0.0437,0.802,-0.9022,10,27,14
2023-05-27,30,0.0323,0.6369,-0.6486,3,14,8
2023-05-28,18,0.0616,0.6808,-0.6992,2,9,4
2023-05-29,66,0.1456,0.7351,-0.5994,11,32,11
2023-06-01,82,0.1489,0.8038,-0.6369,13,30,8
2023-06-02,62,0.1275,0.8225,-0.5267,10,23,11
2023-06-03,22,0.1444,0.6124,-0.5994,3,9,1
2023-06-04,16,0.1284,0.5574,-0.3818,1,8,2
2023-06-05,70,0.0844,0.7579,-0.8555,11,28,10
2023-06-06,67,0.116,0.6486,-0.6808,7,30,8
2023-06-07,74,0.1026,0.8834,-0.7579,9,28,10
2023-06-08,119,0.102,0.7506,-0.8271,22,40,18
2023-06-09,75,0.1191,0.802,-0.5106,9,32,9
2023-06-10,17,0.0299,0.9169,-0.4767,1,10,5
2023-06-11,26,-0.0119,0.6597,-0.7717,9,9,8
2023-06-12,53,0.1517,0.8591,-0.5859,8,22,6
2023-06-13,71,0.0741,0.8271,-0.6808,11,19,11
2023-06-14,74,0.1293,0.8555,-0.6249,15,22,8
2023-06-15,77,0.0758,0.7717,-0.7351,7,33,12
2023-06-16,74,0.077,0.7264,-0.802,14,24,12
2023-06-17,25,0.1112,0.7351,-0.7783,5,8,4
2023-06-18,14,0.0509,0.7902,-0.8442,3,3,2
2023-06-19,56,0.1376,0.6908,-0.5106,6,28,7
2023-06-20,71,0.0778,0.6997,-0.7964,10,31,14
2023-06-21,72,0.1208,0.7906,-0.4404,10,29,11
2023-06-22,75,0.0599,0.743,-0.5994,8,23,11
2023-06-23,77,0.1031,0.6597,-0.7351,10,28,10
2023-06-24,34,0.0456,0.7964,-0.7906,8,11,7
2023-06-25,19,-0.0174,0.743,-0.7003,4,6,4
2023-06-26,87,0.0916,0.8591,-0.7003,11,28,10
2023-06-27,101,0.1269,0.8402,-0.765,12,30,9
2023-06-28,89,0.1058,0.743,-0.8271,7,46,14
2023-07-01,38,0.0511,0.6597,-0.5994,3,11,3
2023-07-02,19,0.1304,0.7456,-0.5994,3,7,3
2023-07-03,78,0.1246,0.875,-0.4588,8,22,4
2023-07-04,77,0.1821,0.8658,-0.5994,19,31,11
2023-07-05,92,0.0836,0.6908,-0.7269,12,34,14
2023-07-06,82,0.0544,0.802,-0.8402,20,27,17
2023-07-07,77,0.0986,0.7184,-0.7579,11,19,5
2023-07-08,25,0.0902,0.6124,-0.5574,2,9,2
2023-07-09,26,0.1172,0.7902,-0.4939,4,10,4
2023-07-10,74,0.1517,0.8074,-0.7717,12,29,8
2023-07-11,85,0.1357,0.7506,-0.7184,12,31,9
2023-07-12,86,0.0725,0.7845,-0.6908,10,37,15
2023-07-13,93,0.1229,0.8221,-0.6597,10,45,18
2023-07-14,88,0.101,0.8271,-0.7184,12,35,14
2023-07-15,27,0.1227,0.7184,-0.3182,3,10,3
2023-07-16,26,0.1116,0.8126,-0.6249,5,7,3
2023-07-17,80,0.0719,0.8807,-0.765,12,34,15
2023-07-18,101,0.1268,0.8176,-0.6705,16,43,17
2023-07-19,80,0.1968,0.8402,-0.3818,13,32,6
2023-07-20,93,0.2042,0.8481,-0.7003,21,36,10
2023-07-21,116,0.1349,0.7845,-0.8442,13,61,21
2023-07-22,32,0.1282,0.8316,-0.6908,7,14,6
2023-07-23,25,0.1106,0.7964,-0.7717,8,10,6
2023-07-24,78,0.1226,0.7003,-0.4767,6,36,11
2023-07-25,114,0.1718,0.8126,-0.7717,29,49,19
2023-07-26,109,0.1386,0.8555,-0.6808,13,47,14
2023-07-27,121,0.1342,0.8689,-0.7579,23,47,16
2023-07-28,102,0.0815,0.8047,-0.802,13,44,20
2023-07-29,29,0.1295,0.7096,-0.6369,7,11,6
2023-08-01,98,0.2026,0.8271,-0.765,30,34,10
2023-08-02,93,0.1291,0.7184,-0.6705,15,37,13
2023-08-03,111,0.1367,0.7845,-0.8625,13,48,15
2023-08-04,95,0.1459,0.9001,-0.7964,13,44,13
2023-08-05,36,0.1708,0.8838,-0.5994,10,15,6
2023-08-06,28,0.0417,0.6369,-0.6249,6,10,7
2023-08-07,93,0.0948,0.802,-0.6249,13,40,17
2023-08-08,82,0.1234,0.8126,-0.802,17,33,14
2023-08-09,113,0.1124,0.7909,-0.7506,13,46,15
2023-08-10,109,0.1173,0.8126,-0.8555,15,50,20
2023-08-11,111,0.1386,0.8442,-0.8658,15,44,13
2023-08-12,34,0.1383,0.7783,-0.5994,5,13,4
2023-08-13,18,0.1644,0.6124,-0.3182,3,8,2
2023-08-14,100,0.0616,0.8689,-0.743,19,35,22
2023-08-15,36,0.059,0.802,-0.6486,4,16,8
2023-08-16,76,0.1516,0.802,-0.7906,15,33,12
2023-08-17,92,0.1035,0.8402,-0.5574,11,44,16
2023-08-18,83,0.072,0.8826,-0.828,11,38,19
2023-08-19,28,0.1364,0.8689,-0.4215,4,11,4
2023-08-20,23,0.0995,0.8126,-0.5994,3,9,3
2023-08-21,80,0.0749,0.802,-0.765,5,36,11
2023-08-22,106,0.0833,0.7184,-0.5574,7,36,11
2023-08-23,72,0.0679,0.8807,-0.8126,14,31,17
2023-08-24,87,0.0518,0.8271,-0.7717,14,31,18
2023-08-25,86,0.0792,0.7351,-0.7964,14,28,13
2023-08-26,34,0.0826,0.5574,-0.5423,3,18,7
2023-08-27,30,0.0632,0.6486,-0.8316,6,11,6
2023-08-28,98,0.1218,0.9246,-0.765,10,48,14
2023-08-29,85,0.1082,0.8398,-0.8689,16,31,12
2023-09-01,79,0.0995,0.8402,-0.5574,9,29,10
2023-09-02,29,0.1219,0.8271,-0.4404,4,10,4
2023-09-03,30,0.1566,0.765,-0.4767,6,9,3
2023-09-04,75,0.1246,0.8573,-0.7579,17,25,12
2023-09-05,91,0.1808,0.7269,-0.3612,12,35,4
2023-09-06,93,0.1002,0.802,-0.8271,14,32,12
2023-09-07,77,0.1054,0.765,-0.5994,17,26,14
2023-09-08,85,0.1151,0.8402,-0.6652,15,27,9
2023-09-09,28,-0.0087,0.5859,-0.8225,7,11,8
2023-09-10,23,0.0465,0.5994,-0.802,4,10,4
2023-09-11,74,0.1183,0.7003,-0.5773,7,29,8
2023-09-12,78,0.0938,0.8126,-0.8858,9,26,9
2023-09-13,81,0.0861,0.8074,-0.8779,12,28,13
2023-09-14,92,0.0958,0.8016,-0.7783,14,37,14
2023-09-15,94,0.1099,0.8807,-0.7351,16,38,16
2023-09-16,27,0.1056,0.7783,-0.5719,5,9,5
2023-09-17,20,0.1864,0.7902,-0.6369,4,9,2
2023-09-18,73,0.1236,0.7783,-0.5994,7,32,11
2023-09-19,56,0.0085,0.7351,-0.7717,6,18,12
2023-09-20,72,0.0367,0.6369,-0.7184,6,28,11
2023-09-21,86,0.1329,0.836,-0.7184,11,43,15
2023-09-22,68,0.1157,0.7096,-0.5719,10,31,10
2023-09-23,26,0.1976,0.7351,-0.6908,5,13,3
2023-09-24,22,0.1199,0.6908,-0.5994,3,7,2
2023-09-25,71,0.0787,0.7251,-0.8402,12,31,14
2023-09-26,94,0.0366,0.7717,-0.8176,15,37,21
2023-09-27,80,0.0928,0.7096,-0.6908,5,42,12
2023-09-28,80,0.1003,0.8934,-0.8689,14,34,13
2023-10-01,29,0.0371,0.7845,-0.7096,6,11,7
2023-10-02,35,0.0987,0.743,-0.7506,3,17,7
2023-10-03,79,0.0786,0.6808,-0.836,6,26,9
2023-10-04,92,0.0644,0.802,-0.6486,10,35,16
2023-10-05,80,0.0854,0.7906,-0.7906,20,29,18
2023-10-06,98,0.161,0.8807,-0.8126,24,35,13
2023-10-07,30,0.0623,0.8074,-0.8225,8,15,8
2023-10-08,25,-0.0102,0.6486,-0.6597,9,7,7
2023-10-09,63,0.0395,0.8979,-0.9186,23,21,18
2023-10-10,76,0.0488,0.7184,-0.7351,15,30,17
2023-10-11,104,0.0481,0.8225,-0.8462,26,48,28
2023-10-12,87,0.0492,0.7717,-0.8779,16,33,19
2023-10-13,91,0.1098,0.802,-0.5423,9,34,12
2023-10-14,33,0.1099,0.743,-0.7184,9,10,7
2023-10-15,24,-0.2239,0.6705,-0.8519,10,6,11
2023-10-16,91,0.0983,0.8658,-0.9545,21,43,22
2023-10-17,80,0.1323,0.8689,-0.8225,11,37,11
2023-10-18,103,0.146,0.9001,-0.5994,25,37,19
2023-10-19,98,0.1445,0.7845,-0.9136,16,49,14
2023-10-20,109,0.1269,0.875,-0.8308,22,52,21
2023-10-21,32,0.1203,0.6705,-0.8316,8,14,8
2023-10-22,28,-0.0298,0.5719,-0.7579,3,8,5
2023-10-23,68,0.0719,0.836,-0.8519,17,25,14
2023-10-24,30,0.0699,0.7845,-0.8442,8,15,9
2023-10-25,85,0.1353,0.743,-0.7906,15,35,12
2023-10-26,93,0.1914,0.926,-0.8834,23,47,17
2023-10-27,96,0.1796,0.796,-0.5994,14,40,8
2023-10-28,32,0.009,0.4939,-0.8074,4,19,10
2023-10-29,21,-0.0187,0.5719,-0.5994,6,3,4
2023-11-01,101,0.142,0.8481,-0.7579,20,45,17
2023-11-02,110,0.1214,0.8442,-0.7184,16,49,17
2023-11-03,80,0.1583,0.836,-0.765,23,29,13
2023-11-04,43,-0.0224,0.6739,-0.8555,11,22,16
2023-11-05,27,0.0171,0.7096,-0.7717,3,9,6
2023-11-06,98,0.1461,0.8476,-0.8979,22,36,13
2023-11-07,81,0.1466,0.8528,-0.8074,10,43,11
2023-11-08,74,0.0747,0.7501,-0.8316,13,30,13
2023-11-09,69,0.138,0.8516,-0.6124,12,29,9
2023-11-10,65,0.2086,0.8885,-0.7717,11,28,5
2023-11-11,16,0.1466,0.765,-0.5719,4,6,3
2023-11-12,6,-0.1838,0.7579,-0.8442,3,2,3
2023-11-13,48,0.1772,0.8519,-0.4019,5,25,6
2023-11-14,45,0.0162,0.8481,-0.7351,8,14,10
2023-11-15,48,0.0216,0.7506,-0.765,5,20,10
2023-11-16,84,0.0805,0.765,-0.802,19,37,20
2023-11-17,82,0.1117,0.9423,-0.7964,19,37,19
2023-11-18,28,-0.008,0.5267,-0.8555,5,17,12
2023-11-19,15,0.1753,0.7783,-0.4767,2,7,1
2023-11-20,65,0.1356,0.7964,-0.5859,13,24,9
2023-11-21,69,0.0215,0.8271,-0.7506,7,24,13
2023-11-22,77,0.1098,0.7717,-0.836,17,30,14
2023-11-23,71,0.0846,0.6597,-0.6369,8,34,13
2023-11-24,82,0.1513,0.8555,-0.8316,15,32,11
2023-11-25,29,0.0669,0.7165,-0.5994,4,11,5
2023-11-26,18,0.1517,0.6808,-0.4767,2,12,3
2023-11-27,47,0.0461,0.7269,-0.5994,9,21,13
2023-11-28,73,0.094,0.8519,-0.802,13,26,11
2023-12-01,80,0.1259,0.7269,-0.83,15,36,13
2023-12-02,23,0.0406,0.5046,-0.6124,3,9,3
2023-12-03,16,0.1548,0.8176,-0.8316,4,7,3
2023-12-04,61,0.0465,0.8271,-0.8397,13,23,14
2023-12-05,81,0.1092,0.9231,-0.8519,14,30,11
2023-12-06,68,0.1244,0.7096,-0.6808,13,28,11
2023-12-07,70,0.0919,0.8204,-0.7906,9,30,12
2023-12-08,93,0.1681,0.9118,-0.7003,24,32,11
2023-12-09,33,0.121,0.6908,-0.6249,5,14,6
2023-12-10,21,0.0939,0.6956,-0.5994,3,9,4
2023-12-11,67,0.1441,0.9268,-0.6107,10,34,10
2023-12-12,87,0.0664,0.6398,-0.886,10,32,11
2023-12-13,96,0.0745,0.8495,-0.7269,11,38,15
2023-12-14,80,0.1159,0.8834,-0.7783,18,29,15
2023-12-15,74,0.0654,0.7777,-0.8481,7,28,10
2023-12-16,30,0.1112,0.6597,-0.5994,6,6,3
2023-12-17,29,0.1873,0.6997,-0.4767,3,14,2
2023-12-18,73,0.147,0.872,-0.7506,9,33,8
2023-12-19,94,0.122,0.8885,-0.7351,18,32,12
2023-12-20,90,0.0706,0.7184,-0.8176,12,37,18
2023-12-21,89,0.1099,0.7184,-0.7184,9,40,14
2023-12-22,84,0.1228,0.8481,-0.8591,17,25,8
2023-12-23,29,-0.0273,0.5719,-0.5719,5,12,9
2023-12-24,17,0.25,0.8689,-0.3612,3,8,1
2023-12-25,34,0.1085,0.8481,-0.5574,5,17,8
2023-12-26,85,0.0143,0.7203,-0.8834,10,40,20
2023-12-27,76,0.1388,0.7783,-0.765,13,33,11
2023-12-28,81,0.0753,0.7906,-0.8047,18,34,14
2023-12-29,72,0.0633,0.8316,-0.8714,16,33,16
2024-01-01,58,0.0296,0.7845,-0.8622,8,22,13
2024-01-02,82,0.0854,0.8271,-0.6908,14,29,14
2024-01-03,87,0.0995,0.7783,-0.6597,9,35,12
2024-01-04,80,0.0771,0.7783,-0.8271,11,31,11
2024-01-05,77,0.1205,0.875,-0.7717,12,34,12
2024-01-06,33,-0.039,0.5106,-0.7351,6,10,9
2024-01-07,25,0.0711,0.6369,-0.5994,2,12,5
2024-01-08,79,0.1189,0.8555,-0.7096,11,28,9
2024-01-09,73,0.0278,0.8268,-0.8442,12,27,14
2024-01-10,84,0.1708,0.8868,-0.8519,19,28,9
2024-01-11,101,0.1198,0.8689,-0.8316,13,41,13
2024-01-12,95,0.1182,0.7717,-0.6249,12,51,19
2024-01-13,35,0.1039,0.802,-0.7845,8,9,4
2024-01-14,23,-0.1216,0.6369,-0.7543,8,3,8
2024-01-15,80,0.1242,0.8074,-0.8625,13,22,5
2024-01-16,100,0.0818,0.7964,-0.7184,19,34,17
2024-01-17,82,0.053,0.8176,-0.8176,13,31,15
2024-01-18,105,0.0637,0.7783,-0.7506,19,47,26
2024-01-19,97,0.1524,0.8225,-0.7845,21,33,12
2024-01-20,79,0.1318,0.743,-0.5859,9,43,14
2024-01-21,26,0.1994,0.765,-0.4019,2,14,2
2024-01-22,48,0.1797,0.7184,-0.9001,11,25,8
2024-01-23,93,0.1468,0.743,-0.802,15,41,11
2024-01-24,107,0.2027,0.8316,-0.7003,20,48,11
2024-01-25,84,0.1428,0.6908,-0.7184,10,35,8
2024-01-26,42,0.0363,0.6597,-0.8074,3,14,6
2024-01-27,19,0.1775,0.8225,-0.6705,6,8,4
2024-01-28,18,0.1366,0.8885,-0.296,2,7,2
2024-01-29,112,0.0553,0.8074,-0.9169,16,49,24
2024-02-01,128,0.0866,0.6808,-0.8807,18,53,22
2024-02-02,107,0.1819,0.8316,-0.7351,16,49,10
2024-02-03,42,0.0575,0.802,-0.6705,7,18,10
2024-02-04,29,0.0935,0.7717,-0.6249,6,10,6
2024-02-05,84,0.0896,0.7184,-0.836,12,39,15
2024-02-06,114,0.1314,0.75,-0.802,19,44,14
2024-02-07,97,0.214,0.7579,-0.6808,16,38,4
2024-02-08,117,0.0765,0.7351,-0.9022,17,54,26
2024-02-09,92,0.0989,0.7269,-0.836,12,43,15
2024-02-10,29,0.1212,0.6369,-0.5574,4,13,5
2024-02-11,28,0.2242,0.6551,-0.6249,4,17,4
2024-02-12,77,0.1227,0.802,-0.802,12,34,10
2024-02-13,73,0.1267,0.765,-0.7184,8,32,9
2024-02-14,83,0.0699,0.6908,-0.5574,10,34,14
2024-02-15,65,0.1232,0.7506,-0.6124,7,28,8
2024-02-16,78,0.0607,0.836,-0.6808,12,39,19
2024-02-17,17,0.0595,0.4767,-0.3182,0,7,2
2024-02-18,18,0.1366,0.7351,-0.2732,2,8,3
2024-02-19,50,0.1472,0.7184,-0.4404,7,21,5
2024-02-20,77,0.0653,0.6597,-0.7506,12,26,13
2024-02-21,75,0.0498,0.7096,-0.7184,10,25,12
2024-02-22,59,0.0634,0.765,-0.8885,11,24,12
2024-02-23,60,0.1182,0.7506,-0.7906,14,23,9
2024-02-24,28,0.0047,0.7184,-0.8316,6,11,9
2024-02-25,13,0.113,0.6808,-0.34,1,5,1
2024-02-26,79,0.0679,0.7845,-0.5994,8,25,9
2024-02-27,79,0.0152,0.7579,-0.7269,9,17,10
2024-03-01,76,0.0786,0.743,-0.6249,10,23,8
2024-03-02,24,0.0678,0.6908,-0.8176,9,8,6
2024-03-03,18,0.1722,0.5267,0.0,1,7,0
2024-03-04,65,0.1107,0.8481,-0.6597,11,22,8
2024-03-05,78,0.0922,0.8271,-0.5994,10,32,14
2024-03-06,88,0.1289,0.743,-0.5574,11,36,10
2024-03-07,95,0.124,0.8176,-0.8481,14,36,11
2024-03-08,43,0.1034,0.7184,-0.5994,10,15,8
2024-03-09,20,0.072,0.5719,-0.7506,3,8,4
2024-03-10,17,0.0267,0.6486,-0.8625,3,7,4
2024-03-11,65,0.1294,0.9081,-0.743,14,26,11
2024-03-12,81,0.1235,0.8271,-0.5994,12,31,12
2024-03-13,90,0.0787,0.7579,-0.6705,11,30,12
2024-03-14,69,0.0908,0.7269,-0.7264,14,23,9
2024-03-15,76,0.0976,0.8658,-0.6249,13,39,17
2024-03-16,28,0.1188,0.5859,-0.296,2,17,6
2024-03-17,12,-0.0741,0.4404,-0.6597,2,3,3
2024-03-18,55,0.1376,0.7717,-0.8176,13,23,10
2024-03-19,69,0.075,0.7964,-0.8689,10,30,15
2024-03-20,54,0.1645,0.6908,-0.296,8,19,3
2024-03-21,49,0.079,0.7506,-0.5994,5,17,5
2024-03-22,69,0.1131,0.8885,-0.8481,15,24,11
2024-03-23,16,0.2942,0.7964,0.0,5,4,0
2024-03-24,20,0.0431,0.8481,-0.5423,4,5,4
2024-03-25,20,0.0631,0.765,-0.4767,2,11,5
2024-03-26,80,0.112,0.8074,-0.7096,10,29,9
2024-03-27,69,0.0885,0.7579,-0.7845,12,22,12
2024-03-28,58,0.1095,0.6808,-0.4019,7,21,8
2024-03-29,34,0.0464,0.7269,-0.743,4,13,6
2024-04-01,70,0.082,0.836,-0.7269,14,25,12
2024-04-02,49,0.1015,0.6124,-0.7906,9,20,9
2024-04-03,58,0.0677,0.8462,-0.7351,13,18,11
2024-04-04,71,0.0689,0.7712,-0.765,11,31,13
2024-04-05,88,0.1033,0.7351,-0.8555,13,40,13
2024-04-06,19,0.1452,0.7783,-0.4871,2,6,1
2024-04-07,17,0.0702,0.6705,-0.6597,3,6,3
2024-04-08,74,0.0269,0.6908,-0.7783,12,25,14
2024-04-09,64,0.1522,0.7906,-0.6486,11,27,8
2024-04-10,76,0.0904,0.8625,-0.7906,13,24,14
2024-04-11,38,0.049,0.8122,-0.7579,5,17,9
2024-04-12,75,0.083,0.765,-0.8176,15,33,15
2024-04-13,19,0.0887,0.8807,-0.25,2,7,3
2024-04-14,12,-0.0794,0.4939,-0.7351,4,4,4
2024-04-15,71,0.0466,0.8442,-0.8316,16,23,15
2024-04-16,77,0.1078,0.7184,-0.743,10,36,10
2024-04-17,41,-0.0331,0.6124,-0.891,10,18,14
2024-04-18,82,0.0821,0.8834,-0.8625,12,32,14
2024-04-19,82,0.0585,0.7351,-0.8176,11,34,18
2024-04-20,18,0.1676,0.8779,-0.4588,3,8,3
2024-04-21,18,0.1405,0.6124,-0.128,3,4,1
2024-04-22,76,0.1493,0.8316,-0.6124,17,31,15
2024-04-23,100,0.1142,0.8271,-0.8402,23,36,16
2024-04-24,93,0.1312,0.7003,-0.5859,10,52,12
2024-04-25,97,0.1319,0.8271,-0.8225,9,44,12
2024-04-26,79,0.1654,0.8842,-0.6908,15,33,12
2024-04-27,48,0.1714,0.8225,-0.5574,11,20,8
2024-04-28,32,0.0823,0.7845,-0.6705,6,9,5
2024-05-01,50,0.1567,0.7964,-0.5994,12,22,7
2024-05-02,90,0.1444,0.8225,-0.6486,14,43,13
2024-05-03,69,0.1584,0.7351,-0.7906,10,33,10
2024-05-04,27,-0.033,0.7096,-0.6369,3,6,6
2024-05-05,22,0.0873,0.6908,-0.5574,5,8,5
2024-05-06,66,0.1535,0.7501,-0.7351,13,28,8
2024-05-07,73,0.1924,0.8834,-0.6705,12,36,8
2024-05-08,108,0.1659,0.8807,-0.9136,16,43,10
2024-05-09,105,0.1687,0.8555,-0.6369,14,45,11
2024-05-10,95,0.138,0.8126,-0.8658,19,25,9
2024-05-11,27,0.142,0.8807,-0.6705,7,11,5
2024-05-12,21,0.1091,0.743,-0.8689,4,5,2
2024-05-13,74,0.1493,0.6486,-0.5267,8,41,10
2024-05-14,84,0.1689,0.8225,-0.872,13,36,7
2024-05-15,88,0.1538,0.765,-0.7476,18,32,10
2024-05-16,96,0.1094,0.7783,-0.7351,9,41,13
2024-05-17,88,0.0971,0.8402,-0.7096,11,47,20
2024-05-18,37,0.121,0.7579,-0.636,5,25,9
2024-05-19,16,0.1057,0.7964,-0.4404,3,8,4
2024-05-20,47,0.0254,0.8316,-0.8442,8,21,13
2024-05-21,84,0.1082,0.765,-0.886,14,38,14
2024-05-22,90,0.1538,0.7096,-0.5994,9,51,12
2024-05-23,93,0.1085,0.7351,-0.6486,10,43,15
2024-05-24,81,0.1964,0.802,-0.6369,20,32,10
2024-05-25,23,0.1374,0.7184,-0.5994,3,11,3
2024-05-26,26,0.0241,0.7178,-0.6908,7,11,7
2024-05-27,71,0.0771,0.7783,-0.6124,9,33,14
2024-05-28,81,0.1505,0.7184,-0.8316,12,35,10
2024-05-29,74,0.1157,0.8402,-0.5994,8,42,14
2024-06-01,27,0.0719,0.5562,-0.6486,5,15,8
2024-06-02,23,0.0649,0.802,-0.7906,6,10,6
2024-06-03,66,0.124,0.8807,-0.835,19,23,12
2024-06-04,48,0.0981,0.6908,-0.7506,9,21,9
2024-06-05,62,0.1491,0.8689,-0.8176,13,26,8
2024-06-06,86,0.1044,0.7865,-0.7184,18,25,13
2024-06-07,96,0.1041,0.7783,-0.7184,15,32,13
2024-06-08,31,0.0924,0.8074,-0.5423,7,12,8
2024-06-09,20,0.1199,0.7184,-0.4939,3,10,4
2024-06-10,28,0.1398,0.7088,-0.7184,7,11,4
2024-07-01,87,0.1552,0.8633,-0.9118,17,36,11
2024-07-02,72,0.0812,0.7269,-0.7579,11,28,12
2024-07-03,94,0.068,0.8091,-0.7351,10,36,14
2024-07-04,88,0.1925,0.7424,-0.5994,15,38,9
2024-07-05,92,0.1001,0.8689,-0.8658,13,38,17
2024-07-06,25,0.0342,0.4847,-0.5574,1,10,5
2024-07-07,26,0.0567,0.7506,-0.891,6,8,6
2024-07-08,82,0.1154,0.8402,-0.7579,10,32,10
2024-07-09,89,0.1412,0.802,-0.875,21,35,12
2024-07-10,94,0.0748,0.8519,-0.743,21,33,18
2024-07-11,95,0.0883,0.7964,-0.926,18,35,18
2024-07-12,57,0.1181,0.8221,-0.6114,11,18,9
2024-08-01,114,0.1542,0.9001,-0.7269,21,45,16
2024-08-02,103,0.1077,0.7096,-0.8777,17,42,16
2024-08-03,43,0.1071,0.8481,-0.9217,9,15,7
2024-08-04,36,0.1345,0.7845,-0.8555,8,17,8
2024-08-05,103,0.0082,0.8074,-0.836,13,47,27
2024-08-06,102,0.1185,0.875,-0.926,16,49,17
2024-08-07,108,0.1675,0.875,-0.8658,20,42,12
2024-08-08,144,0.1178,0.7003,-0.5994,19,73,25
2024-08-09,82,0.1925,0.7845,-0.4215,11,38,8
2024-08-10,37,0.0673,0.7184,-0.9001,6,13,6
2024-08-11,43,-0.0018,0.6115,-0.8442,5,21,12
2024-08-12,105,0.1197,0.8591,-0.7778,23,43,19
2024-08-13,102,0.1725,0.886,-0.9393,19,41,10
2024-08-14,96,0.0841,0.7579,-0.8126,17,43,19
2024-08-15,33,0.0478,0.7184,-0.5574,4,17,8
2024-08-16,65,0.1819,0.7184,-0.6808,14,25,7
2024-08-17,31,0.0025,0.7579,-0.9186,10,13,10
2024-08-18,24,0.1194,0.6597,-0.4767,5,10,5
2024-08-19,86,0.0944,0.8271,-0.802,10,41,14
2024-08-20,75,0.0852,0.8074,-0.7579,14,37,19
2024-08-21,96,0.1118,0.7906,-0.7906,19,39,16
2024-08-22,74,0.074,0.93,-0.9001,14,31,15
2024-08-23,82,0.0866,0.7845,-0.7269,12,37,18
2024-08-24,32,0.0942,0.7717,-0.6486,10,17,9
2024-08-25,25,0.0247,0.743,-0.8442,9,6,7
2024-08-26,84,0.034,0.8271,-0.7096,12,43,24
2024-08-27,77,0.1096,0.9153,-0.7184,10,36,12
2024-08-28,99,0.1133,0.8074,-0.8126,24,36,19
2024-08-29,115,0.1526,0.8402,-0.9616,27,45,19
2024-09-01,22,-0.0387,0.5106,-0.8481,4,6,5
2024-09-02,76,0.0743,0.8402,-0.7845,10,32,14
2024-09-03,83,0.1158,0.8271,-0.6249,15,36,16
2024-09-04,92,0.0585,0.8481,-0.7096,13,38,18
2024-09-05,106,0.0988,0.8176,-0.8481,19,49,24
2024-09-06,87,0.1003,0.8807,-0.6705,20,41,20
2024-09-07,28,-0.0279,0.7184,-0.8225,10,10,9
2024-09-08,17,-0.0157,0.6908,-0.6597,3,7,6
2024-09-09,86,0.14,0.8316,-0.8481,11,39,13
2024-09-10,117,0.0861,0.7964,-0.8074,15,49,15
2024-09-11,89,0.0521,0.7096,-0.9169,10,46,19
2024-09-12,101,0.1519,0.7717,-0.8402,17,54,16
2024-09-13,74,0.042,0.7184,-0.7906,13,36,21
2024-09-14,33,-0.0299,0.5719,-0.8074,9,16,12
2024-09-15,20,-0.1177,0.7425,-0.9042,5,6,7
2024-09-16,85,0.1089,0.8122,-0.8316,20,26,14
2024-09-17,80,0.0079,0.7717,-0.8271,7,40,22
2024-09-18,92,0.0479,0.7845,-0.7783,11,42,19
2024-09-19,95,0.0296,0.8221,-0.8126,22,42,28
2024-09-20,85,0.0852,0.8481,-0.8316,15,36,13
2024-09-21,25,0.0454,0.7717,-0.8462,7,13,10
2024-09-22,22,0.0913,0.796,-0.9081,8,9,5
2024-09-23,79,0.1637,0.8221,-0.6597,17,25,7
2024-09-24,86,0.0903,0.7351,-0.6597,11,39,13
2024-09-25,99,0.1874,0.836,-0.4939,14,50,11
2024-09-26,105,0.1319,0.8941,-0.6808,21,43,14
2024-09-27,98,0.1201,0.7992,-0.836,10,47,13
2024-09-28,41,0.0043,0.743,-0.7964,7,16,12
2024-10-01,114,0.0898,0.7184,-0.9201,19,45,16
2024-10-02,38,0.0572,0.6597,-0.5994,4,10,4
2024-10-03,101,0.0333,0.7783,-0.891,20,43,25
2024-10-04,91,0.0639,0.7783,-0.802,23,35,22
2024-10-05,36,0.0021,0.6808,-0.802,7,16,12
2024-10-06,32,-0.1066,0.6597,-0.765,9,12,13
2024-10-07,93,0.1345,0.8834,-0.7783,19,36,13
2024-10-08,76,0.0344,0.8271,-0.8555,12,30,17
2024-10-09,111,0.1151,0.8225,-0.7351,18,41,16
2024-10-10,79,0.0153,0.7506,-0.7579,14,28,18
2024-10-11,62,0.1275,0.7906,-0.7717,15,24,9
2024-10-12,24,0.0409,0.8126,-0.6705,3,14,7
2024-11-01,41,0.0556,0.7506,-0.6124,10,10,7
2024-11-02,19,0.0993,0.5423,0.0,1,4,0
2024-11-03,21,-0.0482,0.6808,-0.6808,5,9,7
2024-11-04,81,0.076,0.802,-0.7003,17,32,17
2024-11-05,93,0.0784,0.8074,-0.8074,9,47,17
2024-11-06,90,0.1729,0.8176,-0.5423,18,41,14
2024-11-07,91,0.1389,0.7717,-0.7906,14,45,15
2024-11-08,112,0.1234,0.802,-0.7351,13,61,22
2024-11-09,28,0.1067,0.765,-0.7579,7,11,6
2024-11-10,30,-0.0163,0.7506,-0.7717,6,10,9
2024-11-11,13,0.103,0.5423,-0.5106,3,3,1
2024-12-01,24,-0.0476,0.7003,-0.8074,10,4,7
2024-12-02,98,0.0764,0.9062,-0.8316,22,44,24
2024-12-03,86,0.0905,0.7845,-0.9538,25,29,17
2024-12-04,96,0.0214,0.6908,-0.8591,15,51,30
2024-12-05,87,0.0065,0.8176,-0.8979,19,41,26
2024-12-06,126,0.0609,0.8176,-0.891,32,56,27
2024-12-07,44,-0.1309,0.7717,-0.875,14,17,20
2024-12-08,31,-0.1137,0.6115,-0.9169,8,16,14
2024-12-09,77,0.0198,0.7783,-0.8885,14,32,20
2024-12-10,101,0.0897,0.8934,-0.8658,22,38,16
2025-01-01,63,0.0676,0.7184,-0.7964,12,30,17
2025-01-02,79,0.1042,0.7845,-0.875,19,32,14
2025-01-03,86,0.1225,0.8176,-0.765,24,35,18
2025-01-04,44,0.0263,0.743,-0.8316,10,20,12
2025-01-05,16,0.0514,0.6705,-0.743,2,6,3
2025-01-06,79,0.1164,0.7964,-0.8979,18,33,15
2025-01-07,98,0.1055,0.8957,-0.7003,19,40,19
2025-01-08,90,0.0914,0.872,-0.875,22,36,20
2025-01-09,93,0.1516,0.8934,-0.8519,14,49,12
2025-01-10,96,0.0693,0.8822,-0.7351,14,41,16
2025-01-11,37,-0.0098,0.836,-0.872,11,13,12
2025-01-12,20,0.1134,0.6369,-0.4215,2,9,2
2025-01-13,101,0.076,0.8934,-0.7184,15,44,18
2025-01-14,24,0.1773,0.7184,-0.4767,3,14,4
2025-02-01,154,0.1067,0.8316,-0.7818,33,63,28
2025-02-02,49,0.212,0.9231,-0.5994,14,18,7
2025-02-03,102,0.1021,0.9466,-0.8074,17,47,19
2025-02-04,115,0.0477,0.8655,-0.8316,22,48,27
2025-02-05,95,0.0589,0.7579,-0.7778,19,44,25
2025-02-06,91,0.1146,0.7783,-0.875,13,48,19
2025-02-07,111,0.0421,0.7964,-0.7964,18,56,35
2025-02-08,44,0.0226,0.7717,-0.7906,11,17,11
2025-02-09,25,0.0195,0.7096,-0.5267,3,12,7
2025-02-10,51,0.0692,0.5574,-0.5994,5,23,8
2025-03-01,47,0.0142,0.7184,-0.7783,9,23,16
2025-03-02,27,-0.1139,0.6369,-0.7906,10,7,11
2025-03-03,80,0.0363,0.9274,-0.8955,17,34,21
2025-03-04,82,0.0224,0.743,-0.772,16,36,18
2025-03-05,100,0.0172,0.8176,-0.9186,21,46,29
2025-03-06,92,-0.0294,0.7964,-0.8957,18,42,31
2025-03-07,85,0.0157,0.7096,-0.802,16,39,25
2025-03-08,45,0.0317,0.8402,-0.8658,12,19,13
2025-03-09,22,-0.0617,0.7184,-0.6705,7,7,9
2025-03-10,83,-0.0728,0.9013,-0.7964,16,35,31
2025-03-11,62,0.05,0.7906,-0.8074,23,26,20
2025-04-01,89,0.0835,0.8316,-0.936,18,37,17
2025-04-02,114,0.0527,0.8074,-0.9565,25,58,36
2025-04-03,120,-0.0252,0.8126,-0.9001,27,44,40
2025-04-04,109,-0.0555,0.7096,-0.8176,26,43,36
2025-04-05,49,-0.1682,0.9022,-0.8924,18,23,28
2025-04-06,36,0.0534,0.8658,-0.9509,7,17,7
2025-04-07,114,-0.1476,0.6808,-0.8885,25,51,54
2025-04-08,108,-0.0593,0.836,-0.9531,42,43,45
2025-04-09,133,-0.099,0.7351,-0.875,37,61,61
2025-04-10,108,0.0094,0.7906,-0.8689,35,49,38
2025-04-11,53,-0.0018,0.8519,-0.9517,12,25,18
2025-05-01,69,0.063,0.7783,-0.872,17,23,14
2025-05-02,96,0.1301,0.802,-0.6705,23,44,24
2025-05-03,40,0.0034,0.6908,-0.7964,8,19,12
2025-05-04,30,0.0293,0.8176,-0.8225,11,8,8
2025-05-05,100,0.0477,0.8625,-0.8625,21,45,28
2025-05-06,96,0.045,0.7964,-0.8555,23,53,32
2025-05-07,93,0.0235,0.875,-0.836,25,43,30
2025-05-08,101,-0.0369,0.8225,-0.8555,23,43,36
2025-05-09,113,-0.06,0.8555,-0.8176,34,54,49
2025-05-10,39,-0.144,0.7096,-0.8074,13,16,19
2025-05-11,26,-0.0561,0.8625,-0.9081,6,14,12
2025-05-12,96,0.0172,0.8074,-0.8422,24,42,32
2025-05-13,121,0.0876,0.8442,-0.8555,30,56,34
2025-06-01,31,-0.1895,0.7184,-0.9287,8,14,16
2025-06-02,128,-0.0164,0.9022,-0.9169,24,61,40
2025-06-03,97,0.007,0.8591,-0.8834,20,59,34
2025-06-04,103,-0.0079,0.807,-0.8858,23,55,36
2025-06-05,94,-0.0032,0.8442,-0.8934,24,45,28
2025-06-06,140,0.0856,0.7845,-0.8689,35,64,35
2025-06-07,52,0.0076,0.7964,-0.8481,14,24,19
2025-06-08,32,-0.121,0.4927,-0.7783,6,13,13
2025-06-09,105,0.0322,0.7269,-0.9062,30,41,28
2025-06-10,46,0.1648,0.8176,-0.7263,12,16,5
2025-06-11,83,0.1035,0.7574,-0.743,22,29,16
2025-06-12,4,-0.2156,0.6908,-0.6808,3,1,3
2025-06-13,2,-0.4008,-0.3612,-0.4404,0,2,2
2025-06-14,2,-0.201,0.0,-0.4019,0,1,1
2025-06-15,1,0.7184,0.7184,0.7184,1,0,0
2025-06-16,4,-0.0388,0.3612,-0.7351,1,3,2
2025-06-17,8,-0.1378,0.4019,-0.5994,1,4,4
2025-06-18,3,-0.414,-0.3182,-0.5641,1,2,3
2025-06-19,8,-0.2713,0.2846,-0.5267,1,7,6
2025-06-20,2,-0.5252,-0.4019,-0.6486,1,1,2
2025-06-22,2,-0.0209,0.34,-0.3818,0,2,1
2025-06-23,6,-0.0918,0.34,-0.5423,1,3,2
2025-06-24,4,-0.1944,0.3818,-0.6249,2,2,2
2025-06-25,1,-0.4215,-0.4215,-0.4215,0,1,1
2025-06-26,5,-0.1871,0.1779,-0.8402,1,2,2
2025-06-27,3,0.3348,0.5106,0.0,1,1,0
2025-06-28,1,-0.5994,-0.5994,-0.5994,1,0,1
2025-06-29,2,-0.6327,-0.3612,-0.9042,1,1,2
2025-06-30,1,-0.6249,-0.6249,-0.6249,1,0,1
2025-07-01,1,-0.6249,-0.6249,-0.6249,1,0,1
2025-07-02,3,-0.1481,0.2263,-0.6705,1,1,1
2025-07-04,1,0.0,0.0,0.0,0,0,0
2025-07-06,1,-0.8591,-0.8591,-0.8591,1,0,1
2025-07-07,7,-0.2825,0.0,-0.5267,1,4,5
2025-07-08,5,-0.5423,-0.2183,-0.8271,2,3,5
2025-07-09,1,0.0,0.0,0.0,0,0,0
2025-07-10,8,-0.2832,0.0,-0.5994,2,3,5
2025-07-11,4,-0.4692,-0.296,-0.7003,1,3,4
2025-07-12,1,0.296,0.296,0.296,0,1,0
2025-07-14,3,-0.4332,0.2263,-0.8555,2,1,2
2025-07-15,4,-0.11,0.34,-0.5994,1,3,2
2025-07-16,6,-0.262,0.2023,-0.6908,2,2,3
2025-07-17,3,-0.2462,-0.1027,-0.34,0,3,3
2025-07-18,3,-0.5017,0.0,-0.7783,2,0,2
2025-07-19,2,-0.5525,-0.34,-0.765,1,1,2
2025-07-20,1,0.7165,0.7165,0.7165,1,0,0
2025-07-21,1,-0.8689,-0.8689,-0.8689,1,0,1
2025-07-22,2,-0.6732,-0.5994,-0.7469,2,0,2
2025-07-23,4,0.106,0.5859,-0.34,1,2,1
2025-07-24,7,-0.0368,0.801,-0.4588,1,6,5
2025-07-25,6,-0.0055,0.7184,-0.6486,2,1,2
2025-07-26,1,0.3612,0.3612,0.3612,0,1,0
2025-07-27,2,-0.2994,0.128,-0.7269,1,1,1
2025-07-28,3,-0.1979,0.1531,-0.7469,1,1,1
2025-07-29,3,-0.081,0.3818,-0.6249,1,1,1
2025-07-30,5,0.1509,0.6428,-0.296,2,2,2
2025-07-31,7,-0.1895,0.6908,-0.7717,3,2,4
2025-08-01,4,0.196,0.5106,0.0,1,1,0
2025-08-02,2,-0.426,0.0,-0.8519,1,0,1
2025-08-03,2,-0.353,0.1531,-0.8591,1,1,1
2025-08-04,4,-0.406,0.0,-0.8555,2,0,2
2025-08-05,4,-0.3791,0.0,-0.5994,1,2,3
2025-08-06,5,0.2443,0.5106,-0.1027,1,4,1
2025-08-07,9,-0.2159,0.3612,-0.5994,4,5,5
2025-08-09,1,0.3612,0.3612,0.3612,0,1,0
2025-08-10,2,0.4716,0.6249,0.3182,1,1,0
2025-08-11,1,-0.5267,-0.5267,-0.5267,1,0,1
2025-08-12,5,-0.235,0.2263,-0.5829,2,3,3
2025-08-13,4,-0.2517,0.4019,-0.6249,2,2,3
2025-08-14,2,-0.2972,0.1059,-0.7003,1,1,1
2025-08-15,2,0.3913,0.5095,0.2732,1,1,0
2025-08-16,1,-0.6249,-0.6249,-0.6249,1,0,1
2025-08-18,2,0.1118,0.2235,0.0,0,1,0
2025-08-19,2,0.1659,0.9313,-0.5994,2,0,1
2025-08-20,3,0.0429,0.4019,-0.2732,0,2,1
2025-08-21,2,-0.538,-0.4767,-0.5994,1,1,2
2025-08-22,2,0.2424,0.7579,-0.2732,1,1,1
2025-08-25,1,0.0,0.0,0.0,0,0,0
2025-08-26,1,-0.1531,-0.1531,-0.1531,0,1,1
2025-08-27,5,0.0107,0.4404,-0.5574,1,3,2
2025-08-28,1,-0.6249,-0.6249,-0.6249,1,0,1
2025-08-29,2,-0.4033,-0.296,-0.5106,1,1,2
2025-08-31,1,0.0,0.0,0.0,0,0,0
2025-09-01,6,-0.5466,0.0,-0.8555,4,1,5
2025-09-02,7,-0.105,0.4215,-0.765,2,3,2
2025-09-03,2,0.6516,0.6908,0.6124,2,0,0
2025-09-04,2,-0.5092,-0.3182,-0.7003,1,1,2
2025-09-05,4,-0.2238,0.128,-0.6705,1,3,3
2025-09-07,1,0.0,0.0,0.0,0,0,0
2025-09-08,1,-0.34,-0.34,-0.34,0,1,1
2025-09-09,3,0.0754,0.2263,0.0,0,1,0
2025-09-10,2,-0.2846,-0.2732,-0.296,0,2,2
2025-09-11,6,-0.272,0.2732,-0.7964,2,2,3
2025-09-12,4,-0.1895,0.0,-0.7579,1,0,1
2025-09-13,1,-0.34,-0.34,-0.34,0,1,1
2025-09-14,1,0.5719,0.5719,0.5719,1,0,0
2025-09-15,3,-0.382,-0.0495,-0.7783,1,2,3
2025-09-16,7,-0.079,0.3818,-0.5423,1,4,3
2025-09-17,3,-0.1119,0.5267,-0.8625,2,0,1
2025-09-18,3,0.526,0.6605,0.4588,1,2,0
2025-09-19,1,0.0,0.0,0.0,0,0,0
2025-09-20,3,-0.602,-0.5157,-0.6908,3,0,3
2025-09-21,1,0.0,0.0,0.0,0,0,0
2025-09-23,1,0.3818,0.3818,0.3818,0,1,0
2025-09-24,5,0.2307,0.7717,0.0,1,1,0
2025-09-25,1,-0.4939,-0.4939,-0.4939,0,1,1
2025-09-26,3,0.0106,0.34,-0.5106,1,2,1
2025-09-28,1,-0.6249,-0.6249,-0.6249,1,0,1
2025-09-29,7,-0.1389,0.0258,-0.5267,1,3,3
2025-09-30,3,-0.0319,0.0,-0.0956,0,1,1
2025-10-02,2,-0.2294,0.0,-0.4588,0,1,1
2025-10-03,1,0.7579,0.7579,0.7579,1,0,0
2025-10-06,3,-0.3208,0.4939,-0.8988,2,1,2
2025-10-07,3,-0.134,0.0,-0.4019,0,1,1
2025-10-08,3,0.3504,0.7351,-0.1779,1,2,1
2025-10-09,2,-0.3314,-0.0258,-0.6369,1,1,2
2025-10-10,2,0.0355,0.6705,-0.5994,2,0,1
2025-10-11,2,0.201,0.4019,0.0,0,1,0
2025-10-12,2,-0.293,0.0,-0.5859,1,0,1
2025-10-13,4,-0.1435,0.6249,-0.5994,3,0,2
2025-10-14,3,-0.0256,0.0258,-0.1027,0,2,1
2025-10-15,4,-0.0793,0.4588,-0.4404,0,4,2
2025-10-16,5,-0.1081,0.3818,-0.5719,1,2,2
2025-10-17,3,-0.2752,0.0,-0.5994,1,1,2
2025-10-18,1,0.6808,0.6808,0.6808,1,0,0
2025-10-20,1,-0.6369,-0.6369,-0.6369,1,0,1
2025-10-21,1,-0.2732,-0.2732,-0.2732,0,1,1
2025-10-22,6,-0.0047,0.3818,-0.6124,1,2,1
2025-10-23,1,0.0,0.0,0.0,0,0,0
2025-10-24,3,0.4479,0.7717,0.0,2,0,0
2025-10-26,2,0.3554,0.8387,-0.128,1,1,1
2025-10-27,1,0.0,0.0,0.0,0,0,0
2025-10-28,5,0.1299,0.743,-0.25,2,3,3
2025-10-29,5,-0.0843,0.1779,-0.5994,1,1,1
2025-10-30,5,0.0456,0.6522,-0.296,1,2,2
2025-10-31,1,-0.5267,-0.5267,-0.5267,1,0,1
2025-11-02,1,-0.7579,-0.7579,-0.7579,1,0,1
2025-11-03,5,0.0685,0.8316,-0.765,4,1,2
2025-11-04,5,-0.2097,0.5267,-0.836,3,2,3
2025-11-05,1,0.0,0.0,0.0,0,0,0
2025-11-06,7,-0.1518,0.5945,-0.7964,2,4,4
2025-11-07,2,0.1654,0.4588,-0.128,0,2,1
2025-11-08,1,0.0,0.0,0.0,0,0,0
2025-11-09,2,-0.3721,-0.0258,-0.7184,1,1,2
2025-11-10,2,0.2212,0.4939,-0.0516,0,2,1
2025-11-11,4,0.0999,0.4767,-0.0772,0,2,1
2025-11-12,3,-0.4996,-0.4215,-0.6369,1,2,3
2025-11-13,3,-0.2465,0.0,-0.6369,1,1,2
2025-11-14,2,0.0418,0.4019,-0.3182,0,2,1
2025-11-15,2,-0.2202,0.0,-0.4404,0,1,1
2025-11-17,6,0.0563,0.5574,-0.5574,2,3,2
2025-11-18,1,-0.765,-0.765,-0.765,1,0,1
2025-11-19,4,0.3071,0.5267,0.0018,1,3,0
2025-11-20,3,-0.1808,0.0,-0.5423,1,0,1
2025-11-21,2,-0.089,0.0,-0.1779,0,1,1
2025-11-22,1,0.0,0.0,0.0,0,0,0
2025-11-23,1,-0.7845,-0.7845,-0.7845,1,0,1
2025-11-25,1,0.0,0.0,0.0,0,0,0
2025-11-26,3,-0.3819,0.4588,-0.8615,2,1,2
2025-11-27,2,0.3702,0.6124,0.128,1,1,0
2025-11-29,1,-0.5994,-0.5994,-0.5994,1,0,1
2025-12-01,1,-0.296,-0.296,-0.296,0,1,1
2025-12-02,3,0.0106,0.5423,-0.5106,2,0,1
2025-12-03,3,0.0794,0.2382,0.0,0,1,0
2025-12-04,1,-0.0516,-0.0516,-0.0516,0,1,1
2025-12-05,6,-0.0279,0.6249,-0.7003,3,2,2
2025-12-06,2,-0.117,0.1779,-0.4118,0,2,1
2025-12-07,2,0.0883,0.2023,-0.0258,0,2,1
2025-12-08,4,-0.1697,0.4939,-0.6486,1,3,3
2025-12-09,4,-0.4246,0.5267,-0.875,4,0,3
2025-12-10,2,0.2023,0.2023,0.2023,0,2,0
2025-12-11,5,-0.0281,0.7351,-0.5574,2,1,2
2025-12-12,3,-0.0709,0.2263,-0.4391,0,2,1
2025-12-14,1,0.0,0.0,0.0,0,0,0
2025-12-15,3,0.1529,0.4588,0.0,0,1,0
2025-12-16,8,-0.1934,0.7003,-0.5106,3,3,5
2025-12-17,4,-0.2404,0.0,-0.4588,0,3,3
2025-12-18,6,0.198,0.4588,-0.1335,0,5,1
2025-12-19,5,-0.0766,0.6249,-0.7003,3,1,2
2025-12-20,2,0.293,0.5859,0.0,1,0,0
2025-12-21,1,-0.7783,-0.7783,-0.7783,1,0,1
2025-12-22,1,-0.5423,-0.5423,-0.5423,1,0,1
2025-12-23,1,-0.7269,-0.7269,-0.7269,1,0,1
2025-12-24,1,0.7391,0.7391,0.7391,1,0,0
2025-12-29,1,0.4767,0.4767,0.4767,0,1,0
2025-12-30,6,-0.2239,0.0,-0.5994,1,2,3
2025-12-31,4,-0.0177,0.2023,-0.2732,0,2,1
2026-01-01,1,0.6249,0.6249,0.6249,1,0,0
2026-01-05,4,-0.2684,0.5106,-0.6597,3,1,3
2026-01-06,2,0.3184,0.6369,0.0,1,0,0
2026-01-07,4,-0.355,0.1027,-0.8481,2,2,2
2026-01-08,1,0.0,0.0,0.0,0,0,0
2026-01-09,2,0.0756,0.3291,-0.1779,0,2,1
2026-01-10,1,-0.4939,-0.4939,-0.4939,0,1,1
2026-01-12,3,-0.3334,0.0,-0.7269,1,1,2
2026-01-13,4,-0.2698,-0.0943,-0.4215,0,4,4
2026-01-14,3,0.0197,0.0591,0.0,0,1,0
2026-01-15,3,0.3836,0.5106,0.2584,1,2,0
2026-01-16,5,-0.0981,0.2732,-0.3818,0,3,2
2026-01-17,1,0.0,0.0,0.0,0,0,0
2026-01-18,3,-0.6591,-0.3818,-0.886,2,1,3
2026-01-19,8,-0.2852,0.34,-0.7717,4,3,5
2026-01-20,2,-0.5288,-0.2732,-0.7845,1,1,2
2026-01-21,3,-0.2708,0.0,-0.7096,1,1,2
2026-01-22,4,-0.1776,0.0,-0.5574,1,1,2
2026-01-23,1,0.7096,0.7096,0.7096,1,0,0
2026-01-24,1,0.0,0.0,0.0,0,0,0
2026-01-25,1,-0.4939,-0.4939,-0.4939,0,1,1
2026-01-26,2,-0.2108,0.0,-0.4215,0,1,1
2026-01-27,2,-0.4819,-0.4215,-0.5423,1,1,2
2026-01-28,4,0.3226,0.8225,0.0,1,2,0
2026-01-29,4,0.089,0.4588,-0.1027,0,2,1
2026-01-30,7,-0.1728,0.0,-0.7506,1,1,2
2026-01-31,2,-0.6814,-0.4939,-0.8689,1,1,2
2026-02-02,1,-0.3412,-0.3412,-0.3412,0,1,1
2026-02-03,3,0.0342,0.1027,0.0,0,1,0
2026-02-04,4,-0.3499,0.2023,-0.7269,2,2,3
2026-02-05,6,0.2006,0.4588,-0.0516,0,5,1
2026-02-06,2,0.0595,0.7184,-0.5994,2,0,1
2026-02-08,1,-0.2023,-0.2023,-0.2023,0,1,1
2026-02-09,3,0.122,0.4939,-0.128,0,2,1
2026-02-10,3,-0.0678,0.4215,-0.6249,1,1,1
2026-02-11,1,0.5719,0.5719,0.5719,1,0,0
2026-02-12,3,0.271,0.7615,0.0,1,1,0
2026-02-13,1,-0.4404,-0.4404,-0.4404,0,1,1
2026-02-14,1,0.34,0.34,0.34,0,1,0
2026-02-15,1,-0.4404,-0.4404,-0.4404,0,1,1
2026-02-16,3,0.0889,0.3182,-0.0258,0,3,2
2026-02-17,4,-0.068,0.6124,-0.5574,2,2,3
2026-02-18,5,0.1172,0.7269,-0.3412,1,4,2
2026-02-19,2,-0.4686,0.0,-0.9371,1,0,1
2026-02-20,4,0.2885,0.7579,-0.2815,1,3,1
2026-02-21,1,0.3182,0.3182,0.3182,0,1,0
2026-02-22,4,-0.3887,0.0,-0.5994,2,1,3
2026-02-23,8,-0.0546,0.4588,-0.4215,0,7,4
2026-02-24,4,-0.2648,0.4822,-0.8316,2,1,2
2026-02-25,3,0.0054,0.5267,-0.5106,2,0,1
2026-02-26,2,-0.3618,-0.2787,-0.4449,0,2,2
2026-02-27,4,0.0369,0.34,-0.3818,0,4,2
2026-03-01,2,-0.232,-0.1027,-0.3612,0,2,2
2026-03-02,12,-0.4854,0.0,-0.9313,7,3,10
2026-03-03,9,-0.1893,0.6124,-0.7506,5,4,6
2026-03-04,9,-0.3468,0.2023,-0.8176,3,5,7
2026-03-05,3,-0.3322,0.2023,-0.5994,2,1,2
2026-03-06,9,-0.5835,-0.2732,-0.8442,6,3,9
2026-03-07,4,-0.3478,0.0516,-0.743,2,2,3
2026-03-08,2,-0.5978,-0.34,-0.8555,1,1,2
2026-03-09,8,-0.5083,-0.1779,-0.6486,5,3,8
2026-03-10,8,-0.3015,0.296,-0.7717,3,4,6
2026-03-11,4,-0.2862,0.2023,-0.775,2,1,2
2026-03-12,6,-0.5901,0.0,-0.8689,5,0,5
2026-03-13,3,-0.2787,0.0,-0.836,1,0,1
2026-03-14,4,-0.3317,0.0,-0.5994,2,1,3
2026-03-15,5,-0.3186,0.34,-0.9062,2,2,3
2026-03-16,11,-0.3773,0.1027,-0.7579,6,2,7
2026-03-17,2,-0.6145,-0.5106,-0.7184,2,0,2
2026-03-18,4,-0.3598,0.0,-0.5859,2,1,3
2026-03-19,9,-0.1459,0.7684,-0.743,4,4,5
2026-03-20,10,-0.3199,0.4939,-0.7964,5,5,7
2026-03-21,3,-0.4695,-0.2263,-0.6249,2,1,3
2026-03-22,5,-0.6549,-0.3818,-0.9224,3,2,5
2026-03-23,7,-0.1079,0.7906,-0.8591,3,3,4
2026-03-24,11,-0.0196,0.5994,-0.7845,3,5,4
2026-03-25,15,-0.042,0.743,-0.8442,6,7,7
2026-03-26,14,-0.0119,0.6808,-0.802,7,4,5
2026-03-27,15,-0.353,0.5927,-0.8402,10,2,10
2026-03-28,4,-0.0734,0.5719,-0.6705,2,2,2
2026-03-29,6,-0.3335,0.4404,-0.6597,3,3,5
2026-03-30,13,-0.2975,0.7003,-0.8832,7,5,9
2026-03-31,8,0.0763,0.7351,-0.5994,2,4,2
2026-04-01,18,-0.1404,0.4939,-0.7906,4,7,7
2026-04-02,22,-0.3106,0.4588,-0.872,9,8,13
2026-04-03,10,-0.0175,0.7063,-0.8316,5,4,4
2026-04-04,4,0.1283,0.5719,-0.4404,1,2,1
2026-04-05,3,-0.2909,0.0,-0.5994,1,1,2
2026-04-06,7,-0.177,0.4574,-0.6249,2,3,4
2026-04-07,22,-0.127,0.7684,-0.9022,8,9,11
2026-04-08,66,0.0993,0.8968,-0.8442,19,29,17
2026-04-09,52,-0.0586,0.6705,-0.8481,18,20,23
2026-04-10,51,0.0201,0.9304,-0.7506,20,19,16
2026-04-11,20,0.106,0.6597,-0.7351,6,7,4
2026-04-12,23,0.1269,0.6344,-0.7184,9,10,6
2026-04-13,58,0.0724,0.8074,-0.8866,18,21,16
2026-04-14,44,-0.0374,0.7906,-0.7964,15,18,19
2026-04-15,33,0.1836,0.9081,-0.8779,17,11,11
