date,Close,High,Low,Open,Volume
2016-01-04,23.709102630615234,23.71360460836271,22.9551827560473,23.09246388832103,270597600
2016-01-05,23.114971160888672,23.82163064861039,23.047456940285645,23.79912590840938,223164000
2016-01-06,22.662607192993164,23.038443206545868,22.475816397216338,22.63110022903077,273829600
2016-01-07,21.706148147583008,22.534335128762088,21.70164788723477,22.208012167974665,324377600
2016-01-08,21.8209228515625,22.304782359296947,21.77591338354117,22.178754475236307,283192000
2016-01-11,22.174257278442383,22.29353393971297,21.9064462500791,22.273280189837518,198957600
2016-01-12,22.496074676513672,22.66036249346139,22.2440171969641,22.628855523142832,196616800
2016-01-13,21.91769790649414,22.772891657948627,21.8974441580709,22.577096838183675,249758400
2016-01-14,22.397048950195312,22.613099172143322,21.546357425403254,22.045970344281354,252680400
2016-01-15,21.859182357788086,21.989712226534987,21.460843219648147,21.64988505686676,319335600
2016-01-19,21.75341033935547,22.20126093386138,21.492350596949187,22.14724922463988,212350800
2016-01-20,21.78266716003418,22.097738623752576,21.024245345147918,21.402330758209725,289337600
2016-01-21,21.672393798828125,22.02797277549586,21.366324558328266,21.843431179047542,208646000
2016-01-22,22.82465362548828,22.833655864278438,22.13824965850337,22.196761635137154,263202000
2016-01-25,22.379051208496094,22.849406537567848,22.32728877108087,22.847155548897288,207178000
2016-01-26,22.50282859802246,22.703123668984357,22.07073148203734,22.489326099710837,300308000
2016-01-27,21.02424430847168,21.74665713553977,21.006239833260953,21.6138779941135,533478800
2016-01-28,21.175033569335938,21.271805503136676,20.79244781263631,21.10751934480162,222715200
2016-01-29,21.906442642211914,21.906442642211914,21.233541274149022,21.332564169235646,257666000
2016-02-01,21.701648712158203,21.76466266143647,21.46984666288399,21.710650950198147,163774000
2016-02-02,21.262802124023438,21.613880852048318,21.217790930044938,21.474348726217194,149428800
2016-02-03,21.683643341064453,21.79391774774974,21.17277880164377,21.379825117012427,183857200
2016-02-04,21.857868194580078,22.02304746382955,21.538825669478815,21.6904274489689,185886800
2016-02-05,21.274091720581055,21.930280836238957,21.19942327595188,21.839771695058854,185672400
2016-02-08,21.498098373413086,21.654224844439824,21.052342357349705,21.07270600414181,216085600
2016-02-09,21.493576049804688,21.70853547812662,21.253728290560428,21.335186345835517,177324800
2016-02-10,21.33066177368164,21.801307972120107,21.292195946026556,21.7040109380806,169374400
2016-02-11,21.201684951782227,21.432483350272403,20.950522902652605,21.22205032873997,200298800
2016-02-12,21.267301559448242,21.382700745252002,21.045555999939317,21.312556988350742,161405600
2016-02-16,21.866928100585938,21.91444501811858,21.407596171451875,21.500366802924592,196231600
2016-02-17,22.20180892944336,22.222172580506005,21.75605281989877,21.87371349855906,179452800
2016-02-18,21.780942916870117,22.376037647567838,21.742475365374155,22.36472335718932,156084000
2016-02-19,21.73116111755371,21.894077218998742,21.676856325844767,21.722110031215855,141496800
2016-02-22,21.921228408813477,21.925754815070707,21.70400751905716,21.79225345157322,137123200
2016-02-23,21.425703048706055,21.83525494657732,21.394025096733632,21.812628084642576,127770400
2016-02-24,21.744735717773438,21.808091592422585,21.115699924731025,21.265040251819542,145022800
2016-02-25,21.894084930419922,21.894084930419922,21.552413637676466,21.733431975554552,110330800
2016-02-26,21.92801856994629,22.179178881360585,21.853348401686738,21.993635925463597,115964400
2016-02-29,21.878246307373047,22.226705491288204,21.86919521770162,21.91671214373748,140865200
2016-03-01,22.747129440307617,22.801434250203698,22.043423210305438,22.095466542598317,201628400
2016-03-02,22.796903610229492,22.82858155158241,22.54574155641827,22.74259881452711,132678400
2016-03-03,22.966604232788086,23.014121137835684,22.729017981232012,22.758434441250582,147822800
2016-03-04,23.308277130126953,23.475717911864166,22.937191221240052,23.16346320111344,184220400
2016-03-07,23.050325393676758,23.26754627006933,22.844417079594944,23.16798605435346,143315600
2016-03-08,22.860265731811523,23.025445093647132,22.71771495681936,22.80369771734052,126247600
2016-03-09,22.88062858581543,22.98471351377979,22.68829597681662,22.923619098165062,108806800
2016-03-10,22.891937255859375,23.134048220780034,22.661140581184426,22.9462437774568,134054400
2016-03-11,23.13857078552246,23.143095465078485,22.966603614987008,23.134044379648405,109632800
2016-03-14,23.197404861450195,23.285652530351765,23.029964063512647,23.059380528585958,100304400
2016-03-15,23.663530349731445,23.799293228423046,23.498351001005574,23.52324106350288,160270800
2016-03-16,23.978042602539062,24.054974249049753,23.665786157407254,23.670312563859795,153214000
2016-03-17,23.9395751953125,24.09117700139507,23.74950584220155,23.87621759339676,137682800
2016-03-18,23.966732025146484,24.097970211506816,23.80155441672617,24.061765859551475,176820800
2016-03-21,23.96446990966797,24.35818273194511,23.790239491580394,23.968994590382625,142010800
2016-03-22,24.147750854492188,24.276725840064824,23.80607961237857,23.815130700563138,129777600
2016-03-23,24.014245986938477,24.22694221270348,23.96220439530553,24.093442565514504,102814000
2016-03-24,23.9101619720459,24.041400147165657,23.733670087176467,23.86490826229623,104532000
2016-03-28,23.801551818847656,24.02782381491597,23.772135354515047,23.984831583241125,77645600
2016-03-29,24.364965438842773,24.38985549328066,23.73140324167166,23.733666444707314,124760400
2016-03-30,24.790361404418945,24.98495547537294,24.573140477234638,24.584454768509033,182404400
2016-03-31,24.661380767822266,24.867289082816846,24.636490713782962,24.826560060417812,103553600
2016-04-01,24.887657165527344,24.88992036893003,24.48263007236564,24.61386824862732,103496000
2016-04-04,25.143346786499023,25.385457772131094,24.951014193778747,24.98495534110106,149424800
2016-04-05,24.846925735473633,25.055097270450286,24.75867980079629,24.779045176816258,106314800
2016-04-06,25.10714340209961,25.111669809286663,24.70890415924688,24.941965792461293,105616400
2016-04-07,24.559558868408203,24.98494953386156,24.464525059049166,24.878601435918707,127207600
2016-04-08,24.58671760559082,24.837877950218115,24.475843076973312,24.64328560848277,94326800
2016-04-11,24.66817283630371,25.027946216262748,24.62518232992853,24.65686027202324,117630000
2016-04-12,24.989477157592773,25.00305292350047,24.586713323361767,24.74057660716404,108929200
2016-04-13,25.35150909423828,25.419389642400777,25.070932363933803,25.070932363933803,133029200
2016-04-14,25.365089416503906,25.430708499941424,25.19086074596297,25.256479829400487,101895600
2016-04-15,24.855976104736328,25.41034347919359,24.82882457258405,25.367351251528262,187756000
2016-04-18,24.319719314575195,24.652337759106935,24.197532207345343,24.63876198929872,243286000
2016-04-19,24.190738677978516,24.437374312312617,24.036873659551965,24.41022105271326,129539600
2016-04-20,24.24051856994629,24.45773948127744,23.998407600682768,24.129645774086487,122444000
2016-04-21,23.978042602539062,24.195263501668265,23.876219173175897,24.195263501668265,126210000
2016-04-22,23.91242027282715,24.09343852734962,23.672572552955188,23.760818477297438,134732400
2016-04-25,23.776657104492188,23.905632047938518,23.647682161045857,23.75855493403565,112126400
2016-04-26,23.611480712890625,23.826440129182235,23.511922215818263,23.511922215818263,224064800
2016-04-27,22.133930206298828,22.33531217762968,21.6497081936248,21.72211517515591,458408400
2016-04-28,21.457372665405273,22.1475011810835,21.32613450031771,22.086408504959696,328970800
2016-04-29,21.210739135742188,21.43248647977647,20.93242551178816,21.267307141980485,274126000
2016-05-02,21.1881103515625,21.287670585909353,20.907533549506745,21.26278052732264,192640400
2016-05-03,21.536563873291016,21.66327561053489,21.197155954543828,21.31481660679629,227325200
2016-05-04,21.312559127807617,21.69948402059538,21.22883787067222,21.541092593013676,164102000
2016-05-05,21.22604751586914,21.41499709446057,21.098564299869405,21.399061692460606,143562000
2016-05-06,21.10767364501953,21.27385689972502,20.909617844724483,21.2556462495966,174799600
2016-05-09,21.123611450195312,21.346707136876383,21.07808047762743,21.171417668769827,131745600
2016-05-10,21.267026901245117,21.30117469131813,20.96880645738688,21.24653926929856,134747200
2016-05-11,21.059873580932617,21.301181699672124,21.048490401553487,21.280694060984878,114876400
2016-05-12,20.565866470336914,21.121332116024682,20.36781240640932,21.10767369418935,305258800
2016-05-13,20.606840133666992,20.86863750967336,20.48846311100795,20.48846311100795,177571200
2016-05-16,21.371749877929688,21.487851693136445,20.864092098720693,21.032552364137977,245039200
2016-05-17,21.2829647064209,21.5584205669201,21.173693850052576,21.52427450982309,187667600
2016-05-18,21.526546478271484,21.674519071535453,21.374021657030653,21.43548802410475,168249600
2016-05-19,21.44459342956543,21.544759817778345,21.30117479475683,21.544759817778345,121768400
2016-05-20,21.676794052124023,21.724600257195345,21.5174382983911,21.544756874215505,128104000
2016-05-23,21.952255249023438,22.125269464843562,21.779241033203313,21.824772004118582,152074400
2016-05-24,22.28689956665039,22.330151816165124,22.045589773017973,22.132097745705188,140560800
2016-05-25,22.67845916748047,22.705776014402833,22.33470770346552,22.462190953980613,152675200
2016-05-26,22.858301162719727,22.93114897797213,22.455360327707282,22.692116161484822,225324800
2016-05-27,22.844640731811523,22.871959313517372,22.59422647840904,22.637480465236077,145364800
2016-05-31,22.733091354370117,22.856022358466806,22.49633553946117,22.673901966435686,169228800
2016-06-01,22.41438865661621,22.660250742907195,22.38479482166296,22.541871929435537,116693200
2016-06-02,22.24591636657715,22.27323320353995,21.997777430918543,22.218597792785953,160766400
2016-06-03,22.291452407836914,22.371129434742336,22.184456798780094,22.261858579794595,114019600
2016-06-06,22.45309066772461,23.195229221715312,22.20723029658228,22.307394989703422,93170000
2016-06-07,22.544151306152344,22.7353779725128,22.5282158953581,22.594234522028405,89638000
2016-06-08,22.523656845092773,22.6647985160103,22.464467449995333,22.541867497036687,83392400
2016-06-09,22.685287475585938,22.762687521221583,22.41438384220326,22.42349003642433,106405600
2016-06-10,22.498611450195312,22.616988483596124,22.418934433788163,22.43031587222993,126851600
2016-06-13,22.15941619873047,22.564634036521227,22.10478076879256,22.466744617100094,152082000
2016-06-14,22.186738967895508,22.41894262839025,22.025107893581765,22.154868149683185,127727600
2016-06-15,22.1138858795166,22.403001894795192,22.0888442801829,22.268687704111798,117780800
2016-06-16,22.207223892211914,22.252753127152243,21.870301648434932,21.95680788955315,125307200
2016-06-17,21.70183563232422,22.002333018892624,21.695006422579475,21.99550380914788,244032800
2016-06-20,21.649477005004883,21.9841222009625,21.633541602189215,21.854361996083895,137647600
2016-06-21,21.83387565612793,21.934040306821196,21.55386586229536,21.613055249179165,142185600
2016-06-22,21.751916885375977,22.05696647237302,21.706385929745426,21.91127088801199,116876400
2016-06-23,21.87712860107422,21.92038258558164,21.68362676731434,21.840705564248605,128960800
2016-06-24,21.26247787475586,21.549316923000653,21.09174063551022,21.1509300314275,301245600
2016-06-27,20.952869415283203,21.18279599784611,20.829938422729626,21.171412823102244,181958400
2016-06-28,21.305727005004883,21.32166414568785,20.975635752241036,21.148649948964444,161779600
2016-06-29,21.490129470825195,21.524277269128728,21.314838250054,21.392240041997287,146124000
2016-06-30,21.7633056640625,21.802005686783623,21.467362168347563,21.499232979627187,143345600
2016-07-01,21.829328536987305,21.96136577343257,21.701845266945973,21.738268314030943,104106000
2016-07-05,21.62444305419922,21.717780258564805,21.503788999251906,21.715503275406576,110820800
2016-07-06,21.747371673583984,21.776967240861612,21.483298971964736,21.535657420975962,123796400
2016-07-07,21.84070587158203,21.968189107508774,21.767858060076918,21.786068710331573,100558400
2016-07-08,22.00917625427246,22.056982489779344,21.86575754775182,21.965922249220206,115648400
2016-07-11,22.07746124267578,22.229986073522742,22.020548836822844,22.02510106508641,95179600
2016-07-12,22.177623748779297,22.241365359270755,22.109329910465,22.120711348436405,96670000
2016-07-13,22.052413940429688,22.234532549949666,22.04558299455824,22.17534491369055,103568800
2016-07-14,22.48950958251953,22.53503881870016,22.154864312421935,22.17079971876806,155676000
2016-07-15,22.48723602294922,22.605614833966396,22.423494387861187,22.519106840493237,120548000
2016-07-18,22.72627067565918,22.794564545688598,22.446260771733215,22.469025395076354,145975600
2016-07-19,22.73536491394043,22.764958735037713,22.614709173708775,22.66479236081842,95119600
2016-07-20,22.755861282348633,22.869686119737427,22.705778076004894,22.76496747775924,105104000
2016-07-21,22.63520622253418,22.992616126512747,22.566910628416856,22.726266435747576,130808000
2016-07-22,22.459915161132812,22.6056107972683,22.380236394671762,22.59650460290621,113254800
2016-07-25,22.15941619873047,22.50089067529316,22.063803762131876,22.366578214856425,161531600
2016-07-26,22.00688934326172,22.302834557369803,21.949976935689307,22.041037135170935,224959200
2016-07-27,23.43653106689453,23.755240928260108,23.391001831054744,23.737028539192586,369379200
2016-07-28,23.752962112426758,23.77800371125491,23.406935430991453,23.409212413656437,159479200
2016-07-29,23.723371505737305,23.80077329539467,23.60271746054674,23.718819276618223,110934800
2016-08-01,24.142242431640625,24.165007045837264,23.768897200963814,23.768897200963814,152671600
2016-08-02,23.784839630126953,24.14680179220711,23.675567018146026,24.142249562754643,135266400
2016-08-03,24.083049774169922,24.094431211307985,23.850846225148707,23.859952416956258,120810400
2016-08-04,24.231826782226562,24.261580922637133,24.096784999236316,24.16545054939915,109634800
2016-08-05,24.600330352783203,24.63924001955661,24.30278193880834,24.323380557839805,162213600
2016-08-08,24.804033279418945,24.804033279418945,24.52708526060686,24.60948147407652,112148800
2016-08-09,24.904739379882812,24.93449526442655,24.721634169460142,24.771988669853517,105260800
2016-08-10,24.719345092773438,24.92533998446069,24.664413703735963,24.881851688927448,96034000
2016-08-11,24.703325271606445,24.93220811420588,24.68501422510149,24.83836531054611,109938000
2016-08-12,24.760547637939453,24.82005766994111,24.668994145530196,24.668994145530196,74641600
2016-08-15,25.0580997467041,25.07183216140726,24.737663349139908,24.751395763843067,103472800
2016-08-16,25.03520393371582,25.229755741000236,24.99629427075392,25.092424642625954,135177600
2016-08-17,24.99858283996582,25.03291561353197,24.797164833037684,24.97111627186542,101424000
2016-08-18,24.966550827026367,25.085569184205237,24.952816663562427,25.000883616328917,87938800
2016-08-19,25.03063201904297,25.106163788909825,24.801749137922414,24.895590211138185,101472400
2016-08-22,24.836074829101562,24.971114852217134,24.685011332493662,24.916183465376673,103280800
2016-08-23,24.913896560668945,25.02147177389938,24.840654122377213,24.854386533857703,85030800
2016-08-24,24.726211547851562,24.891007462865762,24.64610290756338,24.849808484112213,94700400
2016-08-25,24.620929718017578,24.691882847370994,24.417224107868105,24.579730732468377,100344800
2016-08-26,24.47673797607422,24.70790844864497,24.332540630944195,24.584313218873458,111065200
2016-08-29,24.449264526367188,24.59117251365014,24.327956902413796,24.403488657559762,99881200
2016-08-30,24.261587142944336,24.37602859173181,24.147145694156862,24.215811261924518,99455600
2016-08-31,24.284469604492188,24.392044821479804,24.179183704910436,24.18376233972216,118649600
2016-09-01,24.42867088317871,24.44469261514723,24.174610743222345,24.29362907409736,106806000
2016-09-02,24.657550811767578,24.71934841445918,24.44926657489614,24.650682859257305,107210000
2016-09-06,24.650686264038086,24.788017393410165,24.607199702892252,24.696463889241397,107521600
2016-09-07,24.801748275756836,24.893301774270007,24.506489159826664,24.68044063237792,169457200
2016-09-08,24.15172576904297,24.5522708926255,24.08763882866787,24.54769400241506,212008000
2016-09-09,23.60468864440918,24.197496157875143,23.60468864440918,23.95030225080275,186228000
2016-09-12,24.133411407470703,24.19749833442346,23.46736138898784,23.494827963212362,181171200
2016-09-13,24.707904815673828,24.900167332164877,24.54539818951082,24.60719754154775,248704800
2016-09-14,25.582233428955078,25.870626286950476,24.8566752687782,24.88643115460536,443554800
2016-09-15,26.451993942260742,26.488616040660265,25.97591714049353,26.0606044333641,359934400
2016-09-16,26.3032169342041,26.580164975590975,26.101800653078442,26.348994552349193,319547600
2016-09-19,25.996519088745117,26.591614254034297,25.9209873158799,26.365020681676523,188092000
2016-09-20,25.994224548339844,26.12011081115645,25.75160929226149,25.875206237689383,138057200
2016-09-21,25.98965072631836,26.090358002216576,25.735590599557394,26.058314539943815,144012800
2016-09-22,26.23455810546875,26.307800562164193,26.09265008164224,26.172758745803208,124296000
2016-09-23,25.797386169433594,26.273462923090836,25.531882967818554,26.188775638778342,209924800
2016-09-26,25.8362979888916,25.953028742676437,25.53188509596385,25.552483716270608,119477600
2016-09-27,25.88435935974121,25.90495972324331,25.712697230919463,25.86376074247659,98429600
2016-09-28,26.08120346069336,26.239133206587653,25.962185131514705,26.021695169222927,118564400
2016-09-29,25.676084518432617,26.046875455570937,25.589109642617057,25.900390535124735,143548000
2016-09-30,25.87520980834961,25.94845225875798,25.58910621359226,25.740168003580504,145516400
2016-10-03,25.753896713256836,25.875206086826246,25.698965319910553,25.797385012201293,86807200
2016-10-04,25.863765716552734,26.163601733762686,25.779078421401593,25.877498130703476,118947200
2016-10-05,25.87520980834961,26.014828502290214,25.79281183336047,25.955318465634114,85812400
2016-10-06,26.067468643188477,26.170465231130333,25.89351718159294,26.023980341230185,115117200
2016-10-07,26.10637664794922,26.220818070037353,25.980492131394783,26.163597358993286,97433600
2016-10-10,26.561857223510742,26.722074530767596,26.257442593485038,26.326106405350398,144944000
2016-10-11,26.619075775146484,27.166105639172304,26.596186093481776,26.939510363601958,256164000
2016-10-12,26.857118606567383,27.003605268881365,26.722078533968947,26.859407924510492,150347200
2016-10-13,26.774715423583984,26.880001320561476,26.48632255589239,26.73122712513595,140769600
2016-10-14,26.92349624633789,27.047093228074598,26.80905479060813,26.98071697420277,142608800
2016-10-17,26.905181884765625,26.971556379926877,26.72894109816619,26.854827374308645,94499600
2016-10-18,26.886865615844727,27.056238416665614,26.882286981471605,27.049372211343297,98214000
2016-10-19,26.806766510009766,26.953251429771733,26.046875333905316,26.836520659067105,80138400
2016-10-20,26.793027877807617,26.866270325468047,26.625944362631184,26.747252002858986,96503200
2016-10-21,26.687742233276367,26.758697110259885,26.6144997848891,26.735807426320722,92770800
2016-10-24,26.928070068359375,26.94866868851393,26.779295853260383,26.80218379106691,94154800
2016-10-25,27.065397262573242,27.090574516004875,26.85024682278932,26.996731708443775,192516000
2016-10-26,26.45656967163086,26.48174692661736,25.93471701597914,26.16359988222903,264536800
2016-10-27,26.202518463134766,26.518376276302533,26.1155418325792,26.410801020344756,138248000
2016-10-28,26.028560638427734,26.369595630794517,25.96676128472614,26.062893418679984,151446800
2016-10-31,25.98736000061035,26.145289731996076,25.909538920566067,26.01253725478018,105677600
2016-11-01,25.51815414428711,26.040006879184247,25.29842676886926,25.969053738668325,175303200
2016-11-02,25.54103660583496,25.714988062228944,25.458640385687897,25.49755005141465,113326800
2016-11-03,25.26726722717285,25.64226108581835,25.202851276505207,25.531834243303255,107730400
2016-11-04,25.03950309753418,25.36388560628874,24.87156179933572,24.96818570420628,123348000
2016-11-07,25.400705337524414,25.423710787131366,25.182149178250135,25.32478577413851,130240000
2016-11-08,25.55023956298828,25.70207867743133,25.237360559169108,25.377696072141084,97016800
2016-11-09,25.508831024169922,25.61005710827959,24.8577682024011,25.27877301861398,236705600
2016-11-10,24.79795265197754,25.557143017878346,24.347039171303557,25.557143017878346,228538000
2016-11-11,24.945186614990234,25.04641268693562,24.51267824839253,24.643811225593108,136575600
2016-11-14,24.319435119628906,24.80255665103576,23.944441147507167,24.779551198150394,204702000
2016-11-15,24.64151382446289,24.772646821194414,24.422959414978134,24.517282287264077,129058000
2016-11-16,25.3040828704834,25.35929806283131,24.5241862694052,24.547191721948405,235362000
2016-11-17,25.294878005981445,25.38690156287228,25.037214152931146,25.262670024350157,110528000
2016-11-18,25.320186614990234,25.430615243401842,25.22816480571798,25.24196772606812,113715600
2016-11-21,25.70438003540039,25.764193849148143,25.308680011145785,25.333986530501825,117058400
2016-11-22,25.720487594604492,25.863122445096884,25.628464034646015,25.75499489378593,103862000
2016-11-23,25.58935546875,25.653771436366686,25.382302890551035,25.61926238079961,109705600
2016-11-25,25.718183517456055,25.73658857833759,25.524933888606377,25.56634439798822,45903600
2016-11-28,25.667570114135742,25.874622658112738,25.626159605340344,25.635362135650787,108776000
2016-11-29,25.642271041870117,25.77340406527333,25.322490480321875,25.48583149156421,114115200
2016-11-30,25.42601203918457,25.812509589697417,25.368497533186847,25.674475126343566,144649200
2016-12-01,25.189050674438477,25.52263583743851,25.083224201929145,25.391502843763547,148347600
2016-12-02,25.283374786376953,25.327084613245596,25.041813182047214,25.11543167252432,106112000
2016-12-05,25.101627349853516,25.313280278734737,24.903777338663584,25.306378819889094,137298000
2016-12-06,25.294878005981445,25.389202634475474,25.12003517861256,25.19135260148136,104782000
2016-12-07,25.543338775634766,25.580148897147293,25.113131450477074,25.1361368988208,119994800
2016-12-08,25.794105529785156,25.865422953478195,25.444416360599178,25.504231936550035,108273200
2016-12-09,26.21510887145996,26.38765237457673,25.837813885060886,25.837813885060886,137610400
2016-12-12,26.065574645996094,26.456672582084675,25.879226454270913,26.063273574314607,105497600
2016-12-13,26.500385284423828,26.66832666497557,26.16910115647021,26.189805536865563,174935200
2016-12-14,26.500385284423828,26.732742633143555,26.45207330829784,26.46587622856141,136127200
2016-12-15,26.64531898498535,26.854672619230723,26.509585599866277,26.544092897640045,186098000
2016-12-16,26.679826736450195,26.801757196511677,26.606208246118552,26.79485573729359,177404400
2016-12-19,26.833965301513672,27.00420773209918,26.629213819473506,26.640717421692816,111117600
2016-12-20,26.905282974243164,27.031815579034852,26.84316808520206,26.856971003832687,85700000
2016-12-21,26.93058967590332,27.008810310809384,26.866173714923793,26.870775857967068,95132800
2016-12-22,26.753448486328125,26.804061533698256,26.60391041597186,26.767251406445986,104343600
2016-12-23,26.80635643005371,26.80635643005371,26.592402427489088,26.592402427489088,56998000
2016-12-27,26.97660255432129,27.100834089471928,26.799456904953356,26.806358364372283,73187600
2016-12-28,26.861572265625,27.151444078578333,26.732738593553627,27.03641507988799,83623600
2016-12-29,26.854673385620117,26.942094801147437,26.778753817944512,26.79025566579623,60158000
2016-12-30,26.64531898498535,26.96279841092744,26.555596500366864,26.83626755694915,122345200
2017-01-03,26.72124671936035,26.762657244551697,26.40146612407314,26.640726741267144,115127600
2017-01-04,26.691333770751953,26.804063477233335,26.629218870514205,26.652224324113234,84472400
2017-01-05,26.827062606811523,26.88457710485285,26.643015510998012,26.66832203055245,88774400
2017-01-06,27.126136779785156,27.183651273757864,26.79485273283738,26.866170143698557,127007600
2017-01-09,27.374601364135742,27.47582744741152,27.133041513413918,27.13534082970417,134247600
2017-01-10,27.40220832824707,27.464323215522036,27.21586191121894,27.323987696089937,97848400
2017-01-11,27.549449920654297,27.590860437507263,27.284882827160544,27.31709081191246,110354400
2017-01-12,27.434415817260742,27.44591941905576,27.195155292590645,27.35389587030523,108344800
2017-01-13,27.386104583740234,27.51953864524781,27.33319047134818,27.40220857356334,104447600
2017-01-17,27.606964111328125,27.6621775480938,27.197461091175988,27.22506693195707,137759200
2017-01-18,27.60465431213379,27.72198436396924,27.540238363738784,27.606955383205886,94852000
2017-01-19,27.556346893310547,27.627664311475066,27.462024026241657,27.468925485392642,102389200
2017-01-20,27.606964111328125,27.710489524664204,27.544849214367183,27.710489524664204,130391600
2017-01-23,27.625368118286133,27.793309493956794,27.554048936855708,27.60696305500064,88200800
2017-01-24,27.60006332397461,27.629970237284365,27.491935764403387,27.50343936847828,92844000
2017-01-25,28.039466857910156,28.090079895944434,27.671374429301515,27.703582407104573,129510400
2017-01-26,28.053272247314453,28.168301243893303,27.975051616935176,27.991155606248086,105350400
2017-01-27,28.055574417114258,28.14759797477796,27.975054462359783,28.099286001925275,82251600
2017-01-30,27.98195457458496,27.98195457458496,27.75879978364072,27.820914672830703,121510000
2017-01-31,27.917531967163086,27.926734495815683,27.74959064606113,27.871521079102987,196804000
2017-02-01,29.61996078491211,30.02026287790668,29.219660447120386,29.224260833788012,447940000
2017-02-02,29.569353103637695,29.76720311498404,29.396809611547503,29.44282226256012,134841600
2017-02-03,29.695890426635742,29.72119694991995,29.484237463898236,29.518744763646293,98029200
2017-02-06,29.974254608154297,30.022568331657627,29.6544741356893,29.707390002003997,107383600
2017-02-07,30.259532928466797,30.38836486583009,30.011069830520295,30.03177421108075,152735200
2017-02-08,30.376859664916992,30.418271934267572,30.188213912384082,30.21812257855912,92016400
2017-02-09,30.596357345581055,30.603288725916276,30.29598460376013,30.4184436905168,113399600
2017-02-10,30.527036666870117,30.716503776911445,30.510864623071093,30.605598178091757,80262000
2017-02-13,30.797382354736328,30.919844998644407,30.672613950957338,30.748862679899332,92141600
2017-02-14,31.197111129760742,31.213283179637184,30.78814195304018,30.838974439440555,132904800
2017-02-15,31.310327529907227,31.48593195505866,31.1046882891064,31.312640341160424,142492400
2017-02-16,31.27335548400879,31.400433156603963,31.155514952191538,31.347291392120912,90338400
2017-02-17,31.358827590942383,31.38424381658258,31.21557442403817,31.21557442403817,88792800
2017-02-21,31.585277557373047,31.59683103435728,31.418917360553394,31.476681219848377,98028800
2017-02-22,31.680023193359375,31.682332479384897,31.44896766821654,31.522903602935937,83347600
2017-02-23,31.545997619628906,31.76549957330831,31.492855857830456,31.74239614565189,83152800
2017-02-24,31.576034545898438,31.576034545898438,31.257176938072412,31.40274298088445,87106400
2017-02-27,31.638425827026367,31.756266380622186,31.488241172225184,31.686949030088215,81029600
2017-02-28,31.652292251586914,31.756266515014435,31.585284186390634,31.673086399147035,93931600
2017-03-01,32.29924392700195,32.38242404064438,31.793235388439577,31.860239926216643,145658400
2017-03-02,32.10747146606445,32.41246287027101,32.06125754896711,32.34776761708699,104844000
2017-03-03,32.29692840576172,32.30848188263105,32.02197187415191,32.06587297087968,84432400
2017-03-06,32.19525909423828,32.29461475112016,32.02428035196002,32.20219047429682,87000000
2017-03-07,32.23685836791992,32.343141903855376,32.06818534575366,32.130571306357986,69785200
2017-03-08,32.1167106628418,32.30155574588277,32.0751223701116,32.105157184096726,74828800
2017-03-09,32.04277801513672,32.068194263515565,31.666159912685085,32.05664430794765,88623600
2017-03-10,32.14905548095703,32.19988796249569,32.0335277548467,32.174471721726356,78451200
2017-03-13,32.16291809082031,32.21605985740259,32.07511941682055,32.082050798304046,69686800
2017-03-14,32.1143913269043,32.266885211484286,32.07973090151632,32.18601793683025,61236400
2017-03-15,32.454036712646484,32.521041214317535,32.12362572169116,32.21142788478592,102767200
2017-03-16,32.50717544555664,32.5834241287132,32.407819818792184,32.51410682351409,76928000
2017-03-17,32.34545135498047,32.57881607322998,32.32234440141568,32.57881607322998,175540000
2017-03-20,32.685115814208984,32.69435648384705,32.40091498264672,32.44019399845661,86168000
2017-03-21,32.310794830322266,32.99472054637454,32.28537858857916,32.8352917141338,158119600
2017-03-22,32.67586898803711,32.71746081212835,32.292316004830674,32.31311367968989,103440800
2017-03-23,32.560340881347656,32.712838358642934,32.48871423991031,32.63889890578686,81385200
2017-03-24,32.495635986328125,32.749798373115034,32.42863146197127,32.694343799918045,89582400
2017-03-27,32.55109786987305,32.62965588865848,32.028910217133244,32.20682392784006,94300400
2017-03-28,33.22578430175781,33.2812353698569,32.4910259187981,32.55803399358773,133499200
2017-03-29,33.299713134765625,33.38520605590323,33.08483324044029,33.19804816408955,116760000
2017-03-30,33.255802154541016,33.38750542533572,33.15645002446834,33.31587881516693,84829200
2017-03-31,33.193424224853516,33.33436817947322,33.0432360785983,33.207286986680685,78646800
2017-04-03,33.20266342163086,33.299706275752946,33.052478807647475,33.204976232250445,79942800
2017-04-04,33.449913024902344,33.477638562754656,33.08022273394135,33.09870760105219,79565600
2017-04-05,33.276615142822266,33.60933563737764,33.22809193502159,33.3228255391489,110871600
2017-04-06,33.193424224853516,33.39213203750382,33.14490103283233,33.338986749664876,84596000
2017-04-07,33.11948013305664,33.31356582257368,33.10330808840969,33.20959159787709,66688800
2017-04-10,33.080204010009766,33.24425490924556,33.017818059525624,33.17955967379013,75733600
2017-04-11,32.72438430786133,33.121799961435954,32.36162556132028,33.02706638137571,121517600
2017-04-12,32.76366424560547,32.84453153953262,32.58112846168498,32.71745385970046,81400000
2017-04-13,32.590362548828125,32.897666631967866,32.590362548828125,32.789070319669406,71291600
2017-04-17,32.77058792114258,32.782141396308624,32.548773185081686,32.689717120605906,66328400
2017-04-18,32.625022888183594,32.819108584656504,32.604228747624155,32.673546075114686,58790000
2017-04-19,32.504878997802734,32.80987388395424,32.45173723150411,32.782148358168236,69313600
2017-04-20,32.91153335571289,33.022438965982026,32.61578271124467,32.62964547182509,93278400
2017-04-21,32.87226867675781,32.96699875719339,32.77522578480094,32.91154769071936,69283600
2017-04-24,33.18879699707031,33.260423605852495,33.08250996345363,33.156449382600115,68537200
2017-04-25,33.394447326660156,33.47993672371542,33.24194986789126,33.251194061188805,75486000
2017-04-26,33.19804763793945,33.4106217690531,33.12873381869219,33.380583430294884,80164800
2017-04-27,33.22346496582031,33.30895788839654,33.112559325774114,33.25350330556007,56985200
2017-04-28,33.19111251831055,33.341300669562116,33.103313848608956,33.2927774759267,83441600
2017-05-01,33.86812210083008,34.011375410070904,33.493813247328404,33.52616088249981,134411600
2017-05-02,34.08298873901367,34.217001325364414,33.928182007960174,34.08992012058126,181408800
2017-05-03,33.9790153503418,34.07837103137064,33.334372168846535,33.63936354242312,182788000
2017-05-04,33.85655212402344,33.99749607838162,33.690191931153905,33.854242838931896,93487600
2017-05-05,34.41801452636719,34.42263309599607,33.90968981713678,33.90968981713678,109310800
2017-05-08,35.353790283203125,35.51321909494186,34.43419065356473,34.43419065356473,195009600
2017-05-09,35.58022689819336,35.78586608965602,35.455454991771575,35.55249784919626,156521600
2017-05-10,35.411556243896484,35.568675779877275,35.145843892303795,35.497049156002355,103222800
2017-05-11,35.717811584472656,35.74565509263949,35.337316681196974,35.36979782390908,109020400
2017-05-12,36.21662139892578,36.29086246895266,35.88484654986236,35.89180653954682,130108000
2017-05-15,36.123836517333984,36.34424457849583,35.973031933428494,36.19575881243291,104038800
2017-05-16,36.07046127319336,36.207345816128424,35.896454418221445,36.17950585219005,80194000
2017-05-17,34.859378814697266,35.86166015777353,34.73409541690228,35.63661097305999,203070800
2017-05-18,35.39067840576172,35.57628645594224,35.063548155767805,35.09602929903596,134272800
2017-05-19,35.511314392089844,35.72476235196621,35.41155217244053,35.58555900779195,107843200
2017-05-22,35.72707748413086,35.8639619839506,35.476507267073444,35.72939630033584,91865600
2017-05-23,35.683013916015625,35.93822189937736,35.56932813913295,35.93822189937736,79675600
2017-05-24,35.5762825012207,35.76885052211112,35.42083679427562,35.69228707716587,76712000
2017-05-25,35.699241638183594,35.81060856307925,35.504354829883454,35.666760503466904,76942400
2017-05-26,35.638919830322266,35.78508670371627,35.56931638869759,35.72940324238091,87710400
2017-05-30,35.652854919433594,35.829180644784344,35.573972637580326,35.59485261686273,80507600
2017-05-31,35.44171142578125,35.76884513027702,35.353550368673936,35.72244401492925,97804800
2017-06-01,35.53915786743164,35.57396136205059,35.31643107865565,35.536839050528435,65616400
2017-06-02,36.06582260131836,36.06582260131836,35.47187972823621,35.631966612345444,111082800
2017-06-05,35.71316146850586,35.83380719987951,35.60412044112713,35.80828605555389,101326800
2017-06-06,35.83382034301758,36.14935299760263,35.67837460335736,35.70621457458622,106499600
2017-06-07,36.0472526550293,36.1887783473258,35.84076469808959,35.96605159431426,84278400
2017-06-08,35.95909118652344,36.08669335761769,35.822203128879956,36.01941227722577,85003200
2017-06-09,34.564720153808594,36.00549844870563,33.87797509248136,36.00549844870563,259530800
2017-06-12,33.73876953125,33.89421523399402,33.06362206785271,33.81301415713416,289229200
2017-06-13,34.01021194458008,34.20973990529512,33.67611828569184,34.14245882629742,136661600
2017-06-14,33.67844772338867,34.22134826314073,33.37219395829046,34.22134826314073,126124800
2017-06-15,33.47660827636719,33.52069059391153,32.99403222161778,33.251562593426584,128661600
2017-06-16,33.00794982910156,33.525329353127965,32.991707485838134,33.35828244614716,201444400
2017-06-19,33.95220947265625,34.045015233013565,33.33042680906225,33.33042680906225,130165600
2017-06-20,33.643638610839844,34.07517568222191,33.62739981459031,34.07517568222191,99600400
2017-06-21,33.84318161010742,33.88958628326422,33.550851286189,33.761980512442065,85063200
2017-06-22,33.787479400634766,34.03572724556644,33.66915251831375,33.81996052633173,76425200
2017-06-23,33.93830108642578,34.14247028877501,33.66685078249091,33.67149195713857,141757600
2017-06-26,33.831581115722656,34.402321729330055,33.72949650771373,34.14479139191816,102769600
2017-06-27,33.3466796875,33.91046385671273,33.321158535145855,33.64365116570499,99047600
2017-06-28,33.83390426635742,33.89886656337777,33.21444008679785,33.52301276773436,88329600
2017-06-29,33.33507537841797,33.67149150233917,33.010263961048665,33.57404807712838,125997600
2017-06-30,33.413970947265625,33.63206019414612,33.35828745651529,33.513733218824164,92096400
2017-07-03,33.293312072753906,33.710929238845075,33.200509831479685,33.613485823453566,57111200
2017-07-05,33.43019104003906,33.592596705261684,33.11233969951921,33.33738881424841,86278400
2017-07-06,33.11466979980469,33.29331786251225,33.040428701910386,33.18195444558119,96515200
2017-07-07,33.451072692871094,33.58331958846352,33.154101307185634,33.154101307185634,76806800
2017-07-10,33.655242919921875,33.86173089842264,33.263146934412056,33.43483496042663,84362400
2017-07-11,33.764286041259766,33.838530656946226,33.49747697651507,33.57867804222174,79127200
2017-07-12,33.813026428222656,33.915107515591714,33.599578361611165,33.84318522077674,99538000
2017-07-13,34.28399658203125,34.45104347027611,33.74341478259706,33.75733476658762,100797600
2017-07-14,34.57862091064453,34.64590550529993,34.181887490427115,34.330373113579356,80528400
2017-07-17,34.69928741455078,35.01017882149063,34.46960062502861,34.5276029117045,95174000
2017-07-18,34.81993865966797,34.83153982687053,34.492804861523275,34.61576944547624,71475200
2017-07-19,35.038028717041016,35.13083097657728,34.78977718550363,34.91274177246986,83692000
2017-07-20,34.8802604675293,35.20507545477402,34.84546050540773,35.14939197520025,68974800
2017-07-21,34.864017486572266,34.90345861897583,34.54152489557479,34.799055204945354,105010400
2017-07-24,35.28626251220703,35.36746711176589,34.77816202624112,34.93593005219546,85972800
2017-07-25,35.43707275390625,35.69228065092934,35.21898362396672,35.21898362396672,75415600
2017-07-26,35.604129791259766,35.71317084727418,35.51132399653175,35.57860864023195,63124000
2017-07-27,34.93130874633789,35.72710223802041,34.17495993871165,35.67141874892319,129905200
2017-07-28,34.68536376953125,34.85472943749042,34.61344150807646,34.775847185583764,68854800
2017-07-31,34.5067138671875,34.87792985848564,34.367510525584244,34.77816410050082,79383600
2017-08-01,34.81297302246094,34.85241415241093,34.43247816509669,34.59256504206811,141474400
2017-08-02,36.457916259765625,37.063460259127524,36.23054829293145,36.954415679689205,279747200
2017-08-03,36.093666076660156,36.474160950665876,35.966060332900575,36.43703863608513,108389200
2017-08-04,36.28390884399414,36.5182367982239,36.12150315590527,36.20966776094429,82239600
2017-08-07,36.84537887573242,36.87090002822453,36.34887935103253,36.43936279347197,87481200
2017-08-08,37.14002227783203,37.54603825885882,36.72008631531287,36.79664975369933,144823600
2017-08-09,37.367401123046875,37.4161246126443,36.91498389183977,36.94978385570976,104526000
2017-08-10,36.177181243896484,37.26724649800394,36.01646567472079,37.24395304731005,163217200
2017-08-11,36.68028259277344,36.9341683844951,36.351867717935605,36.47531517491972,105028400
2017-08-14,37.23230743408203,37.31615887536622,36.97609370957996,37.108859972480495,88490800
2017-08-15,37.639915466308594,37.77966548996639,37.299850322653825,37.42096985308881,117862000
2017-08-16,37.48851013183594,37.85186512027864,37.30217323789386,37.71910243792333,110686400
2017-08-17,36.76879119873047,37.43261533993221,36.76413179853818,37.388359923307966,111762400
2017-08-18,36.6849365234375,37.15077698722718,36.50325902688598,36.76878794908287,109712400
2017-08-21,36.61738967895508,36.77577372401931,36.12825579092864,36.684934979566464,105474000
2017-08-22,37.215999603271484,37.26724234582348,36.806061216936655,36.85497248223008,86418400
2017-08-23,37.26258087158203,37.376713074383446,37.006370727162285,37.050626143637956,77596400
2017-08-24,37.09720993041992,37.43960298887121,36.929507062848636,37.367394724546074,79275600
2017-08-25,37.23462677001953,37.39767021433604,37.097204692244226,37.18571195968431,101920400
2017-08-28,37.60963439941406,37.73308185201082,37.25093521127621,37.29985002932449,103864000
2017-08-29,37.94503402709961,37.99394528318715,37.26723533152812,37.29052877524253,118067600
2017-08-30,38.04752731323242,38.17330269453287,37.87516503492764,38.15234072332967,109078400
2017-08-31,38.198909759521484,38.32002924902332,38.07779027001965,38.11505835203251,107140400
2017-09-01,38.2105598449707,38.41785868256609,38.112733786630436,38.385249996452664,66364400
2017-09-05,37.7517204284668,38.25715702322757,37.39768059816229,38.14069688008228,117874000
2017-09-06,37.712120056152344,37.96367436281888,37.38836103771766,37.89845697450694,86606800
2017-09-07,37.560707092285156,37.788971428503594,37.35108035110812,37.75403126892082,87714000
2017-09-08,36.94814682006836,37.53510339320149,36.924853369385254,37.46755807275102,114446000
2017-09-11,37.61662292480469,37.74472978180447,37.24162115472234,37.38370265901643,126323200
2017-09-12,37.46755599975586,38.189610282003464,36.98075347251428,37.87516648558694,286856000
2017-09-13,37.185726165771484,37.25793444748649,36.78044709993865,37.23696891843019,179629600
2017-09-14,36.866615295410156,37.127484826851486,36.822359881166186,37.03199022957224,95042800
2017-09-15,37.239288330078125,37.49317053339173,36.80139715072568,36.91086994556379,196458400
2017-09-18,36.95745086669922,37.383695295624975,36.80139474584889,37.292856552023125,113077600
2017-09-19,36.97142791748047,37.213666952238235,36.903882613105765,37.153105416508424,83242400
2017-09-20,36.35185623168945,36.86194846899141,35.830113719840035,36.778097057338464,211805600
2017-09-21,35.727638244628906,36.28897691957961,35.57856942162137,36.28897691957961,150046800
2017-09-22,35.37825012207031,35.466760938093564,35.06846582006925,35.296726627935186,186581600
2017-09-25,35.06614685058594,35.36428450753414,34.7423878221462,34.935712069931256,177549200
2017-09-26,35.66941452026367,35.85109206953184,35.33168079683345,35.35264277080707,146640000
2017-09-27,35.92329025268555,36.03742245811878,35.762574706654625,35.823136248104575,102016800
2017-09-28,35.70200729370117,35.934927489278074,35.56691315377695,35.84408875516629,88022000
2017-09-29,35.89765548706055,35.89998696337314,35.4038658636364,35.68570083331964,105199200
2017-10-02,35.82546615600586,35.97453498662579,35.571583914714,35.93027956667778,74795200
2017-10-03,35.98152160644531,36.12360311051281,35.84875890327996,35.87204879737292,64921200
2017-10-04,35.748600006103516,35.837110840962715,35.51102390318841,35.78354017706002,80655200
2017-10-05,36.19347381591797,36.20512053804694,35.88136156571288,35.91163877835149,85135200
2017-10-06,36.17251205444336,36.21676746633701,36.00014980656297,36.09564795285132,69630400
2017-10-09,36.29829025268555,36.50558912928541,36.21677029910365,36.29130292963798,65051600
2017-10-10,36.31227111816406,36.801405139755445,36.125937732873545,36.34953921685477,62468000
2017-10-11,36.46366882324219,36.56382283295449,36.277331897223505,36.32857464073067,67622400
2017-10-12,36.3355598449707,36.654659457585346,36.27267038086556,36.41708335599889,64500400
2017-10-13,36.56614303588867,36.63368832927769,36.43104889503047,36.505581510008696,65576800
2017-10-16,37.239288330078125,37.26723762098803,36.719873646797474,36.778103705580264,96486000
2017-10-17,37.376708984375,37.469875653227085,37.08788662440458,37.21599345963665,75989200
2017-10-18,37.211326599121094,37.432603612919934,37.17406207150014,37.36505477057717,65496800
2017-10-19,36.330902099609375,36.587115813870575,36.10730063450979,36.51025169959222,170336800
2017-10-20,36.3937873840332,36.74316774291992,36.32624207844399,36.477638812329246,95896400
2017-10-23,36.375144958496094,36.729184635748865,36.2190888606344,36.542847776453726,87937200
2017-10-24,36.59176254272461,36.66629515392034,36.382132243446684,36.40309420715049,71028800
2017-10-25,36.43104934692383,36.69657823284768,36.16552046099998,36.54750944696201,84828400
2017-10-26,36.663970947265625,36.761797008544235,36.51723007830754,36.62204346152888,68002000
2017-10-27,37.977638244628906,38.10574506181474,36.96443398170839,37.10185604283496,177816800
2017-10-30,38.83246612548828,39.146909898881574,38.13370534379751,38.173301361603585,178803200
2017-10-31,39.37282180786133,39.51490324591135,38.883691610206846,39.107292970826165,144187200
2017-11-01,38.8720588684082,39.582466314093104,38.57392124433074,39.566160191268466,134551200
2017-11-02,39.156227111816406,39.24706587583461,38.49706231483044,38.804518780172856,165573600
2017-11-03,40.178741455078125,40.588679798570986,39.85731038613164,40.528121815557064,237594400
2017-11-06,40.58635711669922,40.75871939626235,39.99706911692099,40.14846587104661,140105200
2017-11-07,40.7167854309082,40.81927090225437,40.43495393878697,40.50715864248612,97446000
2017-11-08,41.04985809326172,41.04985809326172,40.60497964998318,40.68184374390672,97638000
2017-11-09,40.96601104736328,41.01725378211168,40.327808339911776,40.78666147574387,117930400
2017-11-10,40.8304443359375,40.99641382075227,40.73694271175288,40.93329826265557,100582000
2017-11-13,40.66679763793945,40.7906888430598,40.53355413421182,40.55693131387321,67928400
2017-11-14,40.05201721191406,40.55225821938238,40.01461514838106,40.44940432809518,99130000
2017-11-15,39.523719787597656,39.813580380903474,39.36009024575425,39.731763826553525,116632400
2017-11-16,39.99592208862305,40.175912851342744,39.808915317218215,40.01461955559179,94550000
2017-11-17,39.77384948730469,40.06371016093212,39.65463440953874,39.98189358391045,87598000
2017-11-20,39.7341194152832,39.86969926347399,39.63594164249503,39.806583707089366,65049600
2017-11-21,40.4727783203125,40.60368196550586,39.921110410671325,39.921110410671325,100525200
2017-11-22,40.898231506347656,40.90758024098525,40.45175363167157,40.52421791740119,102355600
2017-11-24,40.90056610107422,41.02445733931441,40.825761959645845,40.930955729386724,56106800
2017-11-27,40.69485855102539,40.92627985240134,40.51954035609574,40.91926740995278,82867200
2017-11-28,40.456417083740234,40.87717778066195,40.17356890543842,40.74393784446522,105715200
2017-11-29,39.61722946166992,40.421356022358474,39.07491378830195,40.35356790075893,166665600
2017-11-30,40.17123031616211,40.239018425988334,39.374116335223185,39.8392915065516,166108800
2017-12-01,39.98423385620117,40.12916241108595,39.38815132748786,39.727099097349935,159037200
2017-12-04,39.69203186035156,40.3512262825852,39.652293505718426,40.31850036895455,130169600
2017-12-05,39.65462875366211,40.09409406815887,39.36476812137704,39.51904895308636,109400800
2017-12-06,39.50736999511719,39.785542104908174,38.9112909791169,39.154397309411614,114240000
2017-12-07,39.579833984375,39.84164132481947,39.48399252337033,39.51204229074438,102693200
2017-12-08,39.59151077270508,39.97253667893352,39.46294698774947,39.85332162553846,93420800
2017-12-11,40.3629264831543,40.414353443203005,39.455945806140505,39.551787283218374,141095200
2017-12-12,40.13616943359375,40.29746270901659,40.08006990604287,40.241359614608676,77636800
2017-12-13,40.2694091796875,40.566278663503006,40.2062936502376,40.323172410848755,95273600
2017-12-14,40.25772476196289,40.470444984363944,40.12448124896759,40.29979940805167,81906000
2017-12-15,40.66679763793945,40.7135484304054,40.31382505293616,40.58732093406165,160677200
2017-12-18,41.23950958251953,41.42184019960957,40.874848348339455,40.87952449840411,117684400
2017-12-19,40.800052642822266,40.9987480427545,40.6948624292115,40.91459515849426,109745600
2017-12-20,40.755638122558594,41.00575689448895,40.49850334126773,40.87718950384352,93902400
2017-12-21,40.90990447998047,41.146001870600934,40.69718783621033,40.71354900872024,83799600
2017-12-22,40.90990447998047,41.00574592435399,40.79068942247038,40.83276406623033,65397600
2017-12-26,39.87202835083008,40.082408726132456,39.66398070018009,39.925791590410505,132742000
2017-12-27,39.879051208496094,39.92112586780343,39.67100707036292,39.762172399053675,85992800
2017-12-28,39.991241455078125,40.17123576447634,39.850985500534065,39.97254042334844,65920800
2017-12-29,39.558780670166016,39.876691012389315,39.556444379237625,39.86032984217784,103999600
2018-01-02,40.2670783996582,40.27643070005527,39.565805677893536,39.776189634537445,102223600
2018-01-03,40.26005554199219,40.802374685276824,40.19694358149866,40.330183509397145,118071600
2018-01-04,40.44706344604492,40.54991732565844,40.22499451516484,40.33252097704683,89738400
2018-01-05,40.907569885253906,40.9940590344742,40.451743391332485,40.54290869011677,94640000
2018-01-08,40.755638122558594,41.050171408244445,40.65745679380547,40.755638122558594,82271200
2018-01-09,40.750953674316406,40.921595685232134,40.53589715868877,40.802380620103136,86336000
2018-01-10,40.741607666015625,40.74394752463994,40.44006195266457,40.47746402207704,95839600
2018-01-11,40.9730224609375,41.02211311511454,40.7883555686387,40.81172918317203,74670800
2018-01-12,41.3961296081543,41.459245154422774,41.0595181171993,41.18340935111223,101672400
2018-01-16,41.18574905395508,41.933772604993706,41.17406046145214,41.58547252280897,118263600
2018-01-17,41.86597442626953,41.90103662850465,40.923931879747094,41.17638686955348,137547200
2018-01-18,41.903377532958984,42.099736587663685,41.66728368925117,41.9290910063812,124773600
2018-01-19,41.71637725830078,41.97818459371661,41.470931097919724,41.75143946684489,129700400
2018-01-22,41.375083923339844,41.557414516297534,41.2815823355666,41.44521189759825,108434400
2018-01-23,41.38444137573242,41.9454617211586,41.33301798842127,41.44522063076343,130756400
2018-01-24,40.725250244140625,41.445224095841,40.48681648822852,41.4335355022149,204420400
2018-01-25,39.99824905395508,40.89587706717088,39.86266926547092,40.79302318853761,166116000
2018-01-26,40.09175109863281,40.206293567865494,39.75280340692622,40.206293567865494,156572000
2018-01-29,39.26192092895508,39.7761868421077,39.05387684544463,39.7761868421077,202561600
2018-01-30,39.03049087524414,39.123992450453756,38.499860340445615,38.6938794975192,184192800
2018-01-31,39.138031005859375,39.37412845107517,38.92063816244911,39.007127328082305,129915600
2018-02-01,39.219844818115234,39.41620032091382,38.98141109794126,39.07725255770871,188923200
2018-02-02,37.518089294433594,38.990762671698725,37.42458769489759,38.80375590576933,346375200
2018-02-05,36.58071517944336,38.30818309023463,36.466172711856956,37.19082244248908,290954000
2018-02-06,38.109500885009766,38.27079419819336,35.998670062167655,36.192689296369814,272975200
2018-02-07,37.29366683959961,38.19597085627913,37.183804105360444,38.12350660807931,206434400
2018-02-08,36.267478942871094,37.63496190465887,36.2394291809823,37.46899249081761,217562000
2018-02-09,36.71108627319336,37.0584569628266,35.262922282513344,36.86599613070262,282690400
2018-02-12,38.18975830078125,38.46671505344137,36.969260475488554,37.201625228363696,243278000
2018-02-13,38.57234191894531,38.66857413140311,37.94096978650724,38.01138368785197,130196800
2018-02-14,39.28351593017578,39.32341630642415,38.22966752219258,38.26721850010876,162579600
2018-02-15,40.60258483886719,40.626053748209934,39.66608832808962,39.85150811191413,204588800
2018-02-16,40.471153259277344,41.032115117639805,40.31624696133215,40.454725377080166,160704400
2018-02-20,40.335018157958984,40.900667983713674,40.23409073734247,40.381959561813375,135722000
2018-02-21,40.151947021484375,40.867811539145606,40.13786137607023,40.56503641863772,149886400
2018-02-22,40.487579345703125,40.82790900653201,40.30215954364588,40.32328263855121,123967600
2018-02-23,41.19173049926758,41.22693567397139,40.731695921863746,40.76220946087458,135249600
2018-02-26,42.00615692138672,42.10473494491624,41.35835694616437,41.391216287340875,152648800
2018-02-27,41.87002182006836,42.36056609144427,41.816039387401,42.036667914040706,155712400
2018-02-28,41.80665588378906,42.39343245337469,41.79022800216865,42.074225856264114,151128400
2018-03-01,41.074363708496094,42.19628032785042,40.525141647587134,41.9052378328404,195208000
2018-03-02,41.35837173461914,41.379494836914226,40.475857259348544,40.55800743236392,153816000
2018-03-05,41.501529693603516,41.71746301418378,40.96169460145311,41.12364548723818,113605600
2018-03-06,41.46633529663086,41.83717859982234,41.33959310558097,41.757377828368675,95154000
2018-03-07,41.08138656616211,41.27385093288928,40.90300784056516,41.06026347656485,126814000
2018-03-08,41.529701232910156,41.57194742905669,41.090793481964944,41.187022122543205,95096400
2018-03-09,42.24321365356445,42.24790886845284,41.635314046604286,41.7691008104262,128740800
2018-03-12,42.651611328125,42.80886700334209,42.29719960470139,42.31597330142616,128828400
2018-03-13,42.24087142944336,43.069399648429766,42.069533676140765,42.855812120337546,126774000
2018-03-14,41.88175964355469,42.36995811673612,41.73389082089603,42.32301671345703,117473600
2018-03-15,41.93104934692383,42.30424194138419,41.79492034377192,41.89584418772932,90975200
2018-03-16,41.78319549560547,42.041375090064086,41.689309076474494,41.931060785960625,157618800
2018-03-19,41.1447639465332,41.654085457493494,40.75983875209598,41.61888030428851,133787200
2018-03-20,41.13068771362305,41.49683568443578,41.06027381583607,41.13068771362305,78597600
2018-03-21,40.198890686035156,41.09548343216158,40.196541287634304,41.08374718435731,148219600
2018-03-22,39.63088607788086,40.52982452051389,39.57220842812468,39.90080183419946,165963200
2018-03-23,38.713165283203125,39.88202301847782,38.713165283203125,39.522916102330775,164115200
2018-03-26,40.55095291137695,40.62840784209897,39.06523432694473,39.4478137655839,150164800
2018-03-27,39.51118087768555,41.10955946368787,39.177892261077965,40.764534600998445,163690400
2018-03-28,39.07462692260742,39.90550460608626,38.77185176834323,39.25535512087376,166674000
2018-03-29,39.3797492980957,40.31155078767656,39.17320279721128,39.38679033049858,153594000
2018-04-02,39.12156295776367,39.65201123119887,38.60285451256873,39.11217610913106,150347200
2018-04-03,39.52291488647461,39.60741083952156,38.6990820303163,39.34688194941007,121112000
2018-04-04,40.27867889404297,40.37256168443263,38.673259541147125,38.699077845714115,138422000
2018-04-05,40.55799865722656,40.89363314796675,40.38900671262728,40.506362030743446,107732800
2018-04-06,39.520565032958984,40.48287617510632,39.47831527005165,40.128464520656294,140021200
2018-04-09,39.91254806518555,40.62606688890287,39.865606649917375,39.87264768313758,116070800
2018-04-10,40.66361618041992,40.839649150897934,40.25991361494503,40.60493852359392,113634400
2018-04-11,40.473514556884766,40.82088539760969,40.29982734582173,40.424223733001625,89726400
2018-04-12,40.87250518798828,41.07435645439156,40.61432208628652,40.70116744671329,91557200
2018-04-13,41.01097869873047,41.27150758615567,40.80443582338923,41.02271494402695,100497200
2018-04-16,41.26681900024414,41.35366077533175,41.03445421925359,41.08139562250636,86313600
2018-04-17,41.83482360839844,41.999120331657075,41.40530272955087,41.42408000955185,106421600
2018-04-18,41.740936279296875,41.97095526813903,41.515616087100334,41.733895247128224,83018000
2018-04-19,40.55799865722656,41.16589834553228,40.525139311410044,40.78331886242555,139235200
2018-04-20,38.896244049072266,40.1871524529709,38.82817596401007,40.04163301530664,261964400
2018-04-23,38.7835807800293,39.17789286841588,38.513661441560345,39.156769773980784,146062000
2018-04-24,38.2437629699707,39.03943211924963,37.84006026954706,38.88452219391009,134768000
2018-04-25,38.410396575927734,38.82583543069064,38.119357660993536,38.16864489208386,113528400
2018-04-26,38.544185638427734,38.89859745277348,38.344680140899015,38.52071313940064,111852000
2018-04-27,38.09822082519531,38.56998777396035,37.70155939528785,38.49253285734537,142623200
2018-04-30,38.78828048706055,39.25770178412414,37.98557049884984,38.053638592508214,169709600
2018-05-01,39.689571380615234,39.71304029620329,38.79062918324785,39.05819917447311,214277600
2018-05-02,41.44285583496094,41.719812647104675,40.792706415671205,41.12834088273352,266157600
2018-05-03,41.5179557800293,41.661129382006536,40.94291555554344,41.28089937538475,136272800
2018-05-04,43.14685821533203,43.245436256270295,41.818395107706486,41.83717238903761,224805200
2018-05-07,43.45902633666992,44.048148799513136,43.362794107261145,43.46371797122614,169805600
2018-05-08,43.66790771484375,43.70780808695571,43.10929534247727,43.41911505261652,113611200
2018-05-09,43.97538375854492,43.98477060792433,43.47310315384662,43.78526872136192,92844800
2018-05-10,44.60439682006836,44.68185174084153,44.04343867998312,44.06456535393887,111957200
2018-05-11,44.43475341796875,44.78110870210072,44.16615172774492,44.646809654593504,104848800
2018-05-14,44.331092834472656,44.656243653269094,44.26276586287573,44.53372248173257,83115200
2018-05-15,43.92818069458008,44.07661969891529,43.61245659840907,44.008289149690455,94780800
2018-05-16,44.338157653808594,44.404133352868826,43.82451718880194,43.841012012369504,76732400
2018-05-17,44.05778884887695,44.51017064166061,43.909349781090896,44.29575945379428,69176000
2018-05-18,43.897552490234375,44.25097597581326,43.85514339766552,44.10489541890773,73190800
2018-05-21,44.20856857299805,44.59497812152537,44.038925005819245,44.29574521897252,73603200
2018-05-22,44.09782791137695,44.50308713532342,44.00829280986027,44.385279304995024,60962800
2018-05-23,44.380577087402344,44.41356314433773,43.76797477836174,43.90699078528495,80233600
2018-05-24,44.331092834472656,44.49366824387088,43.874001393175,44.47717701426208,92936000
2018-05-25,44.43240737915039,44.6845142986647,44.21328291731223,44.34994044932966,69844000
2018-05-29,44.27218246459961,44.472457219965484,44.02949861480413,44.201500640550265,90056400
2018-05-30,44.177940368652344,44.29574820963541,44.00829679001992,44.22977610630169,74762000
2018-05-31,44.02949142456055,44.349928823690995,43.857493022112415,44.11195833276388,109931200
2018-06-01,44.82352828979492,44.82823801484715,44.23684395189632,44.293393009412675,93770000
2018-06-04,45.198158264160156,45.57278634857579,45.08506373956886,45.15339070780669,105064800
2018-06-05,45.54686737060547,45.69530640222667,45.32303318949462,45.49032190729074,86264000
2018-06-06,45.70472717285156,45.72829017819991,45.219359462438206,45.62226384455202,83734400
2018-06-07,45.582210540771484,45.756563841147845,45.3183185372882,45.74242747573462,85388800
2018-06-08,45.16752624511719,45.23821166989341,44.71278969726127,45.04265021927023,106627200
2018-06-11,45.056793212890625,45.23115014029129,44.816467766594464,45.0850695440865,73234000
2018-06-12,45.304176330566406,45.38192992552389,45.037929498912845,45.0944785484845,67644400
2018-06-13,44.93190383911133,45.445547826799476,44.87064506424611,45.33716304565847,86553600
2018-06-14,44.955474853515625,45.13689994342156,44.81881732042377,45.132186622912144,86440400
2018-06-15,44.4936637878418,44.8046782086226,44.357006263123864,44.7740470200036,246876800
2018-06-18,44.47010803222656,44.58320256034685,44.10725784482574,44.26747838860552,73939600
2018-06-19,43.75148010253906,43.902274007400344,43.22369963791943,43.62189074792149,134314000
2018-06-20,43.942325592041016,44.10725585377342,43.76090050653034,43.90698467710195,82514800
2018-06-21,43.69729232788086,44.37822160419487,43.57477114874314,44.11904287817479,102847600
2018-06-22,43.57004928588867,43.85985555346904,43.51821355084701,43.852787370982426,108801600
2018-06-25,42.92211151123047,43.5700546843232,42.58282432899554,43.21191781471853,126652400
2018-06-26,43.4546012878418,43.94939568980616,43.00928776415795,43.115317704014764,98276800
2018-06-27,43.390995025634766,44.12611497523184,43.36036382933128,43.643101994929324,101141200
2018-06-28,43.70671081542969,43.87399953844859,43.30616485853516,43.37685028509541,69460800
2018-06-29,43.61482620239258,44.10490733287168,43.09647233589699,43.89285102711627,90950800
2018-07-02,44.10254669189453,44.13082302172207,43.21663292019015,43.310881360931305,70925200
2018-07-03,43.334434509277344,44.283965391794474,43.244899402321124,44.24626602094871,55819200
2018-07-05,43.68314743041992,43.92112157794117,43.41925900843449,43.65016137767174,66416800
2018-07-06,44.28866958618164,44.3970507610187,43.63601329433382,43.68784901976342,69940800
2018-07-09,44.90363693237305,44.92719634335544,44.6020491482026,44.649171565377365,79026400
2018-07-10,44.84945297241211,45.06857386256042,44.809395136912464,44.93427477396867,63756400
2018-07-11,44.26747512817383,44.715143482285086,44.203857887887295,44.41355569937035,75326000
2018-07-12,45.00966262817383,45.09919773617647,44.60440337487018,44.65623911158645,72164400
2018-07-13,45.080352783203125,45.200515497182295,44.979036161635726,45.021448857587984,50055600
2018-07-16,44.98138427734375,45.391353204429265,44.86593131540765,45.12510996660727,60172400
2018-07-17,45.10862350463867,45.20758166383214,44.5784881977529,44.708077547367004,62138000
2018-07-18,44.861228942871094,45.191093088092565,44.750489273536566,45.186379767318016,65573600
2018-07-19,45.20992660522461,45.36778864020919,44.69392781889089,44.69392781889089,81147200
2018-07-20,45.10626983642578,45.33952707669777,44.80703689306761,45.18637831095939,82704800
2018-07-23,45.14631652832031,45.228783446987535,44.66330370871866,44.927192096118354,63957600
2018-07-24,45.47383499145508,45.629342233032894,45.2500007714201,45.34424562347357,74791600
2018-07-25,45.902652740478516,45.909720923914165,45.339527761896065,45.48796680446535,66839600
2018-07-26,45.758934020996094,46.17126156215479,45.617563140228775,45.853178878033745,76304000
2018-07-27,44.99788284301758,45.9898264659988,44.79054348344733,45.94270404769693,96096000
2018-07-30,44.74576950073242,45.285327763928684,44.547853215165986,45.214642349023656,84118000
2018-07-31,44.83531188964844,45.27120239138466,44.61147768411243,44.837670347683925,157492000
2018-08-01,47.47657012939453,47.537828925608196,46.48933963434859,46.918161993476545,271742800
2018-08-02,48.86433792114258,49.097598749071246,47.20560504150239,47.259795643672035,249616000
2018-08-03,49.00571060180664,49.182422376318144,48.414312895506896,48.7795179485394,133789600
2018-08-06,49.26018524169922,49.302594349847304,48.78895375448443,49.00807467033806,101701600
2018-08-07,48.79835891723633,49.36148019425983,48.71589199911434,49.31907110165512,102349600
2018-08-08,48.83134460449219,48.96328879634437,48.188114871607986,48.548606536921845,90102000
2018-08-09,49.21540451049805,49.42745718493813,48.819568297610594,49.36855326479255,93970400
2018-08-10,49.06881332397461,49.44002903622106,48.86547303748079,49.02861861252826,98444800
2018-08-13,49.385643005371094,49.87744283435731,49.10900627803238,49.48967807024764,103563600
2018-08-14,49.59371566772461,49.785233134291715,49.24141574509612,49.690657765657285,82992000
2018-08-15,49.709571838378906,49.82779284898479,49.25796671198787,49.46839996655359,115230400
2018-08-16,50.437801361083984,50.55365561413919,50.000382285694144,50.06658574681656,114001600
2018-08-17,51.4450569152832,51.53253931119231,50.39998358384993,50.46618706310315,141708000
2018-08-20,50.94380569458008,51.823366801630385,50.86104953392936,51.56801256244055,121150800
2018-08-21,50.8444938659668,51.3528464083779,50.60568870827155,51.260634158592694,104639200
2018-08-22,50.84684753417969,51.156585944720106,50.56075115648966,50.62222837910076,76072400
2018-08-23,50.95090103149414,51.3197500694594,50.74046774148476,50.75228695828093,75532800
2018-08-24,51.109310150146484,51.284274943614335,50.861045296696645,51.2133452207593,73905600
2018-08-27,51.53015899658203,51.71931327754481,51.1494873139784,51.343367836297325,82100400
2018-08-28,51.94630813598633,52.14491855568263,51.761883659437096,51.783162574157686,91107200
2018-08-29,52.721839904785156,52.8424276423776,51.8777437807323,52.0527085641898,109019200
2018-08-30,53.20655059814453,53.9702573574271,52.58470689450583,52.78568406644188,195175200
2018-08-31,53.8212890625,54.11447480869955,53.43588748059386,53.55647159158061,173360400
2018-09-04,53.993896484375,54.18777705269031,53.584852825321335,54.005719306205876,109560400
2018-09-05,53.6416015625,54.303639960299556,53.223101771937806,54.14286111353829,133332000
2018-09-06,52.750221252441406,53.75509993549646,52.324624853348354,53.490282393938976,137160000
2018-09-07,52.324623107910156,53.28694031504542,52.185123173027854,52.4546669488255,150479200
2018-09-10,51.62238311767578,52.45465998116174,51.18260084633692,52.24186001307081,158066000
2018-09-11,52.92753601074219,53.03393417484051,51.20387204264051,51.54671217487649,142996000
2018-09-12,52.270240783691406,53.19945622059127,51.97941449205581,53.18527027618349,197114800
2018-09-13,53.53284454345703,53.99154269031417,52.624907951969114,52.8495271742845,166825600
2018-09-14,52.9251708984375,53.6344968245139,52.61306936702936,53.376775937249185,127997200
2018-09-17,51.5159912109375,52.71475044000342,51.371761426756805,52.52559609238329,148780400
2018-09-18,51.601104736328125,52.454660523096074,51.3362872360447,51.49470294727404,126286800
2018-09-19,51.631839752197266,51.92739226002057,50.90596466904896,51.66257836751287,108495200
2018-09-20,52.02433395385742,52.55632846390417,51.81626383542605,52.07398836223533,106435200
2018-09-21,51.46396255493164,52.338797164845985,51.37647656846738,52.201660382649074,384986800
2018-09-24,52.20402526855469,52.315153292233006,51.22042933428429,51.26535388953533,110773600
2018-09-25,52.535057067871094,52.684016706504345,51.94631509368086,51.95813791715987,98217600
2018-09-26,52.116546630859375,52.903898945307674,51.96049404071963,52.25368342754412,95938800
2018-09-27,53.18762969970703,53.53992959522191,52.85424559802705,52.9204526803586,120724800
2018-09-28,53.37442398071289,53.39806601850307,52.96774340940435,53.14980117088278,91717600
2018-10-01,53.73381042480469,54.244526037328285,53.51865093552065,53.89695599056796,94403200
2018-10-02,54.21143341064453,54.38167197676256,53.58486341577916,53.731456333562136,99152800
2018-10-03,54.871097564697266,55.20211492695663,54.3296433555075,54.39348370673561,114619200
2018-10-04,53.90641784667969,54.93730520599613,53.60849859022037,54.566089500033,128168000
2018-10-05,53.031578063964844,54.00572162104816,52.15438020692258,53.89932343564714,134322000
2018-10-08,52.90863037109375,53.15216535637329,52.06453065114557,52.53978140728469,118655600
2018-10-09,53.6416015625,53.73618053808223,52.54924055121309,52.87789482474594,107564000
2018-10-10,51.156593322753906,53.51865029661315,51.08329687705558,53.308217052458474,167962400
2018-10-11,50.704986572265625,51.89901940310349,50.20136756167063,50.721539244147124,212497600
2018-10-12,52.516136169433594,52.698197531427574,51.27008573845108,52.11654858627355,161351600
2018-10-15,51.39303207397461,52.449928078120834,51.37175316034392,52.29151237472821,123164000
2018-10-16,52.52558517456055,52.72419918257883,51.251163028216794,51.764241699309125,116736000
2018-10-17,52.29860305786133,52.64144321335758,51.86118394400235,52.56105380461304,91541600
2018-10-18,51.07620620727539,51.95577081093266,50.36215029617322,51.51125865851134,130325200
2018-10-19,51.854103088378906,52.31516434368788,51.40959089976347,51.558550539101454,132314800
2018-10-22,52.17093276977539,52.81169226211933,51.766618916580256,51.967592478519066,115168400
2018-10-23,52.66273498535156,52.78568585733632,50.7641056774064,51.03128633927155,155071200
2018-10-24,50.85630798339844,53.01738767953561,50.726264164214655,52.63198967990546,163702000
2018-10-25,51.96996307373047,52.34354194395916,51.24881410296684,51.47580005736859,119423200
2018-10-26,51.14240264892578,52.062161836547574,50.28411707927676,51.0478236891772,189033600
2018-10-29,50.18244934082031,51.94394144771941,48.72832893518345,51.825720452520564,183742000
2018-10-30,50.43308639526367,50.8775949642934,49.480225290241705,49.924733859271434,146640000
2018-10-31,51.74769973754883,52.12364167690508,51.21806832318598,51.27954555631616,153435600
2018-11-01,52.54215621948242,52.57525796442497,51.26300377595323,51.792635302853604,233292800
2018-11-02,49.05698776245117,50.51583454720711,48.57228091507329,49.54642446027015,365314800
2018-11-05,47.664337158203125,48.326375413709044,46.85570603182611,48.30509650170871,264654800
2018-11-06,48.17979049682617,48.4044096899324,47.68799067176834,47.74237132513075,127531600
2018-11-07,49.64099884033203,49.66700760551551,48.264908230328544,48.699960659016895,133697600
2018-11-08,49.467796325683594,49.85453905967433,49.054950457423345,49.821321825704445,101450400
2018-11-09,48.513980865478516,48.87937043055105,47.98724786748592,48.77022964453493,137463200
2018-11-12,46.07013702392578,47.41781558554865,45.9799743974334,47.21613716957594,204542000
2018-11-13,45.609832763671875,46.784303647550004,45.42476479992899,45.46747474101187,187531600
2018-11-14,44.32148361206055,46.14369273389911,44.11505882624037,46.006077416821554,243204000
2018-11-15,45.41526794433594,45.54813685758566,44.345191678630414,44.69872073884626,185915200
2018-11-16,45.91828918457031,46.25995429565413,44.9526142307228,45.19937035516797,147713200
2018-11-19,44.09844970703125,45.24682124683419,43.892028552427426,45.08073505230195,167701200
2018-11-20,41.99150848388672,43.05683851163266,41.64272573882717,42.32130943637899,271300800
2018-11-21,41.944061279296875,42.772124438484425,41.889490881307914,42.64399822705807,124496800
2018-11-23,40.878719329833984,41.90134287812778,40.833641652562406,41.50747889046618,94496000
2018-11-26,41.43156814575195,41.50986670109431,40.39708373701015,41.34140913508516,179994000
2018-11-27,41.34140396118164,41.467155183306716,40.54418668522253,40.693662435434945,165549600
2018-11-28,42.93108367919922,43.01412494171261,41.50510695387888,41.932188199568884,184250000
2018-11-29,42.60129165649414,43.37240942608668,42.16234624717858,43.33919219005899,167080000
2018-11-30,42.37113571166992,42.78635290696132,42.003371186044795,42.776860200784085,158126000
2018-12-03,43.85169982910156,43.88017071781132,42.995165596472155,43.76628354256427,163210000
2018-12-04,41.92271423339844,43.27513564881861,41.82306251019987,42.933470529047675,165377200
2018-12-06,41.45528793334961,41.46952337319293,40.435039173164846,40.75297606435523,172393600
2018-12-07,39.97712326049805,41.400725443078066,39.93204194545113,41.16345841264806,169126400
2018-12-10,40.24049758911133,40.35675613943839,38.752832006978714,39.14906758995533,248104000
2018-12-11,40.01034164428711,40.76010273038026,39.623595215094355,40.72926047741938,189126800
2018-12-12,40.121856689453125,40.79094783925062,40.10287489238267,40.430300935727146,142510800
2018-12-13,40.5608024597168,40.945177551940816,40.22863002980266,40.45166164149128,127594400
2018-12-14,39.2629508972168,40.117113735755545,39.21549821072196,40.098131937076026,162814800
2018-12-17,38.89755630493164,39.943904744588174,38.61046161430654,39.25582820608512,177151600
2018-12-18,39.40292739868164,39.749335147040604,39.00431700694578,39.23921261031191,135366000
2018-12-19,38.17388153076172,39.73035222871584,37.746800273297104,39.38631585646059,196189200
2018-12-20,37.21058654785156,38.4633561025011,36.84756830306149,38.05762791222595,259092000
2018-12-21,35.763240814208984,37.52613586195941,35.502249381923065,37.21768815070716,382978400
2018-12-24,34.83790969848633,35.95781008841347,34.7809643222436,35.151100216804714,148676800
2018-12-26,37.291263580322266,37.30549902473126,34.81182351446712,35.18670590567207,234330000
2018-12-27,37.04924392700195,37.196351942081705,35.60666362348881,36.97569172966579,212468400
2018-12-28,37.0682258605957,37.611569368803295,36.66961900113825,37.369555992471305,169165600
2018-12-31,37.42649841308594,37.810869799996105,37.12753967179389,37.61393775275985,140014000
2019-01-02,37.469207763671875,37.689867977237725,36.59369187126671,36.750288975035055,148158800
2019-01-03,33.736995697021484,34.574547927015324,33.69191438723821,34.16170203892372,365248800
2019-01-04,35.17720413208008,35.24601358953824,34.11899533904399,34.29219923540596,234428400
2019-01-07,35.09889602661133,35.31243844078,34.6172444372352,35.28159258063865,219111200
2019-01-08,35.76799392700195,36.0218713099174,35.23888962424999,35.485645667649806,164101200
2019-01-09,36.37540054321289,36.664866551777166,35.502259784558376,35.89612022438251,180396400
2019-01-10,36.49164962768555,36.53198456588716,35.794084368468795,36.183201936278785,143122800
2019-01-11,36.13339614868164,36.46794354601697,35.94832814598715,36.273386454644076,108092800
2019-01-14,35.59005355834961,35.891383692191056,35.40498556947879,35.79173197667657,129756800
2019-01-15,36.31847381591797,36.394397399203584,35.60192621779174,35.65412526522925,114843600
2019-01-16,36.762149810791016,36.98518137158213,36.30185124837653,36.32083304295525,122278800
2019-01-17,36.98042678833008,37.40750802029229,36.363531273228396,36.58656278438679,119284800
2019-01-18,37.208213806152344,37.45971625451414,37.00890676859886,37.369553633249645,135004000
2019-01-22,36.37303161621094,37.186855683764556,36.21168817452131,37.11093212681015,121576000
2019-01-23,36.52013397216797,36.80959998409829,35.99340097474768,36.57470436511674,92522400
2019-01-24,36.23067092895508,36.65300590810053,36.00289663164888,36.565218274806185,101766000
2019-01-25,37.43124008178711,37.51903133240946,36.61504465459194,36.890271619149736,134142000
2019-01-28,37.0848388671875,37.09195658871479,36.45845402993215,36.96383036040819,104768400
2019-01-29,36.70046615600586,37.51904038821024,36.565225817907695,37.07297716838964,166348800
2019-01-30,39.2083625793457,39.42190138123713,38.01728150422006,38.73382869033698,244439200
2019-01-31,39.490718841552734,40.09812176355808,39.044655736776996,39.41242029951825,162958400
2019-02-01,39.50969696044922,40.09337168073329,39.369706696277575,39.61409500678469,130672400
2019-02-04,40.631980895996094,40.729261252002615,39.69003045070155,39.72087632465673,125982000
2019-02-05,41.3271598815918,41.54070233089087,40.89296450420444,41.013969357855885,144406400
2019-02-06,41.34140396118164,41.6569695100412,41.01160297138825,41.43868068103189,112958400
2019-02-07,40.55842208862305,41.27022309791329,40.41606043860214,40.904829885716296,126966800
2019-02-08,40.6060791015625,40.665650250891964,40.131891443963546,40.26771540968325,95280000
2019-02-11,40.372554779052734,40.796704677929405,40.329665299757814,40.75857827237781,83973600
2019-02-12,40.7204475402832,40.746658986823185,40.43688833751438,40.532204341266045,89134000
2019-02-13,40.55126953125,41.099324812062115,40.48931684716783,40.83959548318567,89960800
2019-02-14,40.69902038574219,40.808629292492725,40.36065660709454,40.439290980686195,87342800
2019-02-15,40.608455657958984,40.91345961424227,40.44880543364929,40.80623228578758,98507200
2019-02-19,40.729976654052734,40.85150410234934,40.386849953980956,40.43927284620034,75891200
2019-02-20,40.992095947265625,41.29948509114437,40.7442815842349,40.791937772979175,104457600
2019-02-21,40.760948181152344,41.073100311196576,40.57985326034545,40.93728002957469,68998800
2019-02-22,41.21609115600586,41.223239403756004,40.83721948150898,40.884875678488214,75652800
2019-02-25,41.51633071899414,41.907117372895385,41.44961131242088,41.49965268531831,87493600
2019-02-26,41.54014587402344,41.77128217748678,41.26373492448921,41.39241061710472,68280800
2019-02-27,41.668827056884766,41.699805218546146,41.15889815564964,41.2732773821219,111341600
2019-02-28,41.25897216796875,41.67835534148874,41.20416773449612,41.53776831669921,112861600
2019-03-01,41.692657470703125,41.735546954193026,41.19702505785762,41.52824051212283,103544800
2019-03-04,41.902347564697266,42.35508684168328,41.45437136174755,41.86422115680062,109744800
2019-03-05,41.826087951660156,41.938081984197204,41.59018493156289,41.92378549254291,78949600
2019-03-06,41.58543014526367,41.81656650222476,41.44722463850816,41.621171381521776,83241600
2019-03-07,41.104087829589844,41.566360471567705,40.98971225542988,41.43053652305642,99185600
2019-03-08,41.201786041259766,41.239912445241174,40.389234781584264,40.58462987503848,95997600
2019-03-11,42.62910842895508,42.681531325611424,41.78320110804429,41.816560802649775,128044000
2019-03-12,43.10806655883789,43.52744613325643,42.74110624977912,42.89122670675174,129870400
2019-03-13,43.29868698120117,43.67755854133484,43.11044015144397,43.42735903779865,124130000
2019-03-14,43.780029296875,43.86819707283481,43.50123674636694,43.82053724326323,94318000
2019-03-15,44.34952926635742,44.63785523657547,43.78241438212483,44.04691043760487,156171600
2019-03-18,44.80226135253906,44.89042547105156,44.27088419713954,44.273269369596825,104879200
2019-03-19,44.44722366333008,45.03340534638429,44.30186992001534,44.88090335634377,126585600
2019-03-20,44.83562469482422,45.152543603093804,44.01830674487972,44.37573359295211,124140800
2019-03-21,46.486942291259766,46.782416507691266,45.22879987925223,45.27884124565531,204136800
2019-03-22,45.52427291870117,47.10648249507304,45.45993505954188,46.546512238552936,169630800
2019-03-25,44.97383117675781,45.7458708587234,44.4639023409663,45.633876819634864,175381200
2019-03-26,44.50917053222656,45.96032623886354,43.982563700573884,45.66961879021226,199202000
2019-03-27,44.90949630737305,45.216881824139065,44.45199033761694,44.97621570071659,119393600
2019-03-28,44.96907424926758,45.169232459544084,44.68551496674179,45.02387869438107,83121600
2019-03-29,45.26215362548828,45.2931317832796,44.92617150707696,45.233560640409536,94256000
2019-04-01,45.569549560546875,45.67439173346239,44.88805543895594,45.66486194899173,111448000
2019-04-02,46.23197555541992,46.33682135310815,45.52427005695858,45.5337998404147,91062800
2019-04-03,46.54890441894531,46.822930291979866,46.02467531863321,46.0485052362601,93087200
2019-04-04,46.62991714477539,46.79194893860823,46.02229064603285,46.41545880854789,76457200
2019-04-05,46.94206619262695,46.96589610699699,46.687099925418465,46.81100893546065,74106400
2019-04-08,47.68073654174805,47.71171105862545,46.784784370030366,46.803847568996,103526800
2019-04-09,47.53777313232422,48.33602791999754,47.47343527844449,47.73316823079818,143072800
2019-04-10,47.80466079711914,47.833257424849805,47.223245724372106,47.34238803810109,86781200
2019-04-11,47.40671920776367,47.89520335222447,47.28519537386603,47.85946211752939,83603200
2019-04-12,47.38765335083008,47.69027578606465,46.75381913013985,47.46628769869107,111042800
2019-04-15,47.47343826293945,47.62117718246721,47.18273076972158,47.31855473245824,70146400
2019-04-16,47.47821044921875,47.98337267920693,47.31379347996625,47.528251819139626,102785600
2019-04-17,48.402748107910156,48.462319253167394,47.325700783597725,47.54730369870625,115627200
2019-04-18,48.576698303222656,48.64579923684503,48.25739781446443,48.40036639173176,96783200
2019-04-22,48.73634719848633,48.83404475360525,48.214503361460345,48.33126412020742,77758000
2019-04-23,49.43928527832031,49.50362313511346,48.58622601734535,48.71251655805477,93292000
2019-04-24,49.3630256652832,49.677559364124285,49.33681422071865,49.41068184560052,70162400
2019-04-25,48.91505432128906,49.50599901366292,48.87692791895943,49.28439611749792,74172800
2019-04-26,48.68155288696289,48.84835140848778,48.16209047885956,48.82452149001205,74596400
2019-04-29,48.75541305541992,49.079480262865886,48.576699602106366,48.70537168868094,88818800
2019-04-30,47.81657028198242,48.46708622241454,47.44484688744978,48.38607033097731,186139600
2019-05-01,50.16367721557617,51.30505889994742,49.8562880319381,50.01117521030859,259309200
2019-05-02,49.837223052978516,50.671219159962654,49.59417537681596,50.00164001010491,127985200
2019-05-03,50.456756591796875,50.47820133000278,50.09456303527242,50.251831720650216,83569600
2019-05-06,49.67757034301758,49.763352940920356,48.490914101974354,48.679157328406795,129772400
2019-05-07,48.33841323852539,49.42499041337888,47.854695800035216,49.05803373574075,155054800
2019-05-08,48.347938537597656,48.92935347903369,48.07391273228292,48.10965396395561,105358000
2019-05-09,47.82848358154297,48.05723475366527,46.86104872008744,47.75223076687932,139634400
2019-05-10,47.165897369384766,47.56536833430933,46.11101823277178,47.22330722271242,164834800
2019-05-13,44.42463302612305,45.32403198718554,43.738123877782556,44.90064671970861,229722400
2019-05-14,45.127891540527344,45.37666024246978,44.35048432829495,44.58968654744338,146118800
2019-05-15,45.66849136352539,45.867029661329525,44.49640184388846,44.556202404072714,106178800
2019-05-16,45.46755599975586,46.03924912918253,45.17094394873877,45.42689206250881,132125600
2019-05-17,45.20922088623047,45.66370365738736,44.673406583972145,44.7140705245547,131516400
2019-05-20,43.795536041259766,44.09693319133087,43.123378349333606,43.89839489959819,154449200
2019-05-21,44.635135650634766,44.97001729820006,44.18064924329761,44.30503541950881,113459200
2019-05-22,43.72138595581055,44.422250430132046,43.666370461560184,44.17108734343066,118994400
2019-05-23,42.97507858276367,43.18557408801563,42.53255294513371,43.00856675291308,146118800
2019-05-24,42.81002426147461,43.56829490792796,42.726302019305706,43.104241988346736,94858800
2019-05-28,42.633018493652344,43.19753598272842,42.55647566713429,42.79806863981353,111792800
2019-05-29,42.4296875,42.900916127061286,42.09958729527348,42.20005178150852,113924800
2019-05-30,42.649757385253906,42.87221370220988,42.259856591093225,42.56603514665155,84873600
2019-05-31,41.87713623046875,42.575606305283934,41.8579996140433,42.15460804379681,108174400
2019-06-03,41.45374298095703,42.55885600339575,40.728960589625665,42.00390878409617,161584400
2019-06-04,42.97028350830078,43.01573251076257,41.74556939956014,41.96563498785348,123872000
2019-06-05,43.66395950317383,44.250007699321216,43.32907794817692,44.08017256432873,119093600
2019-06-06,44.30503845214844,44.36483901115955,43.57068583552247,43.79314581301077,90105200
2019-06-07,45.48429489135742,45.90768378892111,44.43659178289126,44.613599067232066,122737600
2019-06-10,46.065574645996094,46.73294738855598,45.8359388555826,45.88138787190985,104883600
2019-06-11,46.59897994995117,46.88363115164734,46.30954733221378,46.61094078992602,107731600
2019-06-12,46.450687408447266,46.87646713884036,46.259324870645045,46.393277552125554,73012800
2019-06-13,46.44111633300781,47.07261014000274,46.309558012750465,46.57267830320191,86698400
2019-06-14,46.103843688964844,46.30716341463391,45.52018960598685,45.819192423091415,75046000
2019-06-17,46.37892150878906,46.63486965392285,45.967493369838486,46.142109980575825,58676400
2019-06-18,47.469688415527344,47.90981970395543,46.694675418498946,46.89560444365913,106204000
2019-06-19,47.3309440612793,47.811742879326864,47.1969913965281,47.76389951339883,84496800
2019-06-20,47.71128845214844,47.9863696146197,47.36922729322639,47.928959753349226,86056000
2019-06-21,47.548622131347656,48.04377253215675,47.39792354850374,47.553407198246234,191202400
2019-06-24,47.50077819824219,47.87871815109603,47.40270441017317,47.49120806529403,72881600
2019-06-25,46.78076934814453,47.663422274579474,46.713789383736064,47.46488403884307,84281200
2019-06-26,47.792606353759766,48.07725759186515,47.20656161939147,47.30702611814578,104270000
2019-06-27,47.77825164794922,48.21599213856582,47.737587709468265,47.90980994600214,83598800
2019-06-28,47.34290313720703,47.720843084338505,47.13479837293914,47.52469551117032,124442400
2019-07-01,48.21120834350586,48.91446345681218,47.99592415477376,48.59871477331292,109012000
2019-07-02,48.49345779418945,48.58914085785711,48.16575196972495,48.17771280892537,67740800
2019-07-03,48.89532470703125,48.90250048134883,48.48389661312159,48.625025041282115,45448000
2019-07-05,48.852272033691406,49.055595395919944,48.534132619231094,48.641776546255905,69062000
2019-07-08,47.84522247314453,48.17531900929946,47.46010680601736,48.034190594932134,101354400
2019-07-09,48.13706588745117,48.201647872072776,47.555802476298,47.649091215132835,82312000
2019-07-10,48.613059997558594,48.73266109242535,48.21359277869593,48.28296345768267,71588400
2019-07-11,48.259037017822266,48.89053059042238,48.249470537148426,48.63219181300387,80767200
2019-07-12,48.62980651855469,48.79724732350111,48.36668264654188,48.42648319473245,70380800
2019-07-15,49.08668518066406,49.244555859075206,48.797248912027776,48.81877623409258,67789600
2019-07-16,48.9168586730957,49.301974430162524,48.677656430195476,48.938385998971945,67467200
2019-07-17,48.64177322387695,49.057982753514956,48.62263660815599,48.80921404901501,56430000
2019-07-18,49.1943359375,49.246960724844214,48.72549791841606,48.7972593238797,74162400
2019-07-19,48.45998001098633,49.39526162771868,48.40496451880691,49.22542643455206,83717200
2019-07-22,49.56748962402344,49.5698803325022,48.70396937143094,48.7135358552826,89111600
2019-07-23,49.95499038696289,49.97173629421098,49.5842262186613,49.86409602597792,73420800
2019-07-24,49.914337158203125,50.029153225625926,49.555533753812014,49.67513488860905,59966400
2019-07-25,49.51964569091797,50.050674922943,49.450275001634395,49.9669526841349,55638400
2019-07-26,49.691864013671875,50.16787403340951,49.548341240422246,49.62966910862703,70475600
2019-07-29,50.155921936035156,50.385557683272346,49.85931350619357,49.864098572785444,86693600
2019-07-30,49.94062805175781,50.27072820965178,49.589000574853905,49.9358429864438,135742800
2019-07-31,50.95964431762695,52.95219944273716,50.54343475015479,51.768149068134655,277125600
2019-08-01,49.85691833496094,52.15326117014312,49.452669637980264,51.165354806371035,216071600
2019-08-02,48.80203628540039,49.3785108420285,48.230343145055464,49.163230311330075,163448400
2019-08-05,46.24735641479492,47.51751962109188,46.0655640412733,47.35964892958403,209572000
2019-08-06,47.12284469604492,47.37879286336873,46.41480440834536,46.95779455449021,143299200
2019-08-07,47.61081314086914,47.73519932999547,46.36218078247986,46.74251147526255,133457600
2019-08-08,48.66089630126953,48.684817978543656,47.694521128324155,47.88827430446387,108038000
2019-08-09,48.259925842285156,48.68491980321308,47.851734087471264,48.3343596886464,98478800
2019-08-12,48.13747024536133,48.51444641488046,47.81812205634959,47.930974561632105,89927600
2019-08-13,50.17600631713867,50.9371579045492,48.13746218750722,48.26712420599327,188874000
2019-08-14,48.68251419067383,49.56852452960049,48.644095544305394,48.780960598066514,146189600
2019-08-15,48.43999481201172,49.256370752440425,47.94296327976374,48.85298602812595,108909600
2019-08-16,49.58293151855469,49.74140568988817,48.944235250189195,49.04988469774485,110481600
2019-08-19,50.50736618041992,51.07882804853604,50.43052887765902,50.57219353284465,97654400
2019-08-20,50.5097541809082,51.22768744778922,50.50015135220696,50.634612936844775,107537200
2019-08-21,51.05722427368164,51.29973516626406,50.80751034118719,51.14126462439481,86141600
2019-08-22,51.01399612426758,51.48941498513007,50.60340461002002,51.189276167751544,89014800
2019-08-23,48.656105041503906,50.91555099493653,48.262323049739784,50.28645752648354,187272000
2019-08-26,49.58053207397461,49.748609076351144,49.23717136701609,49.42926093993379,104174400
2019-08-27,49.02108383178711,50.07517143093124,48.869812663973555,49.909494183098246,103493200
2019-08-28,49.35002899169922,49.395650682194926,48.819385567248915,49.00667191279658,63755200
2019-08-29,50.18560791015625,50.26004541127674,49.621349155907794,50.06315259687426,83962000
2019-08-30,50.12077331542969,50.53136108890802,49.751000310003654,50.46173050840228,84573600
2019-09-03,49.39085006713867,49.698191966663735,49.035486682776146,49.56613013550739,80092000
2019-09-04,50.22883987426758,50.29847047880786,49.77983330506893,50.03675026808803,76752400
2019-09-05,51.21088790893555,51.3765651308316,50.7858902958723,50.90354603728645,95654800
2019-09-06,51.206085205078125,51.4846149241543,51.02600190350711,51.39577500112992,77449200
2019-09-09,51.424591064453125,51.96964425782235,50.680248893016675,51.58546505309072,109237600
2019-09-10,52.032066345214844,52.05127566981013,50.833914491991756,51.3501518092004,127111600
2019-09-11,53.686424255371094,53.715240070323695,52.27937347467052,52.361014009265396,177158400
2019-09-12,53.566375732421875,54.36594600540606,53.51115121424335,53.976967258907166,128906800
2019-09-13,52.5242919921875,53.01411692029238,52.10890090309722,52.82443080357143,159053200
2019-09-16,52.80042266845703,52.855650852329696,52.238563645662204,52.27938208778277,84632400
2019-09-17,52.992523193359375,53.021339019006504,52.61314718594896,52.814843310259185,73274800
2019-09-18,53.48954391479492,53.508753239988586,52.6899736146539,53.07895237436418,101360000
2019-09-19,53.054931640625,53.72723955353573,52.913263356872854,53.307045276064855,88242400
2019-09-20,52.279380798339844,53.43911767399923,52.2169532408371,53.155788377866706,221652400
2019-09-23,52.51708984375,52.78601305088982,52.26016925822585,52.57231436011538,76662000
2019-09-24,52.267364501953125,53.4223015730861,52.14971244827716,53.07173787565593,124763200
2019-09-25,53.07175064086914,53.184603139280306,52.137718705200996,52.47627620043449,87613600
2019-09-26,52.79802322387695,53.050140581036125,52.54350607497872,52.82443558822323,75334000
2019-09-27,52.54111099243164,53.05494858356497,52.17133785844145,52.95409870061891,101408000
2019-09-30,53.77766799926758,53.924135874983264,53.01411301418795,53.04052537419581,103909600
2019-10-01,53.92654800415039,54.798152420020195,53.832904827025864,54.041803963537824,139223200
2019-10-02,52.5747184753418,53.68403038252034,52.3274007167669,53.55917160743665,138449200
2019-10-03,53.021324157714844,53.054939558377036,51.65509168829448,52.44745522730388,114426000
2019-10-04,54.50760269165039,54.62285862206544,53.75845746297006,54.17865175845741,138478800
2019-10-07,54.519622802734375,55.20874044968746,54.22668698362583,54.32993665616627,122306000
2019-10-08,53.880916595458984,54.75972389234403,53.86411072762326,54.22187750074084,111820000
2019-10-09,54.51240539550781,54.694888454476924,54.17865121925164,54.51240539550781,74770400
2019-10-10,55.24714279174805,55.33118311286881,54.57723466918612,54.728502117878804,113013600
2019-10-11,56.71663284301758,57.059989886560345,55.78019754791175,55.93386847365883,166795600
2019-10-14,56.63499069213867,57.17764399561088,56.34685817252537,56.402082686698684,96427600
2019-10-15,56.5029411315918,57.062396724114954,56.39729167013194,56.75985808213798,87360000
2019-10-16,56.27482223510742,56.483721327443455,55.99389276314205,56.03471119953323,73903200
2019-10-17,56.493324279785156,56.70221970877233,56.07073017522385,56.44770259671815,67585200
2019-10-18,56.76466369628906,57.04559323208137,56.255625693832314,56.32765975363138,97433600
2019-10-21,57.74910354614258,57.8643594805564,56.98315242424609,57.03117389835004,87247200
2019-10-22,57.61705780029297,58.15490428802028,57.53541724657344,57.90519037069038,82293600
2019-10-23,58.39021301269531,58.40462275566765,57.91959732879052,58.13089626006461,75828800
2019-10-24,58.48624801635742,58.77918378053314,58.06125044639696,58.70954952666312,69275200
2019-10-25,59.206581115722656,59.242596306464485,58.318170993988126,58.385401792575365,73477200
2019-10-28,59.79966354370117,59.847685025604804,59.240204303203505,59.40828132176833,96572800
2019-10-29,58.4166145324707,59.967733495416816,58.24373795075097,59.7804471734003,142839600
2019-10-30,58.40941619873047,58.89924482176762,57.91719144782321,58.76958279527963,124522000
2019-10-31,59.73004150390625,59.82848794342759,56.96876359562889,59.3650752357083,139162000
2019-11-01,61.425209045410156,61.45161774300314,59.82606861277858,59.91730831812791,151125200
2019-11-04,61.828590393066406,61.912630719316276,61.31955618049986,61.78776829370831,103272000
2019-11-05,61.73976516723633,61.994282334049466,61.5452757723623,61.720552176754836,79897600
2019-11-06,61.76617431640625,61.82620208877956,61.317167751471324,61.65332181124007,75864400
2019-11-07,62.47902297973633,62.7005915790344,62.16112308276353,62.3128483676645,94940400
2019-11-08,62.650020599365234,62.72226723714008,61.85768150693457,62.30081136770355,69986400
2019-11-11,63.14613342285156,63.211155396483534,62.202069046791834,62.20688303941407,81821200
2019-11-12,63.088348388671875,63.28824306358675,62.83788840147617,62.98960638714672,87388800
2019-11-13,63.69281768798828,63.76747499464725,62.873990636188424,62.888439963309075,102734400
2019-11-14,63.25212478637695,63.791586155257114,63.12207343866122,63.51944479875991,89182800
2019-11-15,64.00349426269531,64.00830825530088,63.341206473883005,63.502559746650064,100206400
2019-11-18,64.32618713378906,64.40565840864545,63.63500091603317,64.01310132618642,86703200
2019-11-19,64.13115692138672,64.54297759366457,63.914409585956776,64.51889292314802,76167200
2019-11-20,63.384586334228516,64.08058712053418,62.71266287266692,63.95054310831765,106234400
2019-11-21,63.10038375854492,63.58204767524024,62.90048911733583,63.50497968466305,121395200
2019-11-22,63.04497146606445,63.38213463998186,62.818588902947205,63.240044707745454,65325200
2019-11-25,64.1504135131836,64.16727351573608,63.22320891771047,63.26896758200509,84020400
2019-11-26,63.64948272705078,64.3406692976059,63.21839144748047,64.28768597078938,105207600
2019-11-27,64.5044174194336,64.53813741439751,63.89511298558591,63.96013495495072,65235600
2019-11-29,64.36231994628906,64.54294385633477,64.03719543828564,64.20578069417058,46617600
2019-12-02,63.618160247802734,64.60316190902952,63.4471716441627,64.36714398387619,94487200
2019-12-03,62.48384094238281,62.50310426103313,61.722811237581595,62.20928904177194,114430400
2019-12-04,63.03535842895508,63.41346639147771,62.780077124864164,62.87400512239632,67181600
2019-12-05,63.96013259887695,64.03479724931714,63.27376756537875,63.52904879073454,74424400
2019-12-06,65.19561767578125,65.26546100190234,64.37437981221761,64.41773515061479,106075600
2019-12-09,64.2828598022461,65.21728148518294,63.79878528754208,65.02461888758106,128042400
2019-12-10,64.6585693359375,65.04149128263923,64.0275834068731,64.68746799612504,90420400
2019-12-11,65.21004486083984,65.2895234962379,64.66335914447087,64.73801643856866,78756800
2019-12-12,65.37623596191406,65.64115256416365,64.3791955584024,64.48997619221315,137310400
2019-12-13,66.2649154663086,66.3010387920999,65.24860425293159,65.37624490379989,133587600
2019-12-16,67.39923095703125,67.62321027270899,66.70564106368182,66.71045505717711,128186000
2019-12-17,67.53167724609375,67.85920511821561,67.14393404643634,67.32937932220554,114158400
2019-12-18,67.3703384399414,67.89053641959352,67.22102378228007,67.38478777135322,116028400
2019-12-19,67.43775939941406,67.71712534090744,67.1800748008847,67.31252943237541,98369200
2019-12-20,67.2980728149414,68.07114122602003,67.08613954782287,67.96999593464518,275978000
2019-12-23,68.39627838134766,68.45648637288053,67.52205716835296,67.560591164887,98572000
2019-12-24,68.46128845214844,68.61061041883474,68.13617123413715,68.56244109414793,48478800
2019-12-26,69.81958770751953,69.83644770700805,68.56485537418061,68.59375403067095,93121200
2019-12-27,69.79309844970703,70.79737094783557,69.38850252439819,70.11099839799601,146266000
2019-12-30,70.20732116699219,70.4890977572307,68.69008295692782,69.71120798213394,144114400
2019-12-31,70.72029876708984,70.72752343141342,69.72566166410049,69.82440364292783,100805600
2020-01-02,72.33386993408203,72.39407791515757,71.09117632272992,71.34404690340438,135480400
2020-01-03,71.63063049316406,72.3892495107853,71.40665858931894,71.56319785492231,146322800
2020-01-06,72.20140075683594,72.23993474282962,70.50353879987532,70.7540060340311,118387200
2020-01-07,71.86184692382812,72.46633010238772,71.64268897397623,72.21104883104543,108872000
2020-01-08,73.01783752441406,73.31887745373415,71.56562119935828,71.56562119935828,132079200
2020-01-09,74.56878662109375,74.76144921222713,73.7427349209394,73.99319481949146,170108400
2020-01-10,74.73736572265625,75.30091887725054,74.23643856809193,74.80239504412852,140644800
2020-01-13,76.3341064453125,76.36060178633993,74.93487315391599,75.05288582822318,121532000
2020-01-14,75.3033447265625,76.48101668324267,75.18052540962947,76.27149402827726,161954400
2020-01-15,74.9806137084961,75.98247543934815,74.54952248725758,75.10344034713454,121923600
2020-01-16,75.91986083984375,76.03064882750155,75.1612416745226,75.52248959606675,108829200
2020-01-17,76.76038360595703,76.76278692814752,75.86207762818306,76.16793161276121,137816400
2020-01-21,76.24015808105469,76.83019183971173,76.1028821310267,76.38947268651397,110843200
2020-01-22,76.5123291015625,77.06382908812623,76.41840109404252,76.72425508723063,101832400
2020-01-23,76.88079071044922,76.96026202494508,76.01860816134078,76.56530142477,104472000
2020-01-24,76.65923309326172,77.86820708363678,76.46897375596369,77.12644775977525,146537600
2020-01-27,74.405029296875,75.08416976822737,73.42484155700832,74.67234921705278,161940000
2020-01-28,76.5099105834961,76.68089922753784,75.18533472345831,75.2840767149778,162234000
2020-01-29,78.11141967773438,78.95674202148273,77.39855929233421,78.13791500924663,216229200
2020-01-30,77.99824523925781,78.05122856412287,76.76518678742532,77.19627805111793,126743200
2020-01-31,74.5398941040039,77.71164655303768,74.24607885109228,77.29019066933044,199588400
2020-02-03,74.335205078125,75.49842038984059,72.78424642943136,73.28517374937778,173788400
2020-02-04,76.78927612304688,76.97953543976107,75.53213292898627,75.9367288800473,136616400
2020-02-05,77.4154281616211,78.21258127557842,76.81334832632962,77.91394467954083,118826800
2020-02-06,78.32096862792969,78.32337929968051,77.12885469909907,77.68517600247516,105425600
2020-02-07,77.25634765625,78.06987612347613,76.76629893571341,77.82123085871221,117684000
2020-02-10,77.62329864501953,77.62329864501953,75.7644959675757,75.84415588740227,109348800
2020-02-11,77.15499114990234,78.1906145236601,76.93772941121844,78.11819639978289,94323200
2020-02-12,78.98722839355469,78.9920538114317,77.60398368209574,77.60398368209574,113730400
2020-02-13,78.42476654052734,78.75066279160559,78.0578358133656,78.26061390209061,94747600
2020-02-14,78.44404602050781,78.69269125395607,77.93709735382313,78.39334599690582,80113600
2020-02-18,77.0077133178711,77.1887659353896,75.94794846047884,76.12900107799734,152531200
2020-02-19,78.12297058105469,78.35230676800651,77.24909141317079,77.24909141317079,93984000
2020-02-20,77.32152557373047,78.37163210197758,76.81699322453267,77.88399976313329,100566000
2020-02-21,75.57136535644531,77.35775721221363,74.95578935685651,76.91598466630131,129554000
2020-02-24,71.981689453125,73.43011036441114,69.82113268068633,71.75960237227564,222195200
2020-02-25,69.54351043701172,73.03179362770307,69.07277807692655,72.65037937541128,230673600
2020-02-26,70.64671325683594,71.9092558646855,69.16208361597593,69.16932542429043,198054800
2020-02-27,66.0286865234375,69.04140503149553,65.89350114490772,67.85852928583456,320605600
2020-02-28,65.99005889892578,67.20915102510166,61.88861568726967,62.103468343907636,426510000
2020-03-02,72.13379669189453,72.76868922917748,67.0425965295844,68.14339616645945,341397200
2020-03-03,69.8428726196289,73.38667475068135,68.99312746023453,73.30701482551375,319475600
2020-03-04,73.08251190185547,73.24183913660247,70.76262721041282,71.5616724101691,219178400
2020-03-05,70.71192169189453,72.31242082695749,70.34740002247567,71.33956494467967,187572800
2020-03-06,69.77286529541016,70.20497969740977,67.88992061879122,68.07579869358199,226176800
2020-03-09,64.25436401367188,67.13188921300795,63.48911178224734,63.67016438238683,286744800
2020-03-10,68.88207244873047,69.14761776690831,65.02685833500999,66.9025682079639,285290000
2020-03-11,66.48973083496094,67.88745846056905,65.62791900481083,66.96288676154127,255598800
2020-03-12,59.92360305786133,65.17895944928944,59.86808127193993,61.78482607622021,418474000
2020-03-13,67.10292053222656,67.57366022928257,61.06300489011421,63.94536649521935,370732000
2020-03-16,58.470340728759766,62.54281272853614,57.93683739697829,58.40757346412376,322423600
2020-03-17,61.041290283203125,62.1879532458274,57.55059398806874,59.74978006097213,324056000
2020-03-18,59.54700469970703,60.350878847985236,57.24160039100893,57.88132191691277,300233600
2020-03-19,59.09075164794922,61.03646337436918,58.56690646649194,59.72081496454535,271857200
2020-03-20,55.33934020996094,60.79264444451166,55.03999854094989,59.67011594836406,401693200
2020-03-23,54.1636962890625,55.1606938155284,51.3247927605554,55.059304798459365,336752800
2020-03-24,59.59769821166992,59.79323446043245,56.56084169108887,57.05813231967632,287531200
2020-03-25,59.269386291503906,62.34245170831376,58.97487373705756,60.53192552123785,303602000
2020-03-26,62.38832092285156,62.446255405203736,59.472166210481355,59.51079165439952,252087200
2020-03-27,59.80531311035156,61.76792134587147,59.638744081772344,61.0147434951052,204216800
2020-03-30,61.51203155517578,61.68342967850782,60.20603760216864,60.529521124828726,167976400
2020-03-31,61.38648986816406,63.365997685508034,60.833677514674484,61.702731524008335,197002000
2020-04-01,58.15652084350586,60.04188167908633,57.726822887688364,59.50596558883749,176218400
2020-04-02,59.126956939697266,59.18006600388776,57.188487147319506,58.018915768998035,165934000
2020-04-03,58.2772216796875,59.31284110700112,57.68819653151743,58.61277240805976,129880000
2020-04-06,63.36118698120117,63.515681414819454,60.20121554945302,60.568146275466354,201820400
2020-04-07,62.62730026245117,65.5893255452028,62.52349853876049,65.37205652922795,202887200
2020-04-08,64.230224609375,64.54404618126709,63.06183266990903,63.42634690897305,168895200
2020-04-09,64.69371795654297,65.19584133375365,63.899505790640596,64.86511973614601,161834800
2020-04-13,65.96351623535156,66.07215077341053,64.17229875609489,64.77098217772529,131022800
2020-04-14,69.29486846923828,69.58455560243435,67.12223707141726,67.59297682109842,194994800
2020-04-15,68.66240692138672,69.12107217268907,67.74507641878203,68.17235803124424,131154400
2020-04-16,69.20795440673828,69.5724759670409,68.16026433690568,69.3745233735621,157125200
2020-04-17,68.26891326904297,69.27074378183441,66.83497575491855,68.72516946310567,215250000
2020-04-20,66.85186767578125,67.99853426971617,66.83255863780644,67.09810395402242,130015200
2020-04-21,64.78545379638672,66.92911797835283,64.07572694243713,66.69495629705587,180991600
2020-04-22,66.65151977539062,67.08604320648949,65.7100474299754,66.05041994300701,116862400
2020-04-23,66.39320373535156,68.01543553598502,66.35457829164004,66.59598178954948,124814400
2020-04-24,68.30994415283203,68.31960235496462,66.86876505886688,66.91704870248016,126161200
2020-04-27,68.35823059082031,68.68895219864656,67.58091104598891,68.02750161594408,117087600
2020-04-28,67.25018310546875,69.00035846269303,67.15845596472252,68.81930583953189,112004800
2020-04-29,69.45901489257812,69.92733815857098,68.53202656102843,68.73480456789414,137280800
2020-04-30,70.92435455322266,71.10058178322025,69.60870972779222,69.99736587702316,183064000
2020-05-01,69.78251647949219,72.17965163700352,69.00519685948858,69.1017567929507,240616800
2020-05-04,70.76983642578125,70.89777995985193,69.11863770856678,69.80663901583497,133568000
2020-05-05,71.83203125,72.66245995311394,71.0836788601292,71.2285224464027,147751200
2020-05-06,72.57315063476562,73.20321036598678,72.14827802802382,72.53210878963873,142333600
2020-05-07,73.32390594482422,73.66911859215423,72.89662434827942,73.19837876119128,115215200
2020-05-08,75.06914520263672,75.122398042806,73.65553308459083,73.98231154076618,133838400
2020-05-11,76.25035858154297,76.7441494175839,74.36957144120983,74.57774424961227,145946400
2020-05-12,75.37896728515625,77.38319884408511,75.25793879153254,76.93296900656856,162301200
2020-05-13,74.46883392333984,76.47791143801962,73.39410026175051,75.55809041384309,200622400
2020-05-14,74.92633056640625,74.98684482021679,72.98745151047878,73.7087840752181,158929200
2020-05-15,74.48334503173828,74.52933644505968,72.66791783323735,72.70180935336562,166348400
2020-05-18,76.23827362060547,76.61104348348049,75.11513293810333,75.80499689236754,135178400
2020-05-19,75.7977294921875,77.0999898949941,75.76626090152799,76.25521336264156,101729600
2020-05-20,77.27185821533203,77.34204942619355,76.6158784313997,76.65460843756124,111504800
2020-05-21,76.69576263427734,77.67367499164858,76.45854411277335,77.1338852173559,102688800
2020-05-22,77.1895523071289,77.27185079219365,76.33266854723075,76.43432834001963,81803200
2020-05-26,76.66669464111328,78.48453717513182,76.61101888750217,78.30541740950063,125522000
2020-05-27,77.00074005126953,77.1459757123096,75.7856167074525,76.52389490649263,112945200
2020-05-28,77.03462982177734,78.29090607267398,76.4004417495467,76.67638285095582,133560800
2020-05-29,76.95958709716797,77.73658783652532,76.60376308600569,77.27668110998019,153532400
2020-06-01,77.90603637695312,78.02706486056282,76.78288850329889,76.91360133395523,80791200
2020-06-02,78.2667007446289,78.29090791932163,77.19922860751555,77.63977407114822,87642800
2020-06-03,78.69757080078125,78.9589964979716,78.0149682866651,78.58622664893751,104491200
2020-06-04,78.01981353759766,78.81859867793425,77.64704369151033,78.52087329742372,87560400
2020-06-05,80.24189758300781,80.3024118345787,78.24008880036028,78.26913445919533,137250400
2020-06-08,80.71633911132812,80.75023064294642,79.2301127155256,79.93933807530591,95654400
2020-06-09,83.26517486572266,83.65730597576551,80.36533708864444,80.3968056767083,147712400
2020-06-10,85.40739440917969,85.8745626649843,83.77350959383725,84.2116321903992,166651600
2020-06-11,81.30695343017578,84.97653882509627,81.20529361612985,84.5529390302518,201662400
2020-06-12,82.0089111328125,84.18742419889422,80.90029328946143,83.44189186655679,200146000
2020-06-15,83.02310943603516,83.67424321088224,80.5032957450343,80.66547714891838,138808800
2020-06-16,85.22342681884766,85.4945368687229,83.4418908130573,85.07335265810912,165428800
2020-06-17,85.10482025146484,86.02705683600927,84.98379175074255,85.96654258564811,114406400
2020-06-18,85.13871002197266,85.55504835135272,84.53114459703605,85.06125001022909,96820400
2020-06-19,84.65218353271484,86.3078527061597,83.54598114965047,85.84310735238266,264476000
2020-06-22,86.86698150634766,87.00979422869749,84.99830144840965,85.04429286253834,135445200
2020-06-23,88.72115325927734,90.13718820813904,87.68998805980996,88.10874933547481,212155600
2020-06-24,87.15504455566406,89.26820486684538,86.78227469992099,88.35080675031271,192623200
2020-06-25,88.31206512451172,88.35079512662277,86.55231359048508,87.3099530977363,137522400
2020-06-26,85.5986099243164,88.42825657527817,85.45095132716905,88.20798383985682,205256800
2020-06-29,87.57138061523438,87.66578639039905,85.02978213117639,85.5066347136651,130646000
2020-06-30,88.30238342285156,88.58801627360432,87.14051287267962,87.15987418081895,140223200
2020-07-01,88.13536071777344,88.92204587845694,88.08695375546539,88.37984062385425,110737200
2020-07-02,88.13536071777344,89.67484690422407,88.02160103220285,89.04065881814572,114041600
2020-07-06,90.49300384521484,90.9601720457748,89.52961440129422,89.56108299075036,118655600
2020-07-07,90.21222686767578,91.64762315168353,90.10088271239697,90.87062222466152,112424400
2020-07-08,92.31327056884766,92.34473915860562,91.10056271828748,91.18770707353977,117092000
2020-07-09,92.71025085449219,93.25729463316677,91.66456287634601,93.20404179945581,125642800
2020-07-10,92.8724136352539,92.93051232943125,91.69602034280251,92.30600122922262,90257200
2020-07-13,92.4439926147461,96.7792345052281,92.23098126624099,94.1746987408597,191649200
2020-07-14,93.97377014160156,94.16498980895781,90.89480551473416,91.82671884066302,170989200
2020-07-15,94.62006378173828,96.09418977539168,93.42430181349536,95.84487140313816,153198000
2020-07-16,93.4557876586914,94.31024858615012,92.85790656415841,93.49451766571708,110577600
2020-07-17,93.26697540283203,94.06092201052024,92.79496133182224,93.90600938284572,92186800
2020-07-20,95.23248291015625,95.37045717183655,93.01040144233045,93.35412562962276,90318000
2020-07-21,93.9181137084961,96.09662665534265,93.66879530005893,96.02158957813295,103433200
2020-07-22,94.18193817138672,94.86211761268852,93.53322731563136,93.620364272229,89001600
2020-07-23,89.89512634277344,93.99314942038049,89.08665688068213,93.91568941051719,197004400
2020-07-24,89.67241668701172,90.016140810345,86.31266499943915,88.0966309470678,185438800
2020-07-27,91.79768371582031,91.88966654711753,90.50994623863684,90.7326345162056,121214000
2020-07-28,90.28968048095703,91.54595685387366,90.28483461346657,91.36925259131361,103625600
2020-07-29,92.0203857421875,92.20435141750036,90.73506372270917,90.77137079362801,90329200
2020-07-30,93.13383483886719,93.23791755492837,90.78830239250956,91.19495629734762,158130000
2020-07-31,102.8838882446289,103.03396237192649,97.62156512089064,99.61611941491957,374336800
2020-08-03,105.47632598876953,108.09053834247213,104.4645296144692,104.7622549635953,308151200
2020-08-04,106.18071746826172,107.26997389606046,104.94380243901392,105.6651349105181,173071600
2020-08-05,106.5655746459961,106.88509160009556,105.43758834706337,105.9023409518437,121776800
2020-08-06,110.28357696533203,110.77737527223312,106.30900549573542,106.89720218347466,202428800
2020-08-07,107.77618408203125,110.26174118969138,106.98080610359243,109.80585245809037,198045600
2020-08-10,109.34270477294922,110.35875275642206,106.69710077257369,109.21903076531765,212403600
2020-08-11,106.09088134765625,109.10507306907006,105.83141158748525,108.60796447088038,187902400
2020-08-12,109.61673736572266,109.8737798216829,106.98568204543375,107.17967383850515,165598000
2020-08-13,111.55669403076172,112.55819321018032,110.5066931989482,110.99410742435849,210082000
2020-08-14,111.4572525024414,111.54697388434195,109.65067355223327,111.38208013380518,165565200
2020-08-17,111.16625213623047,112.60181637912858,110.54062239475888,112.57756555807367,119561600
2020-08-18,112.09255981445312,112.51692321018118,110.58425076333872,110.91889279659107,105633600
2020-08-19,112.23321533203125,113.64452867430332,112.13864675565405,112.49995954797271,145538000
2020-08-20,114.72362518310547,114.8375973733061,112.2574641314498,112.27444044495672,126907200
2020-08-21,120.63561248779297,121.11817195845913,115.66934527196243,115.6814669811538,338054800
2020-08-24,122.07846069335938,124.91806397068724,120.2161130032418,124.83318239328597,345937600
2020-08-25,121.07696533203125,121.42130925505194,119.35768781992573,120.95329871627834,211495600
2020-08-26,122.72350311279297,123.17939196014703,121.32673854222942,122.391288286882,163022400
2020-08-27,121.25642395019531,123.65710756851145,120.11427449940825,123.32489273389695,155552400
2020-08-28,121.05997467041016,122.64587607239329,120.83687750115561,122.22878715620412,187630000
2020-08-31,125.1654052734375,127.06656032182518,122.2166916072517,123.7492518971319,225702700
2020-09-01,130.1510467529297,130.75244043183687,126.61064913629612,128.77368605712132,151948100
2020-09-02,127.45451354980469,133.8369410345014,123.1866360174791,133.45865195686625,200119000
2020-09-03,117.25041198730469,124.97140134269283,116.8818246649217,123.09935930505591,257599600
2020-09-04,117.3280258178711,119.98575186395645,107.56039029271544,116.46474975837279,332607200
2020-09-08,109.43241119384766,115.4171459794859,109.29661549435876,110.5284785969539,231366600
2020-09-09,113.79729461669922,115.56264615107492,111.79915150644727,113.73909857280785,176940500
2020-09-10,110.08230590820312,116.88182317054356,109.12203408038299,116.74602745349068,182274400
2020-09-11,108.63704681396484,111.77006490232608,106.69709954942977,111.12987875287997,180860300
2020-09-14,111.89615631103516,112.44904097306566,109.41302623599448,111.27537379227499,140150100
2020-09-15,112.0707778930664,115.26199270136142,110.19872809368098,114.77700578338917,184642000
2020-09-16,108.76314544677734,112.51694623083202,108.6758513682307,111.77006975767836,154679000
2020-09-17,107.02690887451172,108.83106079074912,105.44585419536305,106.42552983597461,178011000
2020-09-18,103.63197326660156,107.55066740012516,102.90449308489,107.08508422800398,287104900
2020-09-21,106.77471160888672,106.88140931284494,100.00429161371379,101.40105617439414,195713800
2020-09-22,108.45276641845703,109.47124185175878,105.88234181116601,109.29664627463028,183055400
2020-09-23,103.9035873413086,108.74375412227577,103.56409061974239,108.26846907252015,150718700
2020-09-24,104.97054290771484,106.93958810787352,101.84722676940335,102.01212050333626,167743300
2020-09-25,108.90864562988281,109.06384497371614,104.4370662899755,105.17424837255975,149981400
2020-09-28,111.5081787109375,111.85736984450415,109.39363569114487,111.55668035738763,137672400
2020-09-29,110.66427612304688,111.84764500982021,110.15989314523581,111.11047045765872,99382200
2020-09-30,112.3326416015625,113.73910777869786,110.2084044241761,110.37329816208843,142675200
2020-10-01,113.283203125,114.18527875349272,112.35202947628338,114.10767909935542,116120400
2020-10-02,109.6264419555664,111.90588643755389,108.85046731090773,109.50034801839159,144712000
2020-10-05,113.00192260742188,113.14742012517607,110.1405034929378,110.4896945754234,106243800
2020-10-06,109.76222229003906,112.63334341918222,108.87954271233731,112.22594886007512,161498200
2020-10-07,111.62457275390625,112.08046156708008,110.70309331868141,111.17838574960963,96849000
2020-10-08,111.51786804199219,112.90493061170089,111.1492733309645,112.7594330889432,83477200
2020-10-09,113.45781707763672,113.48691510258755,111.46936816913343,111.81855926916633,100506900
2020-10-12,120.66471862792969,121.42129686008033,115.69845107798898,116.45502931013961,240226800
2020-10-13,117.46379089355469,121.62497815056649,116.0573322604358,121.5085786649449,262330500
2020-10-14,117.55110931396484,119.33585728240598,116.02825097556021,117.36681195189107,150712000
2020-10-15,117.08551788330078,117.56080289760202,114.60238771843201,115.15527240046332,112559200
2020-10-16,115.44625091552734,117.90029026113083,115.24255735409358,117.63839325335097,115393800
2020-10-19,112.49755859375,116.8042370043639,112.18716729027952,116.35804996814461,120639300
2020-10-20,113.9815902709961,115.40745252774086,112.15803531937775,112.71091992910422,124423700
2020-10-21,113.36083221435547,115.14558032107824,112.95343762450592,113.16683302863848,89946000
2020-10-22,112.2744369506836,114.49567723930029,111.14926409518415,113.92338900408984,101988000
2020-10-23,111.58577728271484,113.05043966735408,110.84859518576691,112.89524032049677,82572600
2020-10-26,111.59546661376953,113.05042702646372,109.49061825916863,110.58669317293085,111850700
2020-10-27,113.09893798828125,113.7585204355671,111.10079442752371,112.02226653167769,92276800
2020-10-28,107.86106872558594,111.96406058991157,107.76407283902445,111.59547326085323,143937800
2020-10-29,111.85736083984375,113.41901900582575,108.83104039265947,108.99594153712782,146129200
2020-10-30,105.59134674072266,108.62736202117581,104.4855772187525,107.72528610585144,190272600
2020-11-02,105.50403594970703,107.356689266343,104.09757704674024,105.83383085542181,122866900
2020-11-03,107.12388610839844,108.14235394209176,105.46523215040254,106.36730788899447,107624400
2020-11-04,111.49846649169922,112.11924902667879,108.97653651830575,110.71279021468385,138235500
2020-11-05,115.45597076416016,116.0282591074031,113.3608313760952,114.40839736997158,126387100
2020-11-06,115.32479095458984,115.8203256136095,112.83736946099638,114.96527887670223,114457900
2020-11-09,113.02200317382812,118.53124107554257,112.75966168887598,117.08348880826458,154515300
2020-11-10,112.68192291259766,114.25598657554706,110.8940882741732,112.27383288243148,138023400
2020-11-11,116.10212707519531,116.23815709626824,113.13860742972919,113.86734286251138,112295000
2020-11-12,115.83002471923828,117.11259831587537,115.20817130347953,116.22840350190613,103162300
2020-11-13,115.87862396240234,116.27699537989376,114.52803521767761,116.05352071993178,81581900
2020-11-16,116.88915252685547,117.55958400464418,114.80010971790968,115.54827474511946,91183000
2020-11-17,116.00495147705078,117.24865863043144,115.58714291023577,116.16041857776305,74271000
2020-11-18,114.68350982666016,116.42275908285534,114.65436159878705,115.24706694247119,76322100
2020-11-19,115.2762222290039,115.68431227037438,113.49810608907285,114.25598971249795,74113000
2020-11-20,114.0130615234375,115.40251710432108,113.96448361868471,115.27620565626937,73604300
2020-11-23,110.62202453613281,114.28513837643995,110.52486130551306,113.85761126601786,127959300
2020-11-24,111.90460968017578,112.56533009298217,109.39775804807978,110.68033950800988,113874200
2020-11-25,112.74022674560547,113.43981393627315,111.90460953598352,112.27384022721371,76499200
2020-11-27,113.2843246459961,114.15880846315034,112.92481998616722,113.26489496698315,46691300
2020-11-30,115.67459106445312,117.54015173092947,113.49809620715159,113.65356330256418,169410200
2020-12-01,119.24053192138672,119.96926723797301,116.60736920035771,117.57901628913943,127728200
2020-12-02,119.59032440185547,119.87210294466338,117.4624149241799,118.56037345602128,89004200
2020-12-03,119.45428466796875,120.27046459048226,118.74497909552679,120.01783429457547,78967600
2020-12-04,118.78384399414062,119.37654924842553,118.07453843287111,119.12391895649799,78260400
2020-12-07,120.24130249023438,121.03805264253546,118.78383215701942,118.84212859816323,86712000
2020-12-08,120.85346221923828,121.43645640289948,119.6000365852931,120.84375108576852,82225500
2020-12-09,118.32719421386719,122.37896123763355,117.56931058790569,120.99922399995596,115089200
2020-12-10,119.74577331542969,120.35791566525569,116.74338766599487,117.08346263085474,81312200
2020-12-11,118.93931579589844,119.2793907717679,117.13205173775964,118.95874547462877,86939800
2020-12-14,118.32719421386719,119.85268001340195,118.0940009627436,119.12394461719592,79184500
2020-12-15,124.25422668457031,124.27366377761385,120.61055011219938,120.81459511068267,157243700
2020-12-16,124.18621063232422,124.73033062366706,122.9716517851633,123.79755773169585,98208600
2020-12-17,125.05097198486328,125.90602613060179,124.40968137555939,125.24529842903367,94359800
2020-12-18,123.0688247680664,125.43964605507787,122.5441344465272,125.30361605465058,192541500
2020-12-21,124.59432220458984,124.67205576340992,119.94984955475292,121.47533543446605,121251600
2020-12-22,128.14080810546875,130.599073771845,125.9740246713456,127.8784592702847,168904800
2020-12-23,127.24693298339844,128.6752408300138,127.07202876522139,128.41290674198933,88223700
2020-12-24,128.22828674316406,129.67604646021374,127.38295839338778,127.59672197110412,54930100
2020-12-28,132.81446838378906,133.446033182036,129.72462233987497,130.19102370668213,124486200
2020-12-29,131.04600524902344,134.8548591025245,130.53103360723338,134.135849925918,121047300
2020-12-30,129.9286651611328,132.13430846309575,129.61773093964035,131.73592955161843,96452100
2020-12-31,128.92784118652344,130.9197204767935,127.98534242224186,130.27842990655225,99116600
2021-01-04,125.74085998535156,129.82177500940742,123.16599358092327,129.73433032505793,143301900
2021-01-05,127.29550170898438,128.0048148809108,124.78865000861988,125.23561427002338,97664900
2021-01-06,123.01051330566406,127.3343470647896,122.79674977159817,124.09876065496377,155088000
2021-01-07,127.20801544189453,127.89789129191489,124.23477818150717,124.72060165088172,109578200
2021-01-08,128.30601501464844,128.8695721666665,126.53761000388556,128.67523086681507,105158200
2021-01-11,125.32302856445312,126.47929089114106,124.85664214589357,125.5270809622862,100384500
2021-01-12,125.14813995361328,126.0129052139805,123.26314235039197,124.85664288048969,91951100
2021-01-13,127.17889404296875,127.72301407124303,124.84694682860504,125.10928088256377,88636800
2021-01-14,125.2550277709961,127.28576659581172,125.10927181431389,127.09144014639318,90221800
2021-01-15,123.53519439697266,126.52786882491789,123.39916441507316,125.12869482471949,111598500
2021-01-19,124.20565032958984,125.0607045202907,123.34088500532488,124.15706500945309,90757300
2021-01-20,128.2865447998047,128.7335089174472,124.90521758681017,125.01209934367105,104319500
2021-01-21,132.9893798828125,135.70999567011074,129.80237747734301,130.00642996250977,120150900
2021-01-22,135.12698364257812,135.88486727485233,131.19180950505606,132.41607964346215,114459400
2021-01-25,138.8677978515625,140.97627022018892,132.6686847833474,139.01355380816258,157611700
2021-01-26,139.10104370117188,140.20872113105705,137.3617865730404,139.52857092431395,98390600
2021-01-27,138.0321502685547,140.208644567784,136.42893888339475,139.36330171958025,140843800
2021-01-28,133.20314025878906,137.96422147707514,132.82419836085404,135.56425118143247,142621100
2021-01-29,128.21856689453125,132.86303917443942,126.51818434944722,131.97883669271752,177523800
2021-02-01,130.33668518066406,131.5415324023742,127.21769281152132,129.95774356816557,106239800
2021-02-02,131.1626434326172,132.4452098565485,130.79341280132044,131.8816527763116,83305400
2021-02-03,130.1424102783203,131.92052618668296,129.82176496768204,131.9108002272906,89880900
2021-02-04,133.4945831298828,133.5042942626405,130.7739685158837,132.43549143917588,84183100
2021-02-05,133.08106994628906,133.72331912038942,132.20528641674758,133.6552098828253,75693800
2021-02-08,133.22698974609375,133.27564766652046,131.29051736028654,132.37065786118401,71297200
2021-02-09,132.35121154785156,134.1709170758531,132.1955269668042,132.9448026300194,76774200
2021-02-10,131.74783325195312,133.30479712135545,130.7844601873258,132.80850727822565,73046600
2021-02-11,131.49488830566406,132.72098784651604,130.17147291387968,132.24416393424985,64280000
2021-02-12,131.7283935546875,131.88409294253404,130.09359452723146,130.7358433658653,60145100
2021-02-16,129.60707092285156,132.35120265140839,129.21782237561078,131.84520181246612,80576300
2021-02-17,127.32029724121094,128.66317890424816,125.98715607320858,127.7192714814344,97918500
2021-02-18,126.22069549560547,126.50288771185818,123.98256451257895,125.72440543319924,96856700
2021-02-19,126.37637329101562,127.19378780631597,125.33516499223074,126.7364300489586,87668800
2021-02-22,122.6104736328125,126.23040308983671,122.22123254914695,124.56639727156255,103916400
2021-02-23,122.47425842285156,123.30139120748287,115.2052066551197,120.43075171253977,158273000
2021-02-24,121.97795867919922,122.18230857916163,118.94189453786483,121.57899194807914,111039900
2021-02-25,117.73526763916016,123.05812133844819,117.29737597808456,121.32600598694728,148199500
2021-02-26,117.99798583984375,121.49140765726709,117.93959485190196,119.29220185674814,164560400
2021-03-01,124.35233306884766,124.48856634693102,119.4868376397081,120.42101187120407,116307900
2021-03-02,121.75415802001953,125.25731317881322,121.6471165286429,124.95565484356455,102260900
2021-03-03,118.77645874023438,122.32827149061751,118.56237577745944,121.45248092660913,112966300
2021-03-04,116.89838409423828,120.27503892466773,115.42900990064756,118.47480719948628,178155000
2021-03-05,118.15367889404297,118.65969453198089,114.40724922583529,117.72552038212189,153766600
2021-03-08,113.22979736328125,117.74497601487798,113.08383103215061,117.67685938357114,154376600
2021-03-09,117.83255767822266,118.77646492277744,115.5944343694315,115.82797605727136,129525800
2021-03-10,116.7524185180664,118.88350022910564,116.23666982400522,118.4164168777091,111943300
2021-03-11,118.67913055419922,119.89550407261814,117.99796435354652,119.24352964854275,103026500
2021-03-12,117.774169921875,117.91040318694742,115.95447955662657,117.16112022904915,88105100
2021-03-15,120.6545639038086,120.66429697426416,117.18060016691906,118.14397368976827,92403800
2021-03-16,122.1920394897461,123.79765430298438,121.36490683570095,122.31853968534864,115227900
2021-03-17,121.40383911132812,122.47424657756945,119.04893377660937,120.71293967926185,111932600
2021-03-18,117.2876205444336,119.86633436304555,117.08327064661763,119.57440169521924,121229700
2021-03-19,116.76213836669922,118.16340319964601,116.46048007455593,116.67456302671786,185549500
2021-03-22,120.0706787109375,120.53776947303844,117.02488167357409,117.09299830303091,111912300
2021-03-23,119.24356079101562,120.89782623844285,118.8543196786337,120.0123099463268,95467100
2021-03-24,116.85946655273438,119.5938800533793,116.8400078374971,119.51603034411634,88530500
2021-03-25,117.34600830078125,118.38723138862223,115.79878440882977,116.32425877519718,98844700
2021-03-26,117.94933319091797,118.21207408800578,115.72093550893463,117.11246742653448,94071200
2021-03-29,118.1244888305664,119.28247903408416,117.48224734126221,118.37749665321657,80819200
2021-03-30,116.67456817626953,117.16111766205535,115.66254435493632,116.87891806940085,85671900
2021-03-31,118.86405181884766,120.19719278132602,117.89095275757859,118.37750228821312,118323800
2021-04-01,119.69119262695312,120.83944989383653,119.19490999339443,120.33344161440051,75089100
2021-04-05,122.51316833496094,122.7661761594041,119.75929632134557,120.53777850848313,88651200
2021-04-06,122.81481170654297,123.71006091586875,122.26987869637169,123.09701127942607,80171300
2021-04-07,124.4593734741211,124.47883218903853,121.77361794195266,122.44505868103397,83466700
2021-04-08,126.85317993164062,126.88237171232534,125.06268142419076,125.4811068462127,88844600
2021-04-09,129.4221649169922,129.4610823431084,125.987126690143,126.3082511367721,106686700
2021-04-12,127.70951843261719,129.27620842056396,127.11592744716376,128.95508396794366,91420000
2021-04-13,130.813720703125,131.03754421397457,128.38097265896974,128.87726276289945,91266500
2021-04-14,128.478271484375,131.36837696548068,128.1182295730411,131.3099933958929,87222800
2021-04-15,130.88182067871094,131.36837019796266,130.04495491166549,130.22012045971883,89347100
2021-04-16,130.5509490966797,131.0472241792983,129.6946173321828,130.68718234573052,84922400
2021-04-19,131.21266174316406,131.82571884662076,129.75301328602865,129.91843832937323,94264200
2021-04-20,129.52920532226562,131.88410306298763,128.26417368348118,131.38782793049364,94812300
2021-04-21,129.9087371826172,130.15201197134868,127.76792201144299,128.79940473993418,68847100
2021-04-22,128.3907012939453,130.54124205126504,127.87495994409139,129.46110142550572,84566500
2021-04-23,130.70663452148438,131.48510166245782,128.60473760491465,128.60473760491465,78657500
2021-04-26,131.09591674804688,131.42676689058607,129.9671181870508,131.20295824690538,66905100
2021-04-27,130.77479553222656,131.76736083305914,130.5023289552631,131.3781122600293,66015800
2021-04-28,129.98660278320312,131.38786811328342,129.50005314627617,130.69696109558785,107760100
2021-04-29,129.8892364501953,133.38267277073504,128.88694577541443,132.79880749394718,151101000
2021-04-30,127.92362976074219,129.96712921001927,127.54412165956818,128.2350137894491,109839500
2021-05-03,128.97454833984375,130.46340362512916,128.28365629304724,128.48799878924353,75135100
2021-05-04,124.41069793701172,127.95278490720769,123.2916326716947,127.66085225567952,137564700
2021-05-05,124.65398406982422,126.9407577416854,124.5274764521898,125.72438402846821,84000900
2021-05-06,126.24988555908203,126.25961120491856,123.71008883004946,124.44964624226809,78128300
2021-05-07,126.92243194580078,127.94590938474946,126.2108524591679,127.54627247102638,78973300
2021-05-10,123.64727783203125,126.26935540308767,123.60828686336556,126.14264776926625,88071200
2021-05-11,122.73101806640625,123.08192191649415,119.67029018955704,120.38186236478138,126142800
2021-05-12,119.67030334472656,121.49309231644543,119.16343556175418,120.284401882613,112172300
2021-05-13,121.81474304199219,122.96495055227784,121.12267010296466,121.43459040557941,105861300
2021-05-14,124.23212432861328,124.66101753625983,122.67252280548946,123.06242504546209,81918000
2021-05-17,123.0819320678711,123.72527195908786,122.00970635261075,123.61804864388507,74244600
2021-05-18,121.69776916503906,123.78373756646234,121.62953683178752,123.36459396598383,63342900
2021-05-19,121.54181671142578,121.76600548369002,119.75801895076617,120.050447495282,92612000
2021-05-20,124.09564971923828,124.49530152830624,121.94144912599474,122.06817161997536,76857100
2021-05-21,122.26312255859375,124.76823446881733,122.04867596571786,124.5927788416249,79295400
2021-05-24,123.89097595214844,124.70977148763245,122.76026751533502,122.82849985689472,63092900
2021-05-25,123.69603729248047,125.08019086281091,123.13067931563903,124.59280739844195,72009500
2021-05-26,123.64727783203125,124.17364475386753,123.22813421483384,123.75450113667013,56575900
2021-05-27,122.1169204711914,124.41733561849655,121.92197306010468,123.24763627844212,94625600
2021-05-28,121.46382904052734,122.6237861257757,121.40534630909178,122.3995899273286,71311100
2021-06-01,121.14215850830078,122.1851426884376,120.81074644955004,121.92196296159237,67637100
2021-06-02,121.90248107910156,122.07793673418138,120.91798692698966,121.14217571934485,59278900
2021-06-03,120.42084503173828,121.69776758173275,120.02119320163122,121.53206155124437,76229200
2021-06-04,122.71151733398438,122.97470451422886,120.72302254551224,120.93746915555829,75169300
2021-06-07,122.72127532958984,123.13066937489863,121.67829101219802,122.9844550910691,71057600
2021-06-08,123.54004669189453,125.21662849111421,123.0234294041827,123.40358202860334,74403800
2021-06-09,123.92021179199219,124.52456067367201,123.32561251203367,123.99819373222839,56877900
2021-06-10,122.92595672607422,124.95344236430199,122.7602506959565,123.81297704481983,71186400
2021-06-11,124.13465881347656,124.22239035571975,122.91621888119515,123.33536251537065,53522400
2021-06-14,127.18560028076172,127.24408300420586,123.8617007821636,124.59276457227712,96906500
2021-06-15,126.36685943603516,127.30262798000346,126.12317141530278,126.65928803562127,62746300
2021-06-16,126.86395263671875,127.58527439037435,125.2166344350542,127.07839924257492,91815000
2021-06-17,128.46255493164062,129.20337594415264,126.37658632134162,126.52280804022224,96721700
2021-06-18,127.16613006591797,128.1896075868194,126.95168347380675,127.40981802299594,108953300
2021-06-21,128.9596710205078,129.066894317528,125.94769141357571,127.01016734634604,79663300
2021-06-22,130.59725952148438,130.69474066397615,128.29684436989922,128.7939773736595,74783600
2021-06-23,130.3243408203125,130.92869718078555,129.86620618552573,130.3925806003398,60214200
2021-06-24,130.04164123535156,131.24058178501798,129.57374966230876,131.0553765632134,68711000
2021-06-25,129.7492218017578,130.50952706925113,129.45679326652197,130.09039090512184,70783700
2021-06-28,131.37704467773438,131.83517920756188,129.9831567614525,130.04163948891443,62111300
2021-06-29,132.88792419433594,133.0438880631515,130.9579196567259,131.3965550234282,64556100
2021-06-30,133.5020751953125,133.94071073471778,132.43958393501555,132.73201258579877,63261400
2021-07-01,133.80418395996094,133.86266668828733,132.33229922059724,133.15110203776288,52485800
2021-07-02,136.42630004882812,136.4652835854969,134.27209152787285,134.41829838230024,78852600
2021-07-06,138.43423461914062,139.53569387856405,136.53347186094717,136.53347186094717,108181800
2021-07-07,140.91990661621094,141.2318195282519,139.0581266890823,139.91589835234652,104911600
2021-07-08,139.62347412109375,140.42276298269945,137.11835448019005,138.0053823208354,105575500
2021-07-09,141.44622802734375,141.97258743167365,139.04833216120844,139.1458132863032,99890800
2021-07-12,140.85165405273438,142.62570970674338,140.364278087154,142.51848639937432,76299700
2021-07-13,141.96287536621094,143.7369310790402,140.00362927408963,140.39352411006757,100827100
2021-07-14,145.38424682617188,145.79365573228569,143.95136027537654,144.36076918149035,127050800
2021-07-15,144.7311553955078,146.21278242197315,143.37625087333885,145.47197634550716,106820300
2021-07-16,142.6938934326172,145.97880173322068,142.19677544564345,144.71163648718607,93251400
2021-07-19,138.85342407226562,140.43253247911716,138.09311867670348,140.12060468938105,121434600
2021-07-20,142.4600067138672,143.38603306380864,139.35056015600642,139.83793618290784,96350000
2021-07-21,141.72894287109375,142.4405225803077,140.97839449756518,141.8556653977963,74993500
2021-07-22,143.09359741210938,144.4582442706814,142.12858757198936,142.2553100922622,77338200
2021-07-23,144.80914306640625,144.9651069434816,143.2105505102186,143.82464898024415,71447400
2021-07-26,145.228271484375,146.04705940106285,143.97083337261068,144.52644902049065,72434100
2021-07-27,143.06436157226562,145.44275893789174,141.87516288945258,145.35501995009983,104818600
2021-07-28,141.31948852539062,143.25924964240136,138.9410921453255,141.15378253150473,118931200
2021-07-29,141.96287536621094,142.84990322262558,140.92964066468824,141.03686397561236,56699500
2021-07-30,142.1772918701172,142.63542638578699,140.4714762953773,140.73466343435456,70440600
2021-08-02,141.8458709716797,143.23975875771586,141.58268384916155,142.6646588267022,62880000
2021-08-03,143.63943481445312,144.30225894055675,141.51446802349406,142.12856645538005,64786600
2021-08-04,143.23977661132812,144.05856456840556,142.5866946784069,143.55170433223327,56368300
2021-08-05,143.3469696044922,144.10727467156428,142.4794412652161,143.26898769075027,46397700
2021-08-06,142.66366577148438,143.61059289976055,142.16580285802874,142.86867690985883,54126800
2021-08-09,142.6148681640625,143.21035833317768,142.05843483321482,142.72225212556916,48908700
2021-08-10,142.1365203857422,144.19632898598317,141.84365370926938,142.95653516321173,69023100
2021-08-11,142.39031982421875,143.22986295766566,142.0681679932176,142.57580253562702,48493500
2021-08-12,145.34823608398438,145.5044336133679,142.37078584930737,142.71246608285676,72282600
2021-08-13,145.55328369140625,145.88519235268876,144.74302556240244,145.42637130499,59375000
2021-08-16,147.5251922607422,147.59353426907154,142.9858112009547,145.0065628373872,103296000
2021-08-17,146.61732482910156,148.07187159409528,145.5434853619502,146.65636676617194,92229700
2021-08-18,142.87847900390625,147.13476660342323,142.6734678004844,146.23665278463994,86326000
2021-08-19,143.21035766601562,144.4794367790495,141.06269334170713,141.5800847276963,86960300
2021-08-20,144.66494750976562,144.96757103229274,143.2884841694112,143.93278806010758,60549600
2021-08-23,146.1487274169922,146.61730507779947,144.3720141553827,144.78202147056598,60131800
2021-08-24,146.06088256835938,147.27139120779157,145.60206158624175,145.89492826143862,48606400
2021-08-25,144.83087158203125,146.74425443123712,144.28419502392072,146.24637657624294,58991300
2021-08-26,144.03033447265625,145.57275146160703,144.00104929973693,144.82107882892396,48597200
2021-08-27,145.06517028808594,145.2115961914639,143.33727014912955,143.97180225819312,55802400
2021-08-30,149.47764587402344,149.83885461039787,145.07493307828,145.45565533870288,90956700
2021-08-31,148.21836853027344,149.1652959930352,147.69120535728086,149.02862681778208,86453100
2021-09-01,148.88217163085938,151.29341783710504,148.71621728375123,149.19456679893693,80313700
2021-09-02,149.99502563476562,151.0395800272227,148.77476016459727,150.20979354918074,71115500
2021-09-03,150.62953186035156,150.95168364480844,149.44830865067632,150.1023689782168,57808700
2021-09-07,152.96270751953125,153.51914078415754,150.71741625258127,151.2836211735212,82278300
2021-09-08,151.42031860351562,153.30440154284446,150.31719373274197,153.24583117728486,74420200
2021-09-09,150.40504455566406,152.39651120399355,150.28788894400816,151.79126431107525,57305700
2021-09-10,145.42637634277344,151.78151431271888,145.1627947987088,151.31293648668662,140893200
2021-09-13,145.9925537109375,147.81806596111582,145.21158088499752,147.04686479158386,102404300
2021-09-14,144.59658813476562,147.47642687466802,143.4153793726529,146.77355269563384,109296300
2021-09-15,145.48492431640625,145.8851749521173,142.88819590848047,145.02610332343372,83281300
2021-09-16,145.25062561035156,145.42635157507343,143.71798000246844,144.90896023332135,68034100
2021-09-17,142.58555603027344,145.27991132028194,142.29268938190515,145.27991132028194,129868800
2021-09-20,139.53976440429688,141.39456149508126,137.90949193283979,140.3793074328847,123478900
2021-09-21,140.0181427001953,141.16032435989862,139.38361057442205,140.50624891873463,75834000
2021-09-22,142.38058471679688,142.94677480134484,140.28171911608493,141.01387841720836,76404300
2021-09-23,143.33724975585938,143.5813028239796,142.17555476827644,143.1615238009879,64838200
2021-09-24,143.42510986328125,143.96202960944674,142.09746053449825,142.1950877231893,53477900
2021-09-27,141.91197204589844,142.48794860245857,140.39885495340664,142.00959923062172,74150700
2021-09-28,138.53431701660156,141.3067568929059,138.31954907870838,139.8424381686271,108972300
2021-09-29,139.4324188232422,141.013878143942,138.65144592439347,139.08098176355122,74602000
2021-09-30,138.134033203125,140.94552924628812,137.91926531672686,140.24265523549735,89056700
2021-10-01,139.2567138671875,139.52029542569983,135.80092800506898,138.5245544569587,94639600
2021-10-04,135.83018493652344,138.82716398233575,134.98088496397907,138.38785651091933,98322000
2021-10-05,137.75331115722656,138.8564357660988,136.04493972017434,136.17185207930245,80861100
2021-10-06,138.62216186523438,138.76858776803195,135.07850605934124,136.15234566592073,83221100
2021-10-07,139.88145446777344,140.7893396562003,139.32502120039112,139.65692980871162,61732700
2021-10-08,139.500732421875,140.7502829805711,139.16882381318146,140.60385709315267,58773200
2021-10-11,139.4128875732422,141.36531233280488,138.43667519346084,138.88573944232053,64452200
2021-10-12,138.14381408691406,139.84242905892054,137.68499305819657,139.82290063970592,73035900
2021-10-13,137.55810546875,138.03644005527403,135.88877555756454,137.8802573777795,78762700
2021-10-14,140.3402557373047,140.45741132647578,138.14377836199483,138.72951162040368,69907100
2021-10-15,141.3946075439453,141.45317790755652,140.09624319922384,140.35006796929892,67940300
2021-10-18,143.06393432617188,143.347029376178,139.75457479053856,140.03766984054468,85589200
2021-10-19,145.22137451171875,145.62162523479623,143.06395310397025,143.5130025382052,76378900
2021-10-20,145.7094268798828,146.1877762179813,144.5965455732881,145.1627504339508,58418800
2021-10-21,145.9241943359375,146.08039186170322,144.35249211048287,145.2701339545865,61421000
2021-10-22,145.15298461914062,146.60753116579318,145.10417103326708,146.12919675335147,58883400
2021-10-25,145.10421752929688,145.8168484447923,144.1084766625064,145.14325947301697,50720600
2021-10-26,145.7680206298828,147.25185252804923,145.4653823192533,145.77777738990952,60893400
2021-10-27,145.30918884277344,146.168245431377,144.95775186240334,145.80705169170784,56094900
2021-10-28,148.94073486328125,149.5264533730465,146.15852353048365,146.25615073002083,100077900
2021-10-29,146.2366180419922,146.373287179863,142.92725865743117,143.7179883048137,124953200
2021-11-01,145.41661071777344,146.13899838558393,144.2842007193759,145.44589589912687,74588300
2021-11-02,146.45135498046875,147.96448683414823,145.11393416867705,145.12370582377017,69122000
2021-11-03,147.8864288330078,148.35500663634056,146.25615583539988,146.8125891838913,54511500
2021-11-04,147.3690185546875,148.80403696262286,147.0566234619275,147.97426542713765,60394600
2021-11-05,147.89694213867188,148.79636649786093,146.70422366033108,148.49330137784227,65463900
2021-11-08,147.07574462890625,148.18047945260236,146.80200740282297,148.02405391839477,55020900
2021-11-09,147.4374542236328,148.0435844748696,146.70422637098488,146.8410949734435,56787900
2021-11-10,144.61212158203125,146.77270678727066,144.54369472155943,146.66516607718975,65187100
2021-11-11,144.56320190429688,146.0883134852804,144.37744845730748,145.62883774477925,41000000
2021-11-12,146.63577270507812,147.03659252052734,144.18189439318962,145.11064651980587,63804000
2021-11-15,146.64559936523438,148.4835623175651,146.08833892721682,147.00732040338218,59222800
2021-11-16,147.62318420410156,148.1022316953491,146.00030323462437,146.58689139053743,59256200
2021-11-17,150.05755615234375,151.53378312081145,147.61346287620162,147.62323387898405,88807000
2021-11-18,154.33958435058594,155.12169711619316,149.62738067059388,150.27262482103686,137827700
2021-11-19,156.9596405029297,157.41913113659675,153.02953515610952,154.12448394226502,117305600
2021-11-22,157.41909790039062,161.99443143444842,157.39954098546454,158.064326917399,117467900
2021-11-23,157.80043029785156,158.18170822428823,155.50297681960475,157.5169071447605,96041900
2021-11-24,158.31858825683594,158.5141127351861,156.07001946190547,157.15519747194452,69463600
2021-11-26,153.30328369140625,156.8618824271744,152.8633499442556,156.00157185337474,76959800
2021-11-29,156.6565399169922,157.5852919747901,155.23895449884512,155.80598568259293,88748200
2021-11-30,161.60342407226562,161.8185054389282,156.34373142534065,156.41217318635103,174048100
2021-12-01,161.0852813720703,166.49161375206606,160.8506430799377,163.73466976035556,152052500
2021-12-02,160.0978546142578,160.52801734787488,154.27114554315142,155.1901268526862,136739200
2021-12-03,158.2207794189453,161.27101721338744,156.14819360952984,160.35203598315746,118023100
2021-12-06,161.62295532226562,164.12570364495514,160.60620449270007,160.61597549233863,107497000
2021-12-07,167.35189819335938,167.74296195252498,164.5754126322905,165.29886939857903,120405400
2021-12-08,171.1647186279297,172.02504411674911,166.882663021836,168.28069194116756,116998900
2021-12-09,170.6562957763672,172.79732298545696,170.0306087537727,170.9984746601922,108923700
2021-12-10,175.43698120117188,175.61296364291238,170.78343380069845,171.29180928871014,115402700
2021-12-13,171.80990600585938,178.0570049030749,171.60459570289865,177.06958213379667,153237000
2021-12-14,170.43145751953125,173.76520322122326,168.35887188331523,171.3308817563336,139380400
2021-12-15,175.29034423828125,175.4858686850592,168.45665517933287,171.19404218690133,131063300
2021-12-16,168.40774536132812,177.08916675225177,166.9315188519041,175.27076132354634,150185800
2021-12-17,167.3128204345703,169.59071677301714,165.89524955752734,166.12987292514003,195432700
2021-12-20,165.95387268066406,166.76531314131543,163.7150906232475,164.51674516713837,107499100
2021-12-21,169.1214141845703,169.3267095815399,165.33794920445052,167.72338564818043,91185900
2021-12-22,171.712158203125,171.92723953166936,168.30019977990446,169.17029609354066,92135300
2021-12-23,172.33782958984375,172.89508977696892,171.350421702329,171.91745288802377,68356600
2021-12-27,176.29733276367188,176.38531653879255,173.11024059629176,173.12978260127787,74919600
2021-12-28,175.28053283691406,177.27492068975482,174.5375340801528,176.1310871789595,79144300
2021-12-29,175.3685302734375,176.59057652650236,174.1562550200767,175.31964543980357,62348900
2021-12-30,174.2149658203125,176.53197639110655,174.10742511941015,175.45656938208302,59773000
2021-12-31,173.59902954101562,175.2218958133562,173.29594950484335,174.1073900997929,64062300
2022-01-03,177.9397430419922,178.79029755777358,173.73591497728762,173.8532266687499,104487900
2022-01-04,175.68136596679688,178.84891521802436,175.11433471652768,178.54585013474667,99310400
2022-01-05,171.00830078125,176.1408961877194,170.73456355297643,175.59342173117227,94537600
2022-01-06,168.1536102294922,171.37981619996555,167.80166021603034,168.83795333412328,96904000
2022-01-07,168.31976318359375,170.2457092977057,167.2052575825263,169.0236630282213,86709100
2022-01-10,168.33932495117188,168.64239004792708,164.40921985835627,165.2988731483881,106765600
2022-01-11,171.1647186279297,171.26247339503044,166.99998962694013,168.46644539148625,76138300
2022-01-12,171.60464477539062,173.21774007794218,170.91053076473975,172.18144710369126,74805200
2022-01-13,168.33932495117188,172.6702498945838,167.94826118313497,171.8490383580425,84505800
2022-01-14,169.1996612548828,169.89377524696252,167.26392904254132,167.50833831927105,80440800
2022-01-18,166.00277709960938,168.6814931182034,165.6214992398613,167.67452813175186,90956700
2022-01-19,162.5126190185547,167.25416515581253,162.22911080921511,166.19831524532339,94815000
2022-01-20,160.83102416992188,165.8854046223724,160.5084022366735,163.24578825290368,91420500
2022-01-21,158.77804565429688,162.61038131219433,158.67050497614542,160.74309086318223,122848900
2022-01-24,158.00570678710938,158.67050778679211,151.24045969712583,156.44149634340394,162294600
2022-01-25,156.20684814453125,159.1202024043847,153.5085752311325,155.4247355135648,115798400
2022-01-26,156.11888122558594,160.71377291639465,154.29070450112417,159.84367643647036,108275300
2022-01-27,155.6593780517578,160.1760566161972,154.74039680395836,158.8171416631375,121954600
2022-01-28,166.52090454101562,166.5404614570555,159.15929945417386,162.00422657695262,179935700
2022-01-31,170.8714141845703,171.0864955438015,165.71926239899202,166.35473547583268,115541600
2022-02-01,170.7052001953125,170.93005253238587,168.4566320719076,170.1186120178827,86213900
2022-02-02,171.90771484375,171.94682868403083,169.45385093947993,170.84209391826516,84914300
2022-02-03,169.03343200683594,172.2987509371964,168.27087633720052,170.57810026310062,89418100
2022-02-04,168.7495880126953,170.4234840013588,167.07569202403184,168.05457472378333,82465400
2022-02-07,168.03501892089844,170.27665387927516,167.3400055860888,169.20967525085985,77251200
2022-02-08,171.13804626464844,171.64706939744136,167.80983647215697,168.1035042386361,74829200
2022-02-09,172.5574188232422,172.9196005956565,171.20655609241282,172.33228001362485,71285000
2022-02-10,168.48526000976562,171.77430598076174,167.92730472233933,170.46260694632986,90865900
2022-02-11,165.07876586914062,169.42500712943504,164.49143031742815,168.6908451580762,98670700
2022-02-14,165.31370544433594,165.99892030677,163.04269054419584,163.83558309476697,86185500
2022-02-15,169.14111328125,169.29773807776493,166.654758116967,167.35955476472148,62527400
2022-02-16,168.90618896484375,169.67949961629867,166.4589825612284,168.22097415914394,61177400
2022-02-17,165.31370544433594,168.27971865617212,164.91235997613748,167.4182971510757,69589300
2022-02-18,163.76705932617188,166.93862933962222,162.68049906023276,166.23384762062662,82772700
2022-02-22,160.85000610351562,163.16995323151656,158.72581758393332,161.49605730830203,91162800
2022-02-23,156.6897430419922,162.64133603328534,156.37649344425944,162.04421705709984,90009200
2022-02-24,159.30335998535156,159.4110376690062,148.79015546543386,149.35790916683425,141147500
2022-02-25,161.36880493164062,161.6330924831591,157.47284137265066,160.38012393186045,91974200
2022-02-28,161.63308715820312,161.92675492011216,158.99989062280463,159.61659142915732,95056600
2022-03-01,159.7536163330078,163.08182569745117,158.5495950755146,161.22194003999604,83474400
2022-03-02,163.0426788330078,163.82578787806702,159.50891214996344,160.91850544375748,79724800
2022-03-03,162.71966552734375,165.34307890598984,162.0540324670775,164.91236813214016,76678400
2022-03-04,159.7242889404297,162.0540345545001,158.67689221468046,161.01642127862274,83737200
2022-03-07,155.93600463867188,161.53521443024337,155.68148559760553,159.91026569329455,96418800
2022-03-08,154.1152801513672,159.44040392728598,152.50991327214726,155.46614292973925,131148300
2022-03-09,159.5089569091797,159.95924959082657,156.04371820337047,158.0699979293642,91454900
2022-03-10,155.17250061035156,157.00300660733848,152.6861300144377,156.81701649151432,105342000
2022-03-11,151.46250915527344,155.91642822664025,151.23737032666907,155.57381332247203,96970100
2022-03-14,147.43930053710938,150.86538982544317,146.9302923114544,148.25177493215907,108732100
2022-03-15,151.81488037109375,152.2847547162285,147.204352250739,147.7133603864597,92964300
2022-03-16,156.21986389160156,156.62120932527256,151.19820652447248,153.73350876565036,102300200
2022-03-17,157.22813415527344,157.60011436017203,154.30128444798586,155.26058530967927,75615400
2022-03-18,160.51718139648438,161.00662274780382,156.38629519642316,157.1204572234023,123511700
2022-03-21,161.88760375976562,162.83712104497158,159.56764191840216,160.05708320205216,95811400
2022-03-22,165.2549285888672,165.8422490479218,161.42749494397242,162.01481540302703,81532000
2022-03-23,166.61563110351562,168.99430889731204,164.1096788423283,164.44251031244588,98062700
2022-03-24,170.3941192626953,170.46263328488442,166.61563143205333,167.4476727675763,90131400
2022-03-25,171.03038024902344,171.57855215101324,169.1019802060181,170.20812239603873,80546200
2022-03-28,171.8917999267578,172.0190445148475,168.36781639958284,168.53422465828777,90371900
2022-03-29,175.18080139160156,175.2297335624975,172.6161193391935,172.95873415482575,100589400
2022-03-30,174.01597595214844,175.81711647524634,172.96856432856262,174.77950323773482,92633200
2022-03-31,170.9226837158203,174.2704602652505,170.71711180695456,174.08447018974397,103049300
2022-04-01,170.62901306152344,171.18698327855927,168.30906622272897,170.35492714540266,78751300
2022-04-04,174.67184448242188,174.720791608407,170.75631338866327,170.88357292891146,76468400
2022-04-05,171.3632049560547,174.53479031608524,170.73672061862993,173.7516811601631,73401800
2022-04-06,168.20138549804688,169.96337702443967,166.53728819844997,168.72019203962893,89058800
2022-04-07,168.50485229492188,169.69909027693134,166.26321768469555,167.5455515170426,77594700
2022-04-08,166.49815368652344,168.15246782773184,165.62694868711696,168.15246782773184,76575500
2022-04-11,162.24978637695312,165.46052001953282,162.0050657338506,165.1472853633742,72246700
2022-04-12,164.1194610595703,166.28278325109693,163.1209966207163,164.47185939466212,79265200
2022-04-13,166.8015594482422,167.4280436035417,163.24822639803168,163.85512872257044,70618900
2022-04-14,161.79949951171875,167.65322825491936,161.55477886000992,167.01694559853848,75329400
2022-04-18,161.5841522216797,163.0818413516457,160.11582837374732,160.45842830966066,69023900
2022-04-19,163.86495971679688,164.27610359926777,160.44866861751814,161.53522902332887,67723800
2022-04-20,163.69854736328125,165.31371275678185,162.59242008519655,165.19623667762264,67929800
2022-04-21,162.90565490722656,167.90774603308134,162.4064301142371,165.34307817395856,87227800
2022-04-22,158.3734130859375,164.32502122927878,158.08954369720692,162.94480808191494,84882400
2022-04-25,159.4404296875,159.72429911751857,155.11376965466397,157.71758646013552,96046400
2022-04-26,153.48880004882812,158.91180327087787,153.41048764569481,158.82370741856425,95623200
2022-04-27,153.26364135742188,156.4156292897006,152.09876878373368,152.61757531774515,88063200
2022-04-28,160.18434143066406,161.0457628626786,155.57379800357486,155.88704759214835,130216800
2022-04-29,154.32089233398438,162.69034461110863,153.9293451254628,158.42241431732145,131747600
2022-05-02,154.62432861328125,154.8886162063275,150.03336604127583,153.40072515321864,123055300
2022-05-03,156.11219787597656,157.31623426694395,153.0189401124905,154.81028218380573,88966500
2022-05-04,162.51409912109375,162.964376768375,155.8968429541357,156.29818841895514,108256500
2022-05-05,153.45944213867188,160.61507214954577,151.67786848905013,160.38993331507154,130525300
2022-05-06,154.18487548828125,156.3023722983105,151.14587460582203,152.93986371222095,116124600
2022-05-09,149.06761169433594,152.76342612282588,148.5088364921623,151.88112823098254,131577900
2022-05-10,151.4693603515625,153.65548649022554,149.92045170349726,152.4594939260044,115366700
2022-05-11,143.6170196533203,152.3908891933398,142.94059580220576,150.4792663261752,142689800
2022-05-12,139.75453186035156,143.3228989996902,136.06853101088905,139.96040581157675,182602000
2022-05-13,144.21498107910156,145.18550397266762,140.29369821646105,141.74456868725608,113990900
2022-05-16,142.67591857910156,144.61696502202452,141.3426813570236,142.68573136301794,86643800
2022-05-17,146.3031005859375,146.8226694807634,143.7934664467187,145.9305738468132,78336300
2022-05-18,138.048828125,144.46012170643934,137.14691952570857,143.96016331731076,109742900
2022-05-19,134.64706420898438,138.87224434894858,133.91182362893935,137.127274568989,136095600
2022-05-20,134.88235473632812,137.93115346240322,130.00036063657,136.3528361484188,137426100
2022-05-23,140.29371643066406,140.4407585737006,134.941158046499,135.07840236616943,117726300
2022-05-24,137.59783935546875,139.17615657107172,134.62746828487894,138.03898075989613,104132700
2022-05-25,137.7546844482422,138.99968110716551,135.61757730341805,135.70580258630076,92482700
2022-05-26,140.95054626464844,141.49952360823445,134.44121569632296,134.68629593603174,90601500
2022-05-27,146.6951904296875,146.73439667634008,142.4013809336445,142.5288274126525,90978500
2022-05-31,145.9109649658203,147.69515625482543,143.95032308788612,146.13644955191023,103718400
2022-06-01,145.7835235595703,148.75389460714223,144.7737792988703,146.95009283292427,74286600
2022-06-02,148.23434448242188,148.29316134885798,143.96994216366954,144.92085472708317,72348100
2022-06-03,142.51905822753906,145.05808578629097,141.6171647882395,144.0091352358549,88570300
2022-06-06,143.2640838623047,145.6462712304333,142.0484806619193,144.13656879270374,71598400
2022-06-07,145.7835235595703,146.06781003090646,141.26424373812605,141.50932395629872,67808200
2022-06-08,145.04827880859375,146.9206802540853,144.55811838609154,145.6560729457736,53950200
2022-06-09,139.8329620361328,145.03846322934638,139.7251261469218,144.1855888973648,69473000
2022-06-10,134.431396484375,137.98995082700978,134.36276684809005,137.51940103001422,91437900
2022-06-13,129.28469848632812,132.53935542645704,128.853354985689,130.25520640425938,122207100
2022-06-14,130.14735412597656,131.25512116222714,128.89254498690727,130.51008291043752,84784300
2022-06-15,132.7648468017578,134.63726323315953,129.5592083618082,131.64728162043858,91533000
2022-06-16,127.50054168701172,129.784691319241,126.50061011925011,129.48079421494845,108123900
2022-06-17,128.9710235595703,130.4611156124141,127.25546187351353,127.5103548974603,134520300
2022-06-21,133.19619750976562,134.36278178825876,130.69639115129178,130.79441426737327,81000500
2022-06-22,132.68643188476562,135.04899374439105,131.27476747959807,132.13743964836019,73409200
2022-06-23,135.54901123046875,135.86270622381755,132.9609639616573,134.12754853756152,72433800
2022-06-24,138.8722686767578,139.1173489130396,137.01946268880786,137.14689423988725,89116800
2022-06-27,138.8722686767578,140.6662578013618,138.19584483125837,139.89179587794544,70207900
2022-06-28,134.73532104492188,140.59763645444562,134.61768731128618,139.33302894232776,67083400
2022-06-29,136.49008178710938,137.90174634957765,133.98046254650382,134.75492447437682,66242400
2022-06-30,134.02947998046875,135.64700354645933,131.13753620204082,134.5490488814723,98964500
2022-07-01,136.19595336914062,136.3037892489926,132.99031531614665,133.36282702594735,71051600
2022-07-05,138.7742462158203,138.82326526029516,134.23535494237336,135.05883599741875,73353800
2022-07-06,140.10745239257812,141.28383440664965,138.30366564043456,138.56835645511603,74064300
2022-07-07,143.46994018554688,143.66600133351363,140.46034846155806,140.470146283479,66253700
2022-07-08,144.1463623046875,144.646335480772,142.14651447587394,142.4013924960781,64547800
2022-07-11,142.01907348632812,143.7542455393016,140.95052737444695,142.8033331399919,63141600
2022-07-12,142.98960876464844,145.52863633565593,142.19555121961218,142.89157069008422,77588800
2022-07-13,142.6268768310547,143.5679764107693,139.32318560371215,140.1760748610569,71185600
2022-07-14,145.54823303222656,146.0187828364424,140.43095716603992,141.24462523992875,78140700
2022-07-15,147.21478271484375,147.8912065060331,145.2835494113212,146.83245817528143,76259900
2022-07-18,144.17578125,148.58722466683977,143.81305239727462,147.77355664160174,81420900
2022-07-19,148.02842712402344,148.25389669881054,144.01891901249385,145.0090375439563,82982400
2022-07-20,150.0283203125,150.69494637561027,147.41086501912858,148.14610577429508,64823400
2022-07-21,152.29286193847656,152.50853373902038,148.94996398855773,151.45958316742,65086600
2022-07-22,151.05763244628906,153.2045374479934,150.3910214648786,152.3320525114364,66675400
2022-07-25,149.9400634765625,151.9889303599999,149.28325033510924,150.97920113195147,53623900
2022-07-26,148.61663818359375,150.0773065915356,147.83237855759032,149.2636385384265,55138700
2022-07-27,153.70452880859375,154.23391054533735,149.16565257909815,149.57738561961435,78620700
2022-07-28,154.25350952148438,154.53779601902812,151.37136349671525,153.89078059336344,81378700
2022-07-29,159.3119354248047,160.409904944982,156.36117506106663,158.0669387195233,101786900
2022-08-01,158.33160400390625,160.37067302404677,157.72380990621818,157.84144361325252,67829400
2022-08-02,156.8611297607422,159.2139087149108,156.48861801917639,156.94937000342367,59907000
2022-08-03,162.86070251464844,163.3116417148104,157.58657171952117,157.67479700322565,82507500
2022-08-04,162.5469970703125,163.89984462441896,161.19414951620604,162.7430582477967,55474100
2022-08-05,162.3212432861328,162.81208464474912,160.0142829089203,160.22044287042655,56697000
2022-08-08,161.85000610351562,164.73615535552312,161.1922805564501,163.32253000929188,60276900
2022-08-09,161.89910888671875,162.78263230320212,160.25970057725633,161.0156004495246,63135500
2022-08-10,166.13995361328125,166.23811287684435,163.8428051524665,164.60851631297595,70170500
2022-08-11,165.40370178222656,167.85790820975464,165.10919401506573,166.9449356294848,57149200
2022-08-12,168.94761657714844,169.01632658420414,166.29706102264856,166.70938098214606,68039400
2022-08-15,170.01760864257812,170.21394216296972,168.21131628811554,168.3782005294128,54091700
2022-08-16,169.86048889160156,170.5280406515921,168.5155889203463,169.6150683141151,56377100
2022-08-17,171.35269165039062,172.92337473871223,169.40896440067246,169.6052979143018,79542000
2022-08-18,170.9600067138672,171.69626861182405,169.94887490568271,170.5673396933382,62290100
2022-08-19,168.3782196044922,170.55755638009072,168.17205964818893,169.86055507755876,70346300
2022-08-22,164.5005340576172,166.74858025975374,164.0784028181707,166.58169604206546,69026800
2022-08-23,164.16676330566406,165.61966421752064,163.59738564765863,164.01951691966545,54147100
2022-08-24,164.46131896972656,165.03069679360976,163.20476617884324,164.25517396927194,53841500
2022-08-25,166.91549682617188,167.0234825149317,165.26627719342727,165.68839353539587,51218200
2022-08-26,160.62289428710938,167.91680343416758,160.56399573070382,167.44560000363606,78961000
2022-08-29,158.42393493652344,159.91608162954805,156.89251255304256,158.19813716461735,73314000
2022-08-30,155.99920654296875,159.58234252318653,154.83100169515882,159.16022613846985,77906200
2022-08-31,154.34014892578125,157.6386032608909,154.2616125155062,157.37354474862363,87991100
2022-09-01,155.06655883789062,155.51812435449008,151.83681534634707,153.77073087696763,74229900
2022-09-02,152.95599365234375,157.4226533584457,152.13138370086696,156.82382625526336,76957800
2022-09-06,151.6993865966797,154.2124912520568,150.8747769402501,153.60385293125665,73714800
2022-09-07,153.10324096679688,153.80022729759784,150.79628062278962,151.9841232844313,87449600
2022-09-08,151.63070678710938,153.49589780674214,149.88329791132227,151.8074024718103,84923800
2022-09-09,154.4873809814453,154.92915012061422,151.91537744584716,152.62219009337275,68028800
2022-09-12,160.4363555908203,161.25115382171967,156.3820172588061,156.66669857838036,104956000
2022-09-13,151.02206420898438,157.59933535695706,150.56067213786505,156.97105902298662,122656600
2022-09-14,152.4651336669922,154.22235404144755,150.79627611743592,151.95465448242936,87965400
2022-09-15,149.5789794921875,152.3964188629796,148.60712326254628,151.81721471946022,90481100
2022-09-16,147.9395294189453,148.57763194380593,145.6522077108374,148.44019701186863,162278800
2022-09-19,151.6503143310547,151.7288507316376,146.36887246061372,146.57501740526791,81474200
2022-09-20,154.02597045898438,155.1843635395565,150.2759512881002,150.59008188296497,107689800
2022-09-21,150.9042510986328,155.83230196535132,150.78645397951445,154.4579373320565,101696800
2022-09-22,149.9421844482422,151.64049091114813,148.1457037475465,149.588778163199,86652500
2022-09-23,147.6745147705078,148.69547312127722,145.83877299693037,148.4206031759059,96029900
2022-09-26,148.00828552246094,150.95333323742267,146.8989794231201,146.91861726875362,93339400
2022-09-27,148.98013305664062,151.88591989139582,147.20329010150107,149.9421927062511,84442700
2022-09-28,147.09530639648438,147.8806554147203,142.18689375661808,144.93560783080054,146691400
2022-09-29,139.87013244628906,144.03247205665744,138.1031007730531,143.42383363893248,128138200
2022-09-30,135.6685333251953,140.4787870882612,135.47219979960417,138.69211755301987,124925300
2022-10-03,139.84072875976562,140.44938235522116,135.16792345973974,135.6784027716175,114311700
2022-10-04,143.42384338378906,143.5416405102459,141.61753589548164,142.37343574191996,87830100
2022-10-05,143.71832275390625,144.6803824609242,140.39041942925496,141.43101553965928,79471000
2022-10-06,142.76608276367188,144.8374334955695,142.5599378213271,143.13912691743977,68402200
2022-10-07,137.52391052246094,140.47878470691822,136.8956342636469,139.9290298735793,85925600
2022-10-10,137.8478546142578,139.2909290851068,136.0317509799681,137.8478546142578,74899000
2022-10-11,136.4342498779297,138.76084793369003,135.68817645989057,137.33739611427865,77033700
2022-10-12,135.80596923828125,137.78897231294513,135.62927355780315,136.58150689181417,70433700
2022-10-13,140.37078857421875,140.95978909716513,131.90867508719168,132.51732843397534,113224000
2022-10-14,135.84521484375,141.87274416009623,135.6586927916983,141.66658426591152,88598000
2022-10-17,139.80140686035156,140.28242169324201,137.70060693296034,138.48595592005591,85250900
2022-10-18,141.1168670654297,144.0128276023933,138.03438444661543,142.82500010106065,99136600
2022-10-19,141.22486877441406,142.29489928414645,138.90809708603376,139.09461918905455,61758300
2022-10-20,140.76345825195312,143.21766459219867,140.0370077826972,140.40024050696854,64522000
2022-10-21,144.5723876953125,145.14176534962488,140.03700430524796,140.25297565616944,86548600
2022-10-24,146.71246337890625,147.47817461798252,143.3256613631015,144.49386606815804,75981900
2022-10-25,149.5494842529297,149.69674559166967,146.62407507055755,147.34069898538402,74732300
2022-10-26,146.6143035888672,149.20594507644813,145.32828678897533,148.19481318791426,88194300
2022-10-27,142.1476593017578,146.3198108162611,141.48993368404496,145.35776595535313,109180200
2022-10-28,152.8872833251953,154.61503964551486,145.11235741482145,145.48538668963585,164762400
2022-10-31,150.53121948242188,151.41474288743174,149.13723186575905,150.35452378899333,97943200
2022-11-01,147.8904571533203,152.60253597457515,146.3983105936967,152.23931825640548,80379300
2022-11-02,142.37339782714844,149.38260959122607,142.34394855337672,146.2215910525945,93604600
2022-11-03,136.33612060546875,140.18431562523062,136.20849704009387,139.45786491513846,97918500
2022-11-04,136.07057189941406,140.28896920604143,132.1373281619349,139.71864706361086,140814800
2022-11-07,136.6016082763672,136.82776568129546,133.4058464512174,134.8218171682539,83374600
2022-11-08,137.17189025878906,139.06967336647747,135.19544046730184,138.06670690734794,89908500
2022-11-09,132.61917114257812,136.23776400792798,132.34384521853534,136.18859544917657,74917800
2022-11-10,144.4188995361328,144.4188995361328,137.171901375878,138.88286812786214,118854000
2022-11-11,147.20166015625,147.50648417895965,141.96061049585242,143.38642351170455,93979700
2022-11-14,145.80535888671875,147.77198095425382,144.96953850636208,146.48384590068005,73374100
2022-11-15,147.53598022460938,151.02673737922098,146.08068410249945,149.67960607049233,89868300
2022-11-16,146.30682373046875,147.36880131400713,144.83185736513215,146.6411608430867,64218300
2022-11-17,148.2046356201172,148.9519465811487,143.71089713297823,143.98622301357588,80389400
2022-11-18,148.76513671875,150.15160903599656,147.46717380781297,149.76811828911318,74829600
2022-11-21,145.5398406982422,147.86045501907074,145.25468713947097,147.65396813268248,58724100
2022-11-22,147.6736602783203,147.909660354169,144.47789906303868,145.65788443814483,51804100
2022-11-23,148.54879760742188,149.29610855403772,146.8476588015229,146.95582360996656,58301400
2022-11-25,145.6382293701172,146.39538323134536,144.6647458342524,145.83488861865806,35195900
2022-11-28,141.8131103515625,144.19272111621666,140.9871327315936,142.7177546502144,69246000
2022-11-29,138.8140411376953,142.393293327039,138.00773375100172,141.88196729880755,83763800
2022-11-30,145.55955505371094,146.23804217919428,138.20439151332914,139.04019702693043,111380900
2022-12-01,145.83485412597656,146.64117635966434,144.1632284025417,145.7365320270306,71250400
2022-12-02,145.3432159423828,145.53004745802465,143.2192602974079,143.5240993516398,65447400
2022-12-05,144.18295288085938,148.40135211182192,143.33730449137096,145.3039272572379,68826400
2022-12-06,140.5249786376953,144.84171332835018,139.55149534602168,144.61555599946504,64727200
2022-12-07,138.58787536621094,140.97731424983792,137.66356048798676,139.8170142991394,69721100
2022-12-08,140.2693328857422,141.12482380942538,138.7452125702619,139.98417924727298,62128300
2022-12-09,139.78750610351562,143.14060047218985,138.54852454565471,139.96449489513216,76097000
2022-12-12,142.07864379882812,142.08847150955347,138.70587850686456,140.31850830999085,70462700
2022-12-13,143.04226684570312,147.4671667934874,141.83279839446703,147.00500937638787,93886200
2022-12-14,140.8199920654297,144.21241242784126,138.80420126905452,142.92427726159215,82291200
2022-12-15,134.2219696044922,139.43352160827794,133.7598121718234,138.75503452609877,98931900
2022-12-16,132.26516723632812,135.35276341025192,131.49818579850947,134.40879318099954,160156900
2022-12-19,130.160888671875,132.94366095306307,129.12842399506934,132.85516655290323,79592600
2022-12-20,130.09205627441406,131.0261987808424,127.72227301817315,129.19723960857664,77432800
2022-12-21,133.1894989013672,134.52680273214906,130.53456166494178,130.7607190395491,85928000
2022-12-22,130.02320861816406,132.31432503613755,128.1254256005218,132.10783812958184,77852100
2022-12-23,129.65940856933594,130.21006041152802,127.47645662054781,128.7350936895975,63814900
2022-12-27,127.8599624633789,129.2169368090849,126.57182710814284,129.18743867149468,69007800
2022-12-28,123.93650817871094,128.84322752624018,123.76934712426143,127.50592408651033,85438400
2022-12-29,127.44692993164062,128.3024056373649,125.59830808842075,125.85396352811901,75703700
2022-12-30,127.76161193847656,127.78128236285382,125.30334153820444,126.26698977683235,77034200
2023-01-03,122.98270416259766,128.71540148347327,122.09772277878758,128.10575347623433,112117500
2023-01-04,124.2511978149414,126.51281646624362,122.99256074022561,124.77235152537197,89113600
2023-01-05,122.93354034423828,125.63764564758301,122.67788488068354,125.00832719533365,80962700
2023-01-06,127.45677947998047,128.115596113896,122.80572219640975,123.907033324828,87754700
2023-01-09,127.97794342041016,131.18354745345354,127.72228791640812,128.292610198386,70790800
2023-01-10,128.54824829101562,129.06940194282927,125.98180587179891,128.08609090104719,63896200
2023-01-11,131.26219177246094,131.28184718963053,128.28276062052532,129.05956971451124,69458900
2023-01-12,131.1835479736328,132.019353473187,129.2464237509339,131.6457054280313,71379600
2023-01-13,132.510986328125,132.6683196907436,129.46273119909978,129.82655147153693,57809700
2023-01-17,133.67132568359375,134.99878678874634,131.89153482883353,132.57984966159466,63646600
2023-01-18,132.9535369873047,136.29678964484992,132.77653313848788,134.5366688937393,69672800
2023-01-19,133.0124969482422,133.9761376268957,131.53753029546903,131.84235433638028,58280400
2023-01-20,135.569091796875,135.71659745917918,131.98001240951498,133.02231973826562,80223600
2023-01-23,138.75503540039062,140.92815961902411,135.59860004292767,135.81492969380113,81760300
2023-01-24,140.15133666992188,140.77082749424633,137.95855701188813,137.96838472187488,66435100
2023-01-25,139.4924774169922,140.05295679787986,136.49337633149537,138.5386646946517,65799300
2023-01-26,141.5574493408203,141.8426029112318,139.53181620357194,140.78062529691158,54105100
2023-01-27,143.49456787109375,144.77287517943125,140.69214050710963,140.77080718806803,70555800
2023-01-30,140.61349487304688,143.12094131391822,140.46600420175812,142.54079133466578,64015300
2023-01-31,141.88194274902344,141.93111130163894,139.9054929686203,140.31848180314623,65874500
2023-02-01,143.00291442871094,144.16322923439725,138.96152054070433,141.56728874190614,77663600
2023-02-02,148.30299377441406,148.65697138188685,145.6972102432423,146.41502317640206,118339000
2023-02-03,151.92156982421875,154.75351068440185,145.36288637728777,145.55954560277002,154357300
2023-02-06,149.19778442382812,150.54493079230497,148.26364190831887,150.02377712562708,69858300
2023-02-07,152.06906127929688,152.63938353904294,148.12598902287087,148.12598902287087,83322600
2023-02-08,149.38461303710938,152.0002240332312,148.64712974900903,151.31190929849808,64120100
2023-02-09,148.35214233398438,151.75440537570756,147.9096553354024,151.213581264491,56007100
2023-02-10,148.7165069580078,149.0414968354293,146.95369947058745,147.1900598433605,57450700
2023-02-13,151.51341247558594,151.91717418893083,148.62790397291747,148.65744714640496,62199000
2023-02-14,150.87327575683594,151.4346261088162,148.568818055862,149.80967642706798,61707600
2023-02-15,152.97088623046875,153.13830250713502,150.55809926068437,150.78460186711027,65573800
2023-02-16,151.3755340576172,153.95573796607766,151.02100096105386,151.17855953849067,68167900
2023-02-17,150.23313903808594,150.67630162569367,148.55896091432058,150.03617955770974,59144100
2023-02-21,146.22496032714844,149.00213887625634,146.15603126407484,147.9188390818426,58867200
2023-02-22,146.64840698242188,147.67260518894304,144.92498541296462,146.60900607426132,51011300
2023-02-23,147.13095092773438,148.0566768897737,145.0037677901394,147.810473815914,48394200
2023-02-24,144.4818572998047,144.9545631210652,143.5068874555982,144.87577631301392,55469600
2023-02-27,145.6734619140625,146.90447752822308,145.21059884097443,145.46665970602933,44998500
2023-02-28,145.17120361328125,146.8158385647427,144.6000106018143,144.8166705381309,50547000
2023-03-01,143.1031036376953,144.99394185647634,142.80765687884437,144.600022862706,55479000
2023-03-02,143.69395446777344,144.4818072483105,141.71447229045577,142.18719297500317,52238100
2023-03-03,148.73623657226562,148.81502337863614,145.09243318314816,145.79164167073546,70732300
2023-03-06,151.4936981201172,153.92618602775224,151.1293223291666,151.4542972077173,87558000
2023-03-07,149.29757690429688,151.69066400049135,148.83471383986452,151.36567408118486,56182000
2023-03-08,150.5482635498047,151.1391569879468,149.5240652876753,150.48917721139935,47204800
2023-03-09,148.3029022216797,152.1929083670859,147.9483691410299,151.2277963802791,53833600
2023-03-10,146.24464416503906,148.64758887079853,145.36816171354923,147.92868001277867,68572400
2023-03-13,148.18472290039062,150.81417020284252,145.4567883472071,145.56511831219402,84457100
2023-03-14,150.2725372314453,151.07023295988367,147.82036369988242,148.98243524821328,73695900
2023-03-15,150.6664276123047,150.9224733808993,147.6430468705848,148.89376260307495,77167900
2023-03-16,153.4830322265625,154.08376844517147,149.33696504123728,149.84907174243986,76161100
2023-03-17,152.6459197998047,154.35949876084172,151.93685367986137,153.70951897971963,98944600
2023-03-20,155.0094757080078,155.42311016638172,151.80883520237765,152.71487589238697,73641400
2023-03-21,156.86093139648438,156.9791040860205,154.16253977805687,154.93070734117964,73938300
2023-03-22,155.43295288085938,159.67749219321786,155.41325242402124,156.88062840402722,75701800
2023-03-23,156.5162353515625,159.0964541870748,155.28521978995877,156.41776312286146,67622100
2023-03-24,157.81617736816406,157.90480687220796,155.45263376473136,156.44728881765926,59196500
2023-03-27,155.87612915039062,158.3283178086609,155.4723523985585,157.51092158923748,52390300
2023-03-28,155.2556915283203,156.08294548571627,153.61105638332387,155.57083875533723,45992200
2023-03-29,158.3282928466797,158.60403911493316,156.92986104995282,156.94954647836764,51305700
2023-03-30,159.8941650390625,160.0024950198449,158.8207229739758,159.07676882534926,49501700
2023-03-31,162.3955535888672,162.4940408365555,159.45097422374334,159.9729235769942,68749800
2023-04-03,163.64627075195312,163.76444342844442,161.725889623748,161.7751332479675,56976200
2023-04-04,163.1144561767578,164.30607057242986,162.60234960420735,164.06972525205444,46278300
2023-04-05,161.27288818359375,162.54330471265868,159.34266411557562,162.2380152446489,51511700
2023-04-06,162.1591796875,162.4546263515036,159.53957564146498,159.96303767247164,45390100
2023-04-10,159.5691680908203,159.5691680908203,157.6487867222166,158.96843186504725,47716900
2023-04-11,158.35784912109375,159.89415417908276,158.07224508795338,159.88431146406083,47644200
2023-04-12,157.66848754882812,159.59871163720814,157.35334033527027,158.77147274218814,50133100
2023-04-13,163.0455322265625,163.28189260314673,158.96840964951016,159.17522685740187,68445600
2023-04-14,162.7008514404297,163.79399372639534,161.33196290458474,162.09025757823102,49386500
2023-04-17,162.7205810546875,162.87815467656333,161.53880894471416,162.58270789230806,41516200
2023-04-18,163.9417266845703,164.8674527745674,163.13417327770642,163.5773508935462,49923000
2023-04-19,165.08413696289062,165.60608642613127,163.02586725800396,163.2819281451353,47720200
2023-04-20,164.1189727783203,165.3204450523275,163.04553091898333,163.56748026442403,52456400
2023-04-21,162.51376342773438,163.92203809382642,161.99181400338804,162.54330660065614,58337300
2023-04-24,162.8190460205078,163.0849495926161,161.40091367199096,162.49405610505224,41949600
2023-04-25,161.2827606201172,163.78417796430023,161.2433597017252,162.68119268208375,48714100
2023-04-26,161.27288818359375,162.7698073781101,160.32747660698578,160.58352244501583,45498800
2023-04-27,165.85223388671875,165.9999497127407,162.6811372537476,162.6811372537476,64902300
2023-04-28,167.10296630859375,167.27039764589344,165.33031595199535,165.93105213681218,55275900
2023-05-01,167.0143280029297,167.86126725124362,166.07875924686118,166.70903856930101,52472900
2023-05-02,165.9802703857422,167.76279339985444,164.99545801480568,167.50673256610264,48425700
2023-05-03,164.90684509277344,168.32414556576836,164.6212560883793,166.925713661642,65136000
2023-05-04,163.27206420898438,164.50307988258416,161.81454585901537,162.38573893481126,81235400
2023-05-05,170.9339141845703,171.65282310766082,168.1665784150509,168.3832383689214,113453200
2023-05-08,170.86495971679688,171.20965008439242,169.49607101524845,169.86044681233003,55962800
2023-05-09,169.1612548828125,170.90436226614003,168.9938385535857,170.42181373691182,45326900
2023-05-10,170.92404174804688,171.38690478906514,169.28924951921832,170.39224965147537,53724500
2023-05-11,171.11117553710938,171.9384144483228,169.5551699505623,171.20966280003566,49514700
2023-05-12,170.1841583251953,171.653548851867,168.6358569767775,171.21962961924467,45533100
2023-05-15,169.69107055664062,170.81530899814229,169.09935977781652,170.7659972586019,37266700
2023-05-16,169.69107055664062,170.74626955321972,169.42479920138675,169.61217478294208,42110300
2023-05-17,170.302490234375,170.53916250241704,168.06386972955488,169.3360433616003,57951600
2023-05-18,172.62986755371094,172.81724313624747,170.19401507639674,170.60820660461047,65496700
2023-05-19,172.7383575439453,173.95134816577144,172.5213979143073,173.95134816577144,55809500
2023-05-22,171.79164123535156,172.2945999966471,171.05201016081833,171.5746815829952,43570900
2023-05-23,169.18809509277344,170.98293990870613,168.91196743614205,170.73639628329747,50747300
2023-05-24,169.4642333984375,170.03621645106807,168.16249079935005,168.7246024757336,45143500
2023-05-25,170.59835815429688,171.49576564962197,169.31632809947834,170.02637505144457,56058300
2023-05-26,173.0045928955078,173.3399036765556,170.7166757800904,170.92377905521317,54835000
2023-05-30,174.84877014160156,176.51540772383512,174.1288668535482,174.51347436884586,55964400
2023-05-31,174.79945373535156,176.87042648421155,174.3162227478627,174.87834951174753,99625300
2023-06-01,177.60018920898438,177.62977324467488,174.4838737017158,175.24323239604442,68901800
2023-06-02,178.44827270507812,179.26679934554073,176.78163539298924,178.52716847079088,61996900
2023-06-05,177.0972442626953,182.3929972823034,175.57852688511534,180.10507993454968,121946500
2023-06-06,176.73233032226562,177.6297376380402,174.97692595213158,177.4818174892389,64848400
2023-06-07,175.36160278320312,178.70473461267676,174.86851540394252,175.97302631817985,61944600
2023-06-08,178.0735626220703,178.33981894141047,175.0065588784877,175.44046308150416,50214900
2023-06-09,178.45814514160156,179.7105759291869,178.13270574903748,178.99067275354267,48900000
2023-06-12,181.24903869628906,181.34766218390052,178.468033910057,178.76388932505995,54274900
2023-06-13,180.77566528320312,181.60404834381112,179.91769818813273,180.2727216495119,54929100
2023-06-14,181.40679931640625,181.84071851135664,179.50348972235338,180.83481629104696,57462900
2023-06-15,183.43832397460938,183.94128262941163,181.23915892536104,181.41667817053525,65433200
2023-06-16,182.3634033203125,184.40479194393566,181.72239585614398,184.14837692000424,101256200
2023-06-20,182.45216369628906,183.52710548415504,181.86046794433722,181.86046794433722,49799100
2023-06-21,181.4167022705078,182.84665255889604,180.06563271508736,182.34369383727915,49515700
2023-06-22,184.41465759277344,184.46396933431626,181.13069423738702,181.19973368511316,51245300
2023-06-23,184.09909057617188,184.96692915011988,182.45218058994394,182.9847233686237,53117000
2023-06-26,182.70858764648438,185.45015206010262,182.66913223239737,184.2470177435845,48088700
2023-06-27,185.45999145507812,185.78543087633778,183.10303478095216,183.31999439512526,50730800
2023-06-28,186.63356018066406,187.2745677103686,185.00637796044083,185.33180236622022,51216800
2023-06-29,186.9688262939453,187.4422009047134,186.32781886596203,186.4658826988121,46347300
2023-06-30,191.2882843017578,191.79122791985353,188.6157445714927,188.98063939826477,85213200
2023-07-03,189.79917907714844,191.19954526937022,189.10884478636748,191.10092178559267,31458200
2023-07-05,188.68478393554688,190.311965971159,187.98459336367247,188.92147125163748,46920300
2023-07-06,189.15817260742188,189.36527592182694,186.58425595947688,187.21540718494302,45094300
2023-07-07,188.04376220703125,190.0062550438309,187.60985803081866,188.7636804868427,46815000
2023-07-10,186.00238037109375,187.36330604998784,184.45407912216882,186.6433878022031,59922200
2023-07-11,185.47972106933594,186.68285528837708,184.02018687082855,186.5447914459214,46638100
2023-07-12,187.14633178710938,189.04964127499804,185.86430197749195,187.057564649218,60750200
2023-07-13,187.9057159423828,188.54673850979384,187.15622860664624,187.86627557643092,41342300
2023-07-14,188.05364990234375,188.53686585918993,187.00830716161786,187.6000029338883,41616200
2023-07-17,191.3080291748047,191.6334686208352,189.1581605746784,189.2469126832782,50520200
2023-07-18,191.05160522460938,191.64331601668746,189.75971887799713,190.6768691009351,48288200
2023-07-19,192.4026641845703,195.48938034906212,189.9865244553515,190.4303150490968,80507300
2023-07-20,190.4599151611328,193.7537348839622,189.8386203157028,192.39280905028917,59581200
2023-07-21,189.286376953125,192.2744851317762,188.58618628535973,191.41651794617295,71951700
2023-07-24,190.08514404296875,192.21528467718613,189.59205676918674,190.73602285584008,45377800
2023-07-25,190.943115234375,191.75178560391285,190.2527960456413,190.65713123041024,37283200
2023-07-26,191.8109588623047,192.9351972994816,190.64728006234532,190.99243214213982,47471900
2023-07-27,190.54864501953125,194.47361545879667,189.88790988625553,193.30993672945922,47460200
2023-07-28,193.12255859375,193.91150122150714,191.45592124266818,191.9785925358936,48291400
2023-07-31,193.73399353027344,193.77344894031904,192.56044337061044,193.34938604539337,38824100
2023-08-01,192.90562438964844,194.01013518521242,192.5801849485631,193.52691923606866,35175100
2023-08-02,189.91751098632812,192.48155598125388,189.19760772385698,192.3434921357412,50389300
2023-08-03,188.52700805664062,189.71041463976601,188.0536484329567,188.92148694956984,61235200
2023-08-04,179.4739227294922,184.78940327661547,179.40488328381886,182.95511789971007,115956800
2023-08-07,176.3773193359375,180.59814508763776,174.89805755245857,179.61197056531847,97576100
2023-08-08,177.31419372558594,177.77769698523286,175.12488493894773,177.205713919119,67823000
2023-08-09,175.72647094726562,178.42857997538025,174.5627769846933,178.36941190145535,60378500
2023-08-10,175.50949096679688,178.25105509162734,175.14461118800062,176.99860916334498,54686900
2023-08-11,175.56875610351562,176.38838822312198,174.34425781198718,175.10464195853916,52036700
2023-08-14,177.2178955078125,177.44501774834183,175.09474782272636,175.74650562753334,43675600
2023-08-15,175.2329559326172,177.23759212733944,174.8379595164921,176.64509750315182,43622600
2023-08-16,174.36399841308594,176.30937200366554,174.29486573787133,174.91699954220002,46964900
2023-08-17,171.8261260986328,175.29226839022536,171.31261851419777,174.92689581745674,66062900
2023-08-18,172.30999755859375,172.9123770667114,169.8116075662743,170.14735612669347,61172200
2023-08-21,173.64309692382812,173.92948217703207,171.56934282132403,172.88272795365145,46311900
2023-08-22,175.01576232910156,175.46013721394584,174.04801023595033,174.8478880423005,42038900
2023-08-23,178.85716247558594,179.2817980823254,176.10202612434662,176.289654759779,52722800
2023-08-24,174.17636108398438,178.83739189345877,173.81097351698816,178.41275636104422,54945800
2023-08-25,176.37850952148438,176.91175631972774,173.62337343895007,175.16388093182096,51449600
2023-08-28,177.93878173828125,178.33377827348758,176.31927183489213,177.8400250704037,43820700
2023-08-29,181.8196563720703,182.58991008586239,177.2573820568172,177.45488030453177,53003900
2023-08-30,185.3055419921875,185.50305529692773,182.43191025327192,182.62940848986258,60813900
2023-08-31,185.52281188964844,186.75719481874472,185.13768501849643,185.4931879048022,60794500
2023-09-01,187.09295654296875,187.54720101813678,185.92769123419916,187.12258052751662,45766500
2023-09-05,187.32994079589844,187.6064413525269,185.26605625958229,185.92768366781115,45280000
2023-09-06,180.624755859375,186.4905448774819,179.2027445739978,186.04615504969036,81755800
2023-09-07,175.34161376953125,175.98350189646143,171.37183427986267,172.99134398653018,112488800
2023-09-08,175.95387268066406,177.98814840122637,175.56874581023814,176.12176201867752,65551300
2023-09-11,177.11912536621094,178.0473836718388,175.1243584797436,177.82026144859472,58953100
2023-09-12,174.09738159179688,177.8795329175836,172.63587633671216,177.2475294233725,90370200
2023-09-13,172.0334930419922,175.0848841389881,171.80635572558617,174.30474566083996,84267900
2023-09-14,173.54437255859375,173.89987544974738,171.41135521167203,171.82610607332606,60895800
2023-09-15,172.82347106933594,174.29486087176767,171.6483512368518,174.27510652680778,109259500
2023-09-18,175.74649047851562,177.13887792290447,173.9689761950564,174.2751007250675,67257600
2023-09-19,176.832763671875,177.38576479928514,174.91699900323943,175.30212586469654,51826900
2023-09-20,173.29747009277344,177.45486279571944,173.20858308214417,177.02035765272817,58436200
2023-09-21,171.75698852539062,174.0973890433764,171.68787090976878,172.36925276684747,63149100
2023-09-22,172.60623168945312,174.8676297137013,171.87548661966315,172.48773574692532,56725400
2023-09-25,173.88009643554688,174.75897636563758,171.97420160197885,172.02357992644104,46172700
2023-09-26,169.81158447265625,173.01109513731117,169.51532957863083,172.63585300181884,64588900
2023-09-27,168.30072021484375,170.87811270067803,166.93797153448685,170.46336179203436,66921800
2023-09-28,168.5574493408203,169.88070413963854,165.52579782856736,167.22430983558627,56294400
2023-09-29,169.07095336914062,170.90771561508154,168.21181267677895,169.870831028669,51861100
2023-10-02,171.5792236328125,172.12235512412923,168.79444856905252,169.0808338409062,52164500
2023-10-03,170.24606323242188,171.46070671019788,168.68581669291316,170.1078129668395,49594600
2023-10-04,171.4903564453125,172.03348795172127,168.8339619515459,168.9524578917983,53020300
2023-10-05,172.72476196289062,173.25800883188634,170.52261166431626,171.61874445939648,48527900
2023-10-06,175.2725067138672,175.76625988669193,171.0163417068709,171.6286058875163,57266700
2023-10-09,176.75379943847656,176.81304741944209,173.6036511931428,174.60102736508813,42390800
2023-10-10,176.1612548828125,177.47464011941017,175.72674968355904,175.8748846750232,43698000
2023-10-11,177.55364990234375,177.60302823490863,175.38113888285298,175.9736336691769,47551100
2023-10-12,178.45228576660156,180.0619109305439,176.80313684087554,177.8202822818536,56743100
2023-10-13,176.61549377441406,179.65699967721181,175.9143577270369,179.1533769286896,51427100
2023-10-16,176.4871368408203,176.84263973108403,174.3047411678942,174.54174811745375,52517000
2023-10-17,174.93673706054688,176.19087429527403,172.61610626933813,174.44298390478113,57549400
2023-10-18,173.64309692382812,175.36136323860268,172.92222157401596,173.38635072108465,54764400
2023-10-19,173.26788330078125,175.6181383369893,173.0012523479638,173.84062376512662,59302900
2023-10-20,170.72007751464844,173.22833664495803,170.4830706009531,173.1197103596996,64244000
2023-10-23,170.83859252929688,171.8359684831129,167.80694090892598,168.77470794688867,55980100
2023-10-24,171.27308654785156,171.50020876645127,169.3079436842464,170.8879597127696,43816600
2023-10-25,168.9623565673828,170.89786073622298,168.5179666183954,169.73261037900426,57157000
2023-10-26,164.80491638183594,169.23882483986895,163.60015755926395,168.24143389027685,70625300
2023-10-27,166.11831665039062,166.8490767618186,164.7456834493569,164.82468576422622,58499100
2023-10-30,168.1624298095703,169.0314401165317,166.7601727667049,166.90830774256386,51131000
2023-10-31,168.63644409179688,168.764809656098,165.8022909489589,167.23418704526227,44846000
2023-11-01,171.7964630126953,172.0532092124064,167.99455793411695,168.86356825336904,56934900
2023-11-02,175.35150146484375,175.5588693503195,173.26786256268767,173.32711052996643,77334800
2023-11-03,174.4429931640625,174.61088250590672,171.18423421755685,172.06311427874405,79829200
2023-11-06,176.99073791503906,177.18823614800198,174.00847994055556,174.17635419198152,63841300
2023-11-07,179.54843139648438,180.1606805785339,176.7340319643902,176.94139988237026,70530000
2023-11-08,180.60504150390625,181.15804266662394,179.3212801943679,180.07179468790036,49340300
2023-11-09,180.13099670410156,181.81962374743682,179.53848699912388,180.67412808897316,53763500
2023-11-10,184.31369018554688,184.48180071812672,181.47581782404296,181.91089548671326,66133400
2023-11-13,182.73159790039062,183.94782669363863,182.1482051958573,183.74018560328048,43627500
2023-11-14,185.342041015625,186.00454008995078,184.21480130754796,185.59912547957174,60108400
2023-11-15,185.9056396484375,187.3789678351275,185.67821821290843,185.74744196041772,53790500
2023-11-16,187.58665466308594,188.82266388785246,186.5385061665612,187.4482222334322,54412900
2023-11-17,187.56687927246094,188.24915879673333,186.45941980581802,188.1206090057824,50922700
2023-11-20,189.30715942382812,189.7620174322178,187.75473976876387,187.76462241033667,46505100
2023-11-21,188.50624084472656,189.37639617894334,187.61632022600733,189.26762676216626,38134500
2023-11-22,189.16871643066406,190.77057938008178,188.6940931656517,189.3467095850447,39617700
2023-11-24,187.84371948242188,188.76330300712377,187.13177703645835,188.73363999587542,24048300
2023-11-27,187.6657257080078,188.53588093642713,186.78568783853885,187.79427548166112,40552600
2023-11-28,188.26889038085938,188.9412871423915,187.28008315178343,187.6558347269926,38415400
2023-11-29,187.25042724609375,189.9399842182602,186.85491037465812,188.7633011569372,43014200
2023-11-30,187.82394409179688,188.18981305356235,186.08364867108205,187.71517468500207,48794400
2023-12-01,189.09950256347656,189.4159130354433,187.11199034893104,188.1996843513192,45704800
2023-12-04,187.3097686767578,187.9228394923183,185.35193435249073,187.85361573572166,43389500
2023-12-05,191.2550811767578,192.22410797955845,188.0513405114985,188.08101860758427,66628400
2023-12-06,190.16741943359375,192.58009647341478,189.95976327032974,192.27356863697858,41089700
2023-12-07,192.09559631347656,192.81742141001197,191.42319951100376,191.46276025185608,47477700
2023-12-08,193.5194854736328,193.79635031367135,191.50231010992096,192.02637677770835,53406400
2023-12-11,191.01780700683594,191.32434997590968,189.27751140798418,190.948598334338,60943700
2023-12-12,192.5306854248047,192.54056806660662,189.57414602172835,190.9189246189266,52696900
2023-12-13,195.74429321289062,195.7838388648497,192.66910200901862,192.90640609677627,70404200
2023-12-14,195.89260864257812,197.38570218691584,193.96443748585023,195.80361960949875,66831600
2023-12-15,195.3586883544922,196.17938523204796,194.7950608853233,195.3191276085836,128538400
2023-12-18,193.6974639892578,194.4291868327445,192.21425301938103,193.8952224343076,55751900
2023-12-19,194.7357177734375,194.7456004150459,193.69746706046115,193.96444926391277,40714100
2023-12-20,192.64932250976562,195.46741418063525,192.64932250976562,194.69614571593394,52242800
2023-12-21,192.50099182128906,194.87413831888384,191.33420648650613,193.90511142023345,46482500
2023-12-22,191.43309020996094,193.22282892375426,190.81013681243016,192.9953923922105,37149600
2023-12-26,190.88926696777344,191.71986154255086,190.67172813799795,191.44299668429173,28919300
2023-12-27,190.98812866210938,191.33421726083122,188.95118798803827,190.33552729492325,48087700
2023-12-28,191.41329956054688,192.4812131469618,191.00788498748184,191.96702917839156,34049900
2023-12-29,190.37506103515625,192.2241257878035,189.58401220758475,191.72972215657148,42672100
2024-01-02,183.5621795654297,186.33084291740326,181.83176685644636,185.0552730997862,82488700
2024-01-03,182.18772888183594,183.79948946618282,181.37689972544035,182.15806587250447,58414500
2024-01-04,179.87396240234375,181.04074792224714,178.85549196107084,180.11126652815247,71983600
2024-01-05,179.152099609375,180.7144169560074,178.15340966673114,179.95304619735901,62379700
2024-01-08,183.4830780029297,183.52263874374273,179.46852282651062,180.0519155054874,59144500
2024-01-09,183.06777954101562,183.07766218215258,180.68475037086026,181.86143345023166,42841800
2024-01-10,184.10601806640625,184.31365913260458,181.8614214601624,182.28661640904596,46792900
2024-01-11,183.5127410888672,184.9564063690912,181.5647895230864,184.4521049955326,49128400
2024-01-12,183.83905029296875,184.64987951630312,183.11722519297732,183.97748271061099,40477800
2024-01-16,181.57472229003906,182.19766074228528,178.90493002496626,180.12117408812333,65603000
2024-01-17,180.6353302001953,180.88253205239923,178.28197882705663,179.2411232206481,47317400
2024-01-18,186.5187225341797,187.02300881659582,183.75005912545993,184.0071435872404,78005800
2024-01-19,189.41592407226562,189.80155831594578,186.70660172518024,187.21088801676132,68903000
2024-01-22,191.71986389160156,193.143748944668,190.1081030206995,190.14766376550878,60133900
2024-01-23,192.9954071044922,193.55903452389106,191.66052626402544,192.83720939883855,42355600
2024-01-24,192.322998046875,194.18196038829024,192.16478527569066,193.23269884918452,53631300
2024-01-25,191.99671936035156,194.07322080915367,190.94858599423335,193.03497008475262,54822100
2024-01-26,190.2663116455078,192.58011726192578,189.79168833424328,192.09561130867766,44594000
2024-01-29,189.5840301513672,190.04877081575225,187.45810037105477,189.86089500402176,47145600
2024-01-30,185.93531799316406,189.65324309628332,185.37170567810733,188.80286821503816,55859400
2024-01-31,182.33607482910156,185.00586682539145,182.28664653050623,184.94652570867123,55467800
2024-02-01,184.76853942871094,184.85752846784007,181.76257176566293,181.93066720224104,64885400
2024-02-02,183.76983642578125,185.2332669548565,177.24370243482153,177.84687547061628,102551700
2024-02-05,185.579345703125,187.1317803970082,183.75994390321247,186.0440863383638,69668800
2024-02-06,187.18124389648438,187.1911265388062,184.67956238073768,184.76855142564483,43490800
2024-02-07,187.29002380371094,188.91166742752537,186.4989748215566,188.50625274957065,53439000
2024-02-08,186.2122039794922,187.418535043408,185.2530596605407,187.27021997882892,40962000
2024-02-09,186.97454833984375,188.10322646586073,186.13298359451971,186.77652244170517,45155200
2024-02-12,185.29141235351562,186.796321504533,184.9349868995182,186.54880424779185,41781900
2024-02-13,183.20236206054688,184.360756090923,181.68755769129083,183.92512331150874,56529500
2024-02-14,182.32119750976562,183.68749754312392,180.6281880058035,183.47959151637605,54630500
2024-02-15,182.0341033935547,182.65785175424014,179.54903541760635,181.727184392981,65434500
2024-02-16,180.4994659423828,183.01424950876478,179.8658224253954,181.59844306951368,49752500
2024-02-20,179.75694274902344,180.6182980286837,178.2124373755958,179.98465441119404,53665600
2024-02-21,180.50941467285156,181.07374623255754,178.8658962581704,180.13318356154335,41371400
2024-02-22,182.53903198242188,183.1231842228548,180.64801151557128,181.65787110291916,52292200
2024-02-23,180.70741271972656,183.20237592421455,180.42028422645075,183.17267506039363,45119700
2024-02-26,179.3609161376953,180.9450175834942,178.85597124394113,180.43019254491847,40867400
2024-02-27,180.8163299560547,182.09351248592515,177.77681047698752,179.30152539649055,54318900
2024-02-28,179.6183319091797,181.30144633523983,178.34114943443706,180.69750358801915,48953900
2024-02-29,178.95497131347656,180.75690414056305,177.74708592784262,179.46981142225187,136682600
2024-03-01,177.8758087158203,178.73716395290236,175.61845249589473,177.76690051629518,73563100
2024-03-04,173.36111450195312,175.14322688917085,172.06411122315788,174.40067502541135,81510100
2024-03-05,168.4305419921875,170.33147275577412,167.93550746706842,169.0641855800497,95132400
2024-03-06,167.4404754638672,169.53943215491887,167.00484265804033,169.36121186741923,68587700
2024-03-07,167.3216552734375,169.0344703547855,166.81672553933012,167.47015957545335,71765100
2024-03-08,169.03448486328125,171.9749911536114,167.26226790901475,167.32166963491963,76267000
2024-03-11,171.034423828125,172.64824117092596,170.34137853305091,171.22253935977105,60139500
2024-03-12,171.50965881347656,172.3017170819102,169.31170429451927,171.43045147590772,59825400
2024-03-13,169.43052673339844,171.4700666239107,169.06419090034882,171.05423942259554,52488700
2024-03-14,171.28195190429688,172.57893998999515,170.34138929390355,171.19284931228447,72913500
2024-03-15,170.90574645996094,170.90574645996094,168.59888333023403,169.47014909109436,121752700
2024-03-18,171.9947967529297,175.94517770513775,171.7967859641753,173.82643054023092,75604200
2024-03-19,174.33135986328125,174.85609525037736,171.31164624406932,172.6086342803731,55215200
2024-03-20,176.89566040039062,176.89566040039062,173.35121088659923,173.97495931074826,53423100
2024-03-21,169.66810607910156,175.7273381457555,169.1433707597941,175.29170540355622,106181300
2024-03-22,170.569091796875,171.33144918231721,168.37113733503185,170.05425166968308,71160100
2024-03-25,169.1533203125,170.23249206020807,167.76721443821097,168.87610215909345,54288300
2024-03-26,168.0246124267578,169.71762191427138,167.89589862566189,168.3117257823714,57388400
2024-03-27,171.58888244628906,171.87601096065072,168.42066417893392,168.7176879462108,60273300
2024-03-28,169.7770233154297,170.51957504542207,168.8166552027259,170.04434616825796,65672700
2024-04-01,168.34141540527344,169.54930068295263,167.79687448381927,169.48989896556722,46240500
2024-04-02,167.1632537841797,167.65828830624176,166.55931106297376,167.40087579338118,49329500
2024-04-03,167.9652099609375,168.98497988400436,166.90584392266877,167.11374996517486,47691700
2024-04-04,167.1434783935547,170.2126836435028,167.1434783935547,168.59886612133832,53704400
2024-04-05,167.89588928222656,168.6978426903414,167.27214102824712,167.90578453281648,42104800
2024-04-08,166.7771453857422,167.51969724864153,166.56923932419392,167.35138730592178,37425500
2024-04-09,167.98501586914062,168.39094781013864,166.67813256359855,167.02464767080627,42373800
2024-04-10,166.11376953125,167.41075745661644,165.4504251384005,167.12364410431726,49709300
2024-04-11,173.30169677734375,173.7175391133101,166.49003132152566,166.66823651643443,91070300
2024-04-12,174.7967071533203,176.58872985356905,172.47994902506244,172.52944039553972,101670900
2024-04-15,170.9750518798828,174.875926929409,170.78693631547566,173.61853482041673,73531800
2024-04-16,167.69789123535156,172.03438316124112,166.59891404642835,170.0443499195711,73711200
2024-04-17,166.3315887451172,168.9552655008738,166.3315887451172,167.9256004082147,50901200
2024-04-18,165.38111877441406,166.96523521407434,164.8959946340493,166.36129252101995,43122900
2024-04-19,163.36141967773438,164.7475105290668,162.4505578172506,164.55941006923095,68149400
2024-04-22,164.19305419921875,165.59895049362888,163.1336881290828,163.87623994630854,48116400
2024-04-23,165.2425079345703,165.391027347015,163.28217556978177,163.7079130900853,49537800
2024-04-24,167.3414764404297,167.6186945681344,164.55938480415762,164.88609429896647,48251800
2024-04-25,168.20286560058594,168.91571667477083,166.4801396534294,167.84644006349347,50558300
2024-04-26,167.61868286132812,169.63841695172266,167.49986430971396,168.19292468782604,44838400
2024-04-29,171.7769775390625,174.28185098854456,171.38095596804143,171.64826373021612,68169400
2024-04-30,168.6384735107422,173.2521991943247,168.31174889120035,171.60868084411632,65934800
2024-05-01,167.61868286132812,170.9948217396029,167.43056733625505,167.8959009696714,50383100
2024-05-02,171.31166076660156,171.69778712393833,169.19291342760516,170.79682058773386,94214900
2024-05-03,181.55886840820312,185.14291355827163,180.84601747897057,184.7963833456082,163224100
2024-05-06,179.90545654296875,182.3707188474722,178.62825898838415,180.53910014061182,78569700
2024-05-07,180.58859252929688,183.06376520709566,179.51933122687228,181.6281680754234,77305800
2024-05-08,180.92523193359375,181.25195654794928,179.6480343404535,181.03414013837894,45057100
2024-05-09,182.73704528808594,182.82614787366472,180.3014688648197,180.74699689996783,48983000
2024-05-10,181.4779815673828,183.5004555242596,180.56588428269347,183.31208481142474,50759500
2024-05-13,184.68023681640625,185.49320196467926,183.03448917069318,183.8474543189662,72044800
2024-05-14,185.8203125,186.68285108112164,184.69010361608505,185.8996272619275,52393600
2024-05-15,188.09066772460938,189.0126735344407,185.76084369802737,186.29621459797372,70400000
2024-05-16,188.2096405029297,189.458829238671,188.03119361367854,188.83423487080034,52845200
2024-05-17,188.23939514160156,189.17132485957902,187.55531842828847,187.88248620977504,41282900
2024-05-20,189.3993377685547,190.2717851507536,187.38677266186554,187.70403175639103,44361300
2024-05-21,190.6980743408203,191.07480055486454,189.28034753675723,189.44888573499304,42309400
2024-05-22,189.26052856445312,191.16405275409193,188.63594934473116,190.61877317517173,34648500
2024-05-23,185.27508544921875,189.35969818168277,185.02723244112752,189.3398657052663,51005900
2024-05-24,188.3484344482422,188.94328765804346,186.42509288132968,187.19840810516956,36327000
2024-05-28,188.35836791992188,191.3425125399711,187.4760118609873,189.86530324069457,52280100
2024-05-29,188.65577697753906,190.59895109353056,187.8824768517226,187.98162409974876,53068000
2024-05-30,189.64718627929688,190.52954231443272,188.99286588586446,189.12173915319045,49889100
2024-05-31,190.5989532470703,190.9162123421418,188.27905284340878,189.7959119633218,75158300
2024-06-03,192.3636474609375,193.31540952983562,190.86662095571478,191.24334718637152,50080500
2024-06-04,192.68092346191406,193.64259428823095,191.3722523931234,192.96842627855952,47471400
2024-06-05,194.18785095214844,195.20900403542353,193.19643901671662,193.72188613227584,54156800
2024-06-06,192.80978393554688,194.81244022862765,192.50244866402238,194.0093990023229,41181800
2024-06-07,195.1990966796875,195.24867030234284,192.47271383884646,192.97832848334124,53103900
2024-06-10,191.46144104003906,195.6055502102262,190.4997703885163,195.2089764155169,97010200
2024-06-11,205.37098693847656,205.38091074009856,191.96710777388114,191.98692512163242,172373300
2024-06-12,211.24014282226562,218.30889945026047,205.1231180281253,205.58908283581826,198134300
2024-06-13,212.40011596679688,214.8885546834631,209.7827888470424,212.8958219752939,97862700
2024-06-14,210.66514587402344,213.32212283006638,209.48536314811375,212.01346682824212,70122700
2024-06-17,214.80923461914062,217.06965275202606,210.89316027395952,211.53757201804441,93728300
2024-06-18,212.4496612548828,216.75240063817128,211.1707464886947,215.72132373307375,79943300
2024-06-20,207.8792266845703,212.40007736780652,207.0563681724187,212.0927269910851,86172500
2024-06-21,205.7080841064453,210.07029091430852,205.33134270047418,208.58317289420788,241805100
2024-06-24,206.35247802734375,210.87331399723786,204.8157865138524,205.93608683303725,80727000
2024-06-25,207.27450561523438,209.5646648210329,206.81844945769743,207.35380525957078,55549700
2024-06-26,211.41860961914062,213.0147835489249,208.83102368645302,209.68363861405976,66213200
2024-06-27,212.2613067626953,213.88722177256454,210.5263358320774,212.8462361886446,49772700
2024-06-28,208.8112030029297,214.21441082608845,208.49395901051298,213.9169841828714,82542700
2024-07-01,214.8885498046875,215.64201747450758,210.10002805599396,210.26856627972688,60402900
2024-07-02,218.37831115722656,218.4873670751859,213.25271326862932,214.2936836981781,58046200
2024-07-03,219.64732360839844,219.64732360839844,217.1489612238199,218.11063203893852,37369800
2024-07-05,224.3961944580078,224.50525038603786,219.74646963306245,219.74646963306245,60412400
2024-07-08,225.8634796142578,225.89322076278884,221.3327197032473,225.13973799267995,59085900
2024-07-09,226.716064453125,227.42988222637766,224.4259054004998,225.9725055332989,48076100
2024-07-10,230.9791717529297,231.07831900756045,227.28120909695775,227.33078272427315,62627700
2024-07-11,225.61561584472656,230.39421338925845,223.83107137940016,229.40280147827102,64710600
2024-07-12,228.56008911132812,230.64206011910093,226.71606240173486,226.9540066999144,53046500
2024-07-15,232.386962890625,235.1926606193721,231.0882156126273,234.44910163171727,62631300
2024-07-16,232.80335998535156,234.24090427881208,230.33473879844306,232.98180687397965,43234300
2024-07-17,226.9143829345703,229.47222770464353,224.6936146131452,227.4794799069808,57345900
2024-07-18,222.2547149658203,228.46096321097224,220.36112971273346,228.3023336745397,66034600
2024-07-19,222.38360595703125,224.8522270905052,221.36245288688534,222.88923571935766,49151500
2024-07-22,222.03663635253906,225.82382229500527,221.17409763275575,225.06043082550624,48201800
2024-07-23,223.07757568359375,224.9910084270489,220.76758424988336,222.44307270253879,39960300
2024-07-24,216.66317749023438,222.86942645430565,215.2652980307627,222.07629380801336,61777600
2024-07-25,215.62217712402344,218.95332167523742,212.77681471652627,217.0497975364767,51391200
2024-07-26,216.08816528320312,217.60502442671483,214.15489978899527,216.82180047841348,41601300
2024-07-29,216.36573791503906,217.41663210574902,213.89711684474761,215.0967318967012,36311800
2024-07-30,216.92092895507812,218.43778796730905,214.2639371695869,217.3075789949067,41643800
2024-07-31,220.1727752685547,221.89783756706774,218.73523091700034,219.53827220377053,50036300
2024-08-01,216.48472595214844,222.55216258005441,215.15623749650504,222.44310665442717,62501000
2024-08-02,217.97181701660156,223.6625266661827,215.8402875210575,217.26790792406092,105568600
2024-08-05,207.47276306152344,211.6664309709882,194.3167235143498,197.38018251460616,119548600
2024-08-06,205.4502716064453,208.18657796978488,199.3431861620261,203.53685401433648,69660500
2024-08-07,208.01805114746094,211.80523672133984,204.61750047992084,205.12311510057037,63516400
2024-08-08,211.47808837890625,212.36044444161047,207.0365669160157,211.27980900719393,47161100
2024-08-09,214.3829345703125,214.91829038971974,210.1496011292121,210.27848952903548,42201600
2024-08-12,215.9114532470703,217.8767166928247,213.99582080224636,214.46232494953352,38028100
2024-08-13,219.62364196777344,220.23902400333975,217.38044783379533,217.38044783379533,44155300
2024-08-14,220.07028198242188,221.37053243582614,218.06530765715263,218.9288446755302,41960600
2024-08-15,223.0479736328125,223.67329096872731,221.10255033510867,222.9288713384501,46414000
2024-08-16,224.36805725097656,225.1422523777464,221.98590558416166,222.25390086504495,44340200
2024-08-19,224.20925903320312,224.30852103873067,221.38045847347976,224.0405257400108,40687800
2024-08-20,224.82464599609375,225.47973889834265,223.7725353535306,224.0901616619868,30299000
2024-08-21,224.71546936035156,226.28371522001356,223.37552309496598,224.8345868015738,34765500
2024-08-22,222.85939025878906,226.64103964823346,222.23407290784718,226.09512887719345,43695300
2024-08-23,225.15220642089844,226.5219434569281,222.66088738350675,223.9809934126029,38677300
2024-08-26,225.4896697998047,225.58893181224732,222.22415556593285,225.07279660900764,30602200
2024-08-27,226.33334350585938,227.14724957253156,223.21670725505913,224.31844891527626,35934600
2024-08-28,224.8048095703125,228.149730282918,224.00082364270057,226.22416240429726,38052200
2024-08-29,228.08023071289062,231.18694665641485,227.17701311839377,228.38793686624163,51906300
2024-08-30,227.29611206054688,228.68568922028223,225.78741746908054,228.4772602189495,52990800
2024-09-03,221.11248779296875,227.2961293418145,219.52438650802387,226.84948058831634,50190600
2024-09-04,219.20677185058594,220.12984491677884,215.86183603349318,220.01074262314262,43840200
2024-09-05,220.7253875732422,223.80231295165626,219.87178579311316,219.9809679444758,36615400
2024-09-06,219.177001953125,223.56411324365834,218.13481142105056,222.2837029728863,48423000
2024-09-09,219.2663116455078,219.62363365317324,215.0975649862482,219.17698492990527,67180000
2024-09-10,218.4722900390625,219.83209181891954,215.11743380788891,217.29114171411052,51591000
2024-09-11,221.00331115722656,221.4301044903715,216.26879790334314,219.81224273641337,44587100
2024-09-12,221.11248779296875,221.8866830044339,218.1844402475294,220.84449248276735,37455600
2024-09-13,220.844482421875,222.37301734416337,220.25887596851652,221.91644846858938,36766600
2024-09-16,214.71047973632812,215.60377723416104,212.32832783334672,214.92882889414335,59357400
2024-09-17,215.1769561767578,215.2861383219032,212.90400170360138,214.14470101422842,45519300
2024-09-18,219.04795837402344,221.05293280374121,215.92138686335736,215.9313221513165,59894900
2024-09-19,227.16709899902344,228.11004268622213,222.95865620671253,223.31597824995185,66781300
2024-09-20,226.5020751953125,231.3556905514529,225.92638886705737,228.2589097535001,318679900
2024-09-23,224.78492736816406,227.74275012420983,224.12983453268782,225.64844919522082,54146000
2024-09-24,225.67823791503906,227.64351653597865,224.05044101841318,226.94871280288095,43556100
2024-09-25,224.6856689453125,225.59882178569194,222.35316341740713,223.25638097071698,42308700
2024-09-26,225.82713317871094,226.7998372114188,223.73283210674714,225.60876888531146,36636700
2024-09-27,226.09512329101562,227.81226214161182,225.6087788258606,226.7601514881057,34026000
2024-09-30,231.26634216308594,231.26634216308594,227.94126208675945,228.32835965023514,54541900
2024-10-01,224.52688598632812,227.9412778656533,222.07526286618742,227.81225543239978,63285000
2024-10-02,225.09263610839844,225.67824256269316,221.360617941662,224.20925878310885,32880600
2024-10-03,223.99090576171875,225.12242301224842,221.65839996957536,223.4648504260935,34044200
2024-10-04,225.1125030517578,226.30357145139808,222.46237094034984,226.20430944090455,37245100
2024-10-07,220.04054260253906,224.01078104684052,219.68322053674163,222.82963268641961,39505400
2024-10-08,224.0901641845703,224.298593199742,221.58890998571715,222.63110049734397,31855700
2024-10-09,227.8321075439453,228.04055170887608,223.1571606453159,223.554178398676,33591100
2024-10-10,227.3358154296875,227.7923994519787,225.47973405841245,226.0851959438118,28183500
2024-10-11,225.85691833496094,227.70307961960657,225.6484741750507,227.5938974682738,31759200
2024-10-14,229.57901000976562,230.0058033150611,226.89910245149323,226.99834931201846,39882100
2024-10-15,232.1100311279297,235.72294688412148,230.64103225198252,231.87181141001133,64751400
2024-10-16,230.05543518066406,230.3929017691756,228.12986736523644,229.87678174389526,34082200
2024-10-17,230.42266845703125,232.1100316250369,228.80480686495974,231.69314333147315,32993800
2024-10-18,233.25149536132812,234.4227083661851,232.2688559498539,234.4227083661851,46431500
2024-10-21,234.72047424316406,235.08773156933626,232.7055796017645,232.7055796017645,36254500
2024-10-22,234.10507202148438,234.46239402859047,230.8693336731526,232.14972869721714,38846600
2024-10-23,229.0430145263672,233.3904297884605,226.06533615950997,232.33831918874512,52287000
2024-10-24,228.85446166992188,229.10260155629064,226.710529416834,228.26884002769643,31109500
2024-10-25,229.6881866455078,231.48471683213373,227.86188088691335,228.03061417648678,38802300
2024-10-28,231.66334533691406,232.98345108474456,230.81967897982565,231.58395391704408,36087100
2024-10-29,231.93136596679688,232.5864588417728,230.59141979007921,231.36561495313973,35417200
2024-10-30,228.387939453125,231.7328600109945,227.8420287171323,230.87925826342104,47070900
2024-10-31,224.2290802001953,228.11991092730085,223.69308968465717,227.63355140694264,64370100
2024-11-01,221.2514190673828,223.67326642200996,218.6310628621847,219.32585141181025,65276700
2024-11-04,220.35812377929688,221.13231895883285,218.0752491010658,219.34572401852256,44944500
2024-11-05,221.78741455078125,222.28369429475046,219.49460455688452,220.14969745378525,28111300
2024-11-06,221.06285095214844,224.387931303672,219.54423614319148,220.95366880237512,54561100
2024-11-07,225.78741455078125,226.18444740932767,222.8990781242877,222.95862926675593,42137700
2024-11-08,225.51914978027344,227.20835428792034,224.9726384261151,225.72780810336752,38328800
2024-11-11,222.80648803710938,224.26715706282306,220.093823487321,223.5716039938927,42005600
2024-11-12,222.80648803710938,224.1578547832826,221.94201602014732,223.12446381828886,40398300
2024-11-13,223.69082641601562,225.2111120360391,221.34580821096,222.58787261698694,48566200
2024-11-14,226.7711639404297,227.41703140021204,223.57160465201176,223.59148192887395,44923900
2024-11-15,223.57159423828125,225.47940335635096,222.8462328667566,224.96270031544069,47923700
2024-11-18,226.57241821289062,228.28149999782985,223.74050538640262,223.8199993254601,44633700
2024-11-19,226.8307647705078,228.6988344551977,225.22105418122663,225.53901477922054,36211800
2024-11-20,227.5461883544922,228.47027695087482,224.45593165289552,226.61215353970658,35169600
2024-11-21,227.06922912597656,228.69881686539628,224.27707103239013,227.42694424740614,42108300
2024-11-22,228.41067504882812,229.25528492407807,226.61216818417898,226.61216818417898,38168300
2024-11-25,231.39161682128906,231.7692092379923,228.28149797848934,229.99057974831032,90152800
2024-11-26,233.56771850585938,234.07449047305911,231.84870566104107,231.84870566104107,45986200
2024-11-27,233.43853759765625,234.1937224347506,232.32565277909848,232.9814664022851,33498400
2024-11-29,235.8233184814453,236.3002669685808,232.48464874765904,233.31931239062584,28481400
2024-12-02,238.06898498535156,239.26136388188382,235.65441885701782,235.76372114031196,48137100
2024-12-03,241.10951232910156,241.2188145923816,237.38331948353385,238.28754591958514,38861000
2024-12-04,241.46726989746094,242.56029272240895,239.7184485394643,241.32815927991484,44383900
2024-12-05,241.4970703125,242.98754766386446,240.59285890906452,242.44105143123323,40033900
2024-12-06,241.29832458496094,243.0769692456264,240.5431549096241,241.36788746709487,36870600
2024-12-09,245.1835174560547,245.67041216886827,240.21525975684386,240.29475369946152,44649200
2024-12-10,246.197021484375,246.63423054379348,243.78244060146582,245.32260336553807,36914800
2024-12-11,244.92515563964844,249.2077910379196,244.69660488558225,246.38582450957213,45205800
2024-12-12,246.38583374023438,247.1608807008323,244.12029436088807,245.32261935264157,32777500
2024-12-13,246.5547637939453,247.7073880681415,244.676762972136,246.24673423955153,33155300
2024-12-16,249.44625854492188,249.78411156803347,246.07778066556844,246.41563368868003,51694800
2024-12-17,251.87078857421875,252.2185726786221,248.19428090188288,248.49237939681157,51356400
2024-12-18,246.4752655029297,252.6657103008961,246.1672359539693,250.55917390522964,56774100
2024-12-19,248.20420837402344,250.4001849209636,245.52135228225407,245.92875304737495,60882300
2024-12-20,252.87437438964844,253.38113119374523,244.13023820234332,246.46531011815415,147495300
2024-12-23,253.6494140625,254.02699130961165,251.84096111600803,253.15258832932108,40858800
2024-12-24,256.5608215332031,256.5707374276886,253.66927695641888,253.868019379837,23234700
2024-12-26,257.3756103515625,258.44877099351584,255.99445048269988,256.5508929178466,27237100
2024-12-27,253.96739196777344,257.05766400729357,251.45345479939442,256.19316170058187,42355300
2024-12-30,250.5989227294922,251.8906728018858,249.15813098648073,250.62873106361576,35557500
2024-12-31,248.83021545410156,251.6720594492945,247.84649497663966,250.83739579916153,39480700
2025-01-02,242.30191040039062,247.51858047528103,240.28479918438643,247.34964638751123,55740700
2025-01-03,241.8150177001953,242.6298040057451,240.3543488544026,241.8150177001953,40244100
2025-01-06,243.44461059570312,245.75982034447205,241.65603491404494,242.75898865424097,45045600
2025-01-07,240.67233276367188,243.99112508347835,239.81779188041267,241.43743349025635,40856000
2025-01-08,241.15919494628906,242.16279257722746,238.52602476613023,240.3841480569624,37628900
2025-01-10,235.3463592529297,238.63534322792128,231.52079498772144,238.48628640867517,61710900
2025-01-13,232.9119110107422,233.18020116738663,228.26162915914,232.04743903723335,49630700
2025-01-14,231.7990264892578,234.62099318079112,230.99417118008773,233.25969544364762,39435300
2025-01-15,236.35989379882812,237.4429855317883,232.94172997653553,233.1504034772107,39832000
2025-01-16,226.81088256835938,236.49898454969573,226.58234697208553,235.84318609247865,71759100
2025-01-17,228.51995849609375,230.81529094249188,227.0294813062853,230.64637201374376,68488300
2025-01-21,221.22654724121094,222.9952455214703,217.98724913328002,222.5779137526142,98070400
2025-01-22,222.4090118408203,222.6971640978084,218.39465138442915,218.39465138442915,64126500
2025-01-23,222.2401123046875,225.58871322146769,220.88874557201237,223.3132578125695,60234800
2025-01-24,221.36566162109375,224.19757422629087,220.00436403066544,223.35296445648333,54697900
2025-01-27,228.40074157714844,230.67619691244207,222.55806572164707,222.59782027357136,94863400
2025-01-28,236.74740600585938,238.66516132615985,229.3447052045828,229.3844597561093,75707600
2025-01-29,237.84042358398438,238.33724933385383,232.52438199561368,232.6336842670617,45486100
2025-01-30,236.08164978027344,239.26133146080375,235.7040725307193,237.1547951903121,55658300
2025-01-31,234.5017547607422,245.62071750771995,231.95800933839706,245.62071750771995,100959800
2025-02-03,226.56248474121094,230.35824094469035,224.2671520837408,228.52992572925916,73063300
2025-02-04,231.32208251953125,231.64998934854387,225.21111642561868,225.80731341689966,45067300
2025-02-05,230.99415588378906,231.19288314320298,226.82082278842498,227.07916670947125,39620300
2025-02-06,231.73939514160156,232.31571480889477,228.9670990724139,229.82163993606684,29925300
2025-02-07,226.1848907470703,232.51444580894437,225.81722939017394,231.1233398047693,39707200
2025-02-10,226.45346069335938,229.378010419489,226.00582893863492,228.36338248973718,33115600
2025-02-11,231.39732360839844,233.99360582200345,226.93093316445223,227.00055734532324,53718400
2025-02-12,235.625,235.71453849328682,229.4675323792709,229.98480349517558,45243300
2025-02-13,240.26052856445312,241.06626881430705,234.33186254170715,235.66481592241834,53614100
2025-02-14,243.31439208984375,244.25939586817944,239.72336558929686,239.981993568851,40896200
2025-02-18,243.18507385253906,243.8913336127375,240.56889220053384,242.86674847770814,48822500
2025-02-19,243.5829620361328,244.716969605811,241.88195827091008,243.37407429304395,32204200
2025-02-20,244.5379180908203,245.4829218502696,243.00600383864503,243.65259654249155,32316900
2025-02-21,244.2593994140625,247.38289505871285,243.93113206298463,244.65729095432025,53197400
2025-02-24,245.80125427246094,247.55199828948733,243.1353323966777,243.64264638435856,51326400
2025-02-25,245.74154663085938,248.68599549611233,243.62275227067275,246.69650753214344,48013300
2025-02-26,239.09666442871094,243.6923767743236,237.87313357927937,243.04579925662603,44433600
2025-02-27,236.05276489257812,241.18564780716906,235.81402085750776,238.1516754344793,41153600
2025-02-28,240.5688934326172,240.8175794410065,228.9900734891547,235.70459571566596,56833400
2025-03-03,236.77891540527344,242.74737946323825,234.8690087281554,240.51914741730602,47184000
2025-03-04,234.68995666503906,238.80821160759587,233.4465266012979,236.46061504010896,53798100
2025-03-05,234.50096130371094,235.30670153327668,228.0251680036218,234.18263593082168,47227600
2025-03-06,234.09310913085938,236.60981025581015,231.93451645578955,233.20778757123546,45170400
2025-03-07,237.81346130371094,240.10136041796665,233.5261018066448,233.87426828677374,46273600
2025-03-10,226.28436279296875,234.91874867921032,223.04150278970278,234.3019970725287,72071200
2025-03-11,219.6792755126953,224.65299583409444,216.3070937419303,222.63366659789358,76137400
2025-03-12,215.83953857421875,220.58447147788527,213.7804264853068,218.9829331071368,62547500
2025-03-13,208.57791137695312,215.70028194858565,207.3245394208188,214.81496040955514,61368300
2025-03-14,212.36790466308594,212.8254784087618,208.4784519318959,210.13967261110687,60107600
2025-03-17,212.87521362304688,214.0888025037831,208.8663965620962,212.18883784213668,48073400
2025-03-18,211.57211303710938,214.019174884069,210.3784232206469,213.0343879953175,42432400
2025-03-19,214.10870361328125,217.6101915579757,212.6265295918345,213.0940604852241,54385400
2025-03-20,212.97471618652344,216.34689805154306,211.1045924362575,212.86529372925065,48862900
2025-03-21,217.12277221679688,217.68976839110027,210.16950634984832,210.4480334492585,94127800
2025-03-24,219.56983947753906,220.3158974796034,217.4311459430569,219.8384246082871,44299500
2025-03-25,222.57395935058594,222.9221258053629,218.9232508666907,219.60962662242414,34493600
2025-03-26,220.36563110351562,223.83729303324841,219.31120492080973,222.3352199198642,34466100
2025-03-27,222.6734619140625,223.80746952519274,219.40074548587612,220.2263848697343,37094800
2025-03-28,216.75469970703125,222.63364006926244,216.5358548246797,220.50488863250547,39818600
2025-03-31,220.96249389648438,224.43414081005062,215.09349507460487,215.86939419548492,65299300
2025-04-01,222.01690673828125,222.5043215641154,217.74944665223015,218.65466729819107,36412700
2025-04-02,222.71324157714844,224.00641185945875,219.8583310514353,220.15675729790527,35905900
2025-04-03,202.12205505371094,206.39945769712665,200.19224908119847,204.45969456936825,103419000
2025-04-04,187.38987731933594,198.82943318150367,186.3553350717911,192.87091122900438,125910900
2025-04-07,180.5062713623047,193.12956126210946,173.70221017135344,176.26865177501736,160466300
2025-04-08,171.5137481689453,189.33955773730443,168.32062862424334,185.71869040589692,120859500
2025-04-09,197.8048553466797,199.55559936553783,170.98654976711688,171.04623198001363,184395900
2025-04-10,189.41912841796875,193.75621235587465,182.03813062603746,188.07623328279777,121880000
2025-04-11,197.1085205078125,198.49121408156802,185.0820690088969,185.12186726950821,87435900
2025-04-14,201.45555114746094,211.82078139531484,200.10269875392328,210.32866545443895,101352900
2025-04-15,201.07752990722656,202.44032418337582,198.74983284066025,200.7990028314966,51343900
2025-04-16,193.24891662597656,199.64511311117855,191.35889396287376,197.31741584829123,59732400
2025-04-17,195.9446563720703,197.78493872612725,193.39811432307044,196.16350125239885,52164700
2025-04-21,192.14476013183594,192.78139570274652,188.8123615658979,192.25418258208256,46742500
2025-04-22,198.69017028808594,200.53043756485187,194.93998119085117,195.08918671811182,52976400
2025-04-23,203.52462768554688,206.9067512010516,201.7340854567431,204.9172632087338,52929200
2025-04-24,207.27479553222656,207.73238443559362,201.87334307751462,203.81309077731203,47311000
2025-04-25,208.18002319335938,208.6475540878433,205.1162098506388,205.28531450927932,38222300
2025-04-28,209.03549194335938,210.38834431536768,206.36958545714222,208.8962283982374,38743100
2025-04-29,210.09988403320312,211.12446912484504,207.27479957627347,207.59312493762445,36827600
2025-04-30,211.38308715820312,212.45741243436711,205.58372816909105,208.19990958730307,52286500
2025-05-01,212.19879150390625,213.43226431553572,207.8020097882055,207.98107159612528,57365700
2025-05-02,204.27069091796875,205.9020705063368,201.09745506032002,205.0067917796952,101010600
2025-05-05,197.84463500976562,203.02725796650907,197.1682163705072,202.03251395918386,69018500
2025-05-06,197.46661376953125,199.59536519080132,195.9844550154461,197.1682027308483,51216500
2025-05-07,195.21852111816406,198.3917570874617,192.23428894820486,198.12317194216024,68536700
2025-05-08,196.45201110839844,198.99855348942916,193.65676753221484,196.68079799363124,50478900
2025-05-09,197.48654174804688,199.4859718922483,196.5017396407649,197.95407268173315,36453900
2025-05-12,209.95704650878906,210.435160708662,205.93301745006437,210.13634313336473,63775800
2025-05-13,212.08859252929688,212.55673652410627,208.17412935394688,209.59847136477597,51909300
2025-05-14,211.490966796875,213.09460539099953,209.7478820292828,211.5905625216416,49325800
2025-05-15,210.61444091796875,212.11848379882832,208.71198473801002,210.11641669484823,45029500
2025-05-16,210.42520141601562,211.73003772257164,208.94109887256835,211.52086084946143,54737900
2025-05-19,207.9550018310547,208.65223273202483,203.45285841572866,207.0884445111699,46140500
2025-05-20,206.04258728027344,207.64622592622177,204.2198167548668,206.84938410987283,42496600
2025-05-21,201.29141235351562,206.2218487675542,199.9168759316908,204.359243170771,59211800
2025-05-22,200.5643310546875,201.94883789272,198.91088686006037,199.91690559460176,46742400
2025-05-23,194.49838256835938,196.91877297523902,192.6955373289648,192.9046989896,78432900
2025-05-27,199.4188690185547,199.94677348688452,196.64984031499387,197.51641281084125,56288500
2025-05-28,199.62802124023438,201.92889064401075,199.1100718095576,199.79734764673603,45339700
2025-05-29,199.15988159179688,203.0046291598645,197.72556941325453,202.77554227533128,51396800
2025-05-30,200.05633544921875,201.1619498266407,196.00241099917397,198.5821728136608,70819900
2025-06-02,200.90296936035156,201.33127809714276,199.32921098525782,199.488582384924,35423300
2025-06-03,202.46678161621094,202.96480586317466,200.16591202699755,200.55437033168948,46381600
2025-06-04,202.0185546875,205.42503857555045,201.30139858491114,202.10819540070028,43604000
2025-06-05,199.8372039794922,203.94091870107042,199.35908978394463,202.69585814733983,55126100
2025-06-06,203.11419677734375,204.8871617909174,201.2515910514923,202.19783403313102,46607700
2025-06-09,200.65396118164062,205.18598475848052,199.22961916524454,203.58234611432158,72862600
2025-06-10,201.869140625,203.54250994980842,199.77744796710627,199.8073282051838,54672600
2025-06-11,197.9945068359375,203.69190510411792,197.62597377823997,202.69585666840098,60989900
2025-06-12,198.41285705566406,198.890956077424,196.58013147350607,198.29333609984755,43904600
2025-06-13,195.67372131347656,199.57822954037988,194.92668495173118,198.94075911963023,51447300
2025-06-16,197.63592529296875,197.90486262143017,195.78327462738756,196.52035592822918,43020700
2025-06-17,194.86691284179688,197.60604600468164,194.43861931524052,196.42074594971083,38856200
2025-06-18,195.80320739746094,196.7893008408277,194.2991796996429,195.16573699325735,45394700
2025-06-20,200.20574951171875,200.90298042554332,196.08210930882012,197.45666110928434,96813500
2025-06-23,200.70376586914062,201.50060768152076,198.17380945321412,200.83325703321927,55814300
2025-06-24,199.50851440429688,202.63610603642124,199.4089034764897,201.78945874554142,54064000
2025-06-25,200.76353454589844,202.8651975026319,199.82724651799433,200.65396860223956,39525700
2025-06-26,200.20574951171875,201.8392684520338,198.67184150130464,200.63404307360597,50799100
2025-06-27,200.28541564941406,202.41695863400855,199.20968154525062,201.09221242791352,73188600
2025-06-30,204.3592529296875,206.57048164253425,198.4726031076903,201.211736268348,91912800
2025-07-01,206.99879455566406,209.35942450018746,205.3254252695324,205.85332972802502,78788900
2025-07-02,211.6005401611328,212.49697770796604,207.31752868499885,208.08449026524102,67941800
2025-07-03,212.70616149902344,213.80180573654258,210.97303162710094,211.31168447150716,34955800
2025-07-07,209.12037658691406,215.37555986284275,207.97492690746134,211.83958469799765,50229000
2025-07-08,209.18011474609375,210.59450162142676,207.6262817055446,209.26977065111936,42848900
2025-07-09,210.3056640625,210.49491569520316,206.40115605631001,208.70202548866368,48749400
2025-07-10,211.57066345214844,212.63642743345136,209.2000631819418,209.67816220166208,44443600
2025-07-11,210.32559204101562,211.29176024279,209.03072603053,209.73792710960444,39765800
2025-07-14,207.7956085205078,210.07656782568804,206.719874444485,209.10042946873696,38840100
2025-07-15,208.28369140625,211.05270487364396,208.09443976951917,208.39325734338402,42296300
2025-07-16,209.3295440673828,211.5606828488181,207.8155461810567,209.4689902412225,47490500
2025-07-17,209.1901092529297,210.9630743588066,208.7618004967043,209.7379389650813,48068100
2025-07-18,210.3455047607422,210.95309492429405,208.87135730762196,210.0367321724359,48974600
2025-07-21,211.640380859375,214.92734394651046,210.79374875413163,211.26189276464606,51377400
2025-07-22,213.5527801513672,214.1006098348481,211.39135685335447,212.29776458434165,46404100
2025-07-23,213.3037872314453,214.29983576430007,211.5706725113145,214.15043456376964,46989300
2025-07-24,212.91529846191406,214.8376797586153,212.68621158769832,213.05474462863134,46022600
2025-07-25,213.03485107421875,214.38947759784276,212.5567368669443,213.85160291428238,40268800
2025-07-28,213.20419311523438,214.00103498726418,212.21809958876685,213.18426788884761,37858000
2025-07-29,210.43515014648438,213.96115480223384,209.9869314052821,213.33363944545516,51411700
2025-07-30,208.2239227294922,211.55072076453234,206.89917652304968,211.06265157316113,45512500
2025-07-31,206.74978637695312,209.01080544085684,206.3414028602417,207.66614913739534,80698400
2025-08-01,201.58030700683594,212.7360475386617,200.7037794341265,210.03674932642843,104434500
2025-08-04,202.5464630126953,207.0585613783641,200.88304868853191,203.70186769022786,75109300
2025-08-05,202.1181640625,204.5285996595603,201.36117265797924,202.59626309701343,44155100
2025-08-06,212.4073486328125,214.5289368613384,204.77761325937152,204.81746371165528,108483100
2025-08-07,219.16053771972656,219.97730473834642,215.7241736307253,218.01508808955717,90224800
2025-08-08,228.4437255859375,230.08719950298993,218.38362983130105,219.95738825778145,113854000
2025-08-11,226.53909301757812,228.91238364576833,224.12592192869855,227.27701087414155,61806100
2025-08-12,229.00213623046875,230.14890113463383,226.42942796921326,227.36676338645532,55626200
2025-08-13,232.6717529296875,234.33703985510917,229.77992501054072,230.4181341091737,69878500
2025-08-14,232.12330627441406,234.4567012802976,230.19875827485632,233.39969406647393,51916300
2025-08-15,230.93666076660156,233.61907447658757,228.69300821277216,233.3398655982593,56038700
2025-08-18,230.23863220214844,232.46233685580373,229.46083388892833,231.04634466466607,37476200
2025-08-19,229.90956115722656,232.2130419457167,228.70298322789472,230.62753117126795,39402600
2025-08-20,225.3723907470703,229.81981519856654,225.13307755654054,229.33119207499826,42263900
2025-08-21,224.26551818847656,225.88095827873425,223.14868274098328,225.63166356522294,30621200
2025-08-22,227.11746215820312,228.44371192910324,224.77410085849388,225.53195134940427,42477800
2025-08-25,226.5191650390625,228.65312729963858,225.59178073979155,225.84107546750252,30983100
2025-08-26,228.6630859375,228.84258604761433,224.05612439304167,226.22996704217394,54575100
2025-08-27,229.83978271484375,230.24861452224957,227.61606269083353,227.96508141122786,31259500
2025-08-28,231.90391540527344,232.7515235304584,228.692998228932,230.16883391080088,38074700
2025-08-29,231.485107421875,232.7216147258446,230.71727541448905,231.85405874294378,39418400
2025-09-02,229.07192993164062,230.19874691737337,226.3296880547272,228.60325464814514,44075600
2025-09-03,237.79725646972656,238.17618932549604,233.69885053091846,236.5408165177042,66427800
2025-09-04,239.10353088378906,239.22318747047024,236.07211403385233,237.7772812570227,47549400
2025-09-05,239.01380920410156,240.63921565449175,237.8171975861315,239.3229322237051,54870400
2025-09-08,237.20892333984375,239.47250850410185,235.6732593017711,238.62491556233425,48999500
2025-09-09,233.6888885498047,238.10638391026913,232.70167593051625,236.33140663047269,66313900
2025-09-10,226.1501922607422,231.76431424305812,225.31256565050364,231.53496736029473,83440800
2025-09-11,229.38107299804688,229.7998863317909,226.01060327291316,226.23996538709508,50208600
2025-09-12,233.40968322753906,233.84842918261825,228.373926506362,228.57335925244223,55824200
2025-09-15,236.03224182128906,237.5180438551372,234.36695488957946,236.33139853346725,42699500
2025-09-16,237.4781494140625,240.53949594661788,235.65332541334,236.51088466190768,63421100
2025-09-17,238.3157958984375,239.42266510979977,237.05934071942244,238.2958480596019,46508000
2025-09-18,237.20892333984375,240.51954939992544,235.98238232851827,239.29302360434258,44249600
2025-09-19,244.8074188232422,245.60516498271895,239.53234916144805,240.5494606794321,163741300
2025-09-22,255.35755920410156,255.9160073848096,247.42002368458668,247.5995237986898,105517400
2025-09-23,253.7122344970703,256.6140289111009,252.86464151383097,255.15815615601056,60275200
2025-09-24,251.59820556640625,255.01853710208397,250.33178410429736,254.49999981420794,42303700
2025-09-25,256.14532470703125,256.4444966190252,250.99989343760635,252.49566170312627,55202100
2025-09-26,254.7393341064453,256.8732963908738,253.06406560531616,253.38317016390945,46076300
2025-09-29,253.7122344970703,254.28063380560434,252.29624220529692,253.8418726304012,40127700
2025-09-30,253.9116668701172,255.1980209495745,252.39595068950493,254.1410137555297,37704300
2025-10-01,254.72933959960938,258.0599285933123,254.21080232618834,254.32049261064776,48713900
2025-10-02,256.40460205078125,257.45162766856953,253.43299812845933,255.85613542550084,42630200
2025-10-03,257.2920837402344,258.5086431914624,253.23357360959045,253.9515436206674,49155600
2025-10-06,255.9658660888672,258.339156849437,254.33049322602108,257.262186546101,44664100
2025-10-07,255.75645446777344,256.6738420114173,254.70939836699205,256.0855101139428,31955800
2025-10-08,257.33197021484375,257.7906639625656,255.3874592951906,255.7963062732735,36496900
2025-10-09,253.32330322265625,257.27213808351553,252.42584836214985,257.08267167133846,38322000
2025-10-10,244.57806396484375,255.6567217403356,243.3116425485481,254.2207817432353,61999100
2025-10-13,246.96133422851562,248.98560621270488,244.86725241658198,248.67648318296307,38142900
2025-10-14,247.07101440429688,248.14796941642882,244.00966795095763,245.90431694508948,35478000
2025-10-15,248.63658142089844,251.10959602979932,246.77186176083558,248.78616738422895,33893600
2025-10-16,246.7519073486328,248.33741809379524,244.43846029169785,247.54965348458146,39777000
2025-10-17,251.5782470703125,252.66518358811555,246.57242016484557,247.3203043073955,49147000
2025-10-20,261.50018310546875,263.63416054313814,254.90884523128253,255.168106265739,90483000
2025-10-21,262.0286865234375,264.5415968076956,261.0913359303388,261.141213133835,46695900
2025-10-22,257.7209167480469,262.1084981259862,254.70941678507808,261.9090501595624,45015300
2025-10-23,258.8476867675781,259.8847613495841,257.28213901467177,259.206686997747,32754900
2025-10-24,262.07855224609375,263.3848541030092,258.44880663072195,260.4531458541269,38253700
2025-10-27,268.0516357421875,268.3607587413759,263.9033682058253,264.13273028939324,44888200
2025-10-28,268.2410888671875,269.12859257872884,267.39348082722177,268.23110734142335,41534800
2025-10-29,268.93914794921875,270.6443152614699,266.35642794866993,268.5203194424725,51086700
2025-10-30,270.63433837890625,273.36662916750566,267.72259312931254,271.2226702585742,69886500
2025-10-31,269.60723876953125,276.53764389728985,268.4006608909581,276.2085578376442,86167100
2025-11-03,268.2909851074219,270.08592548154905,265.4988962118729,269.6571458353552,50194600
2025-11-04,269.2781982421875,270.72408938596277,266.86501191822913,267.5730004152706,49274800
2025-11-05,269.3778991699219,270.93349568379296,266.17693326929896,267.8521863717013,43683100
2025-11-06,269.0089416503906,272.6287059365568,267.1342708755924,267.1342708755924,51204000
2025-11-07,267.7126159667969,271.5218466038475,266.0173996929098,269.03885049148494,48227400
2025-11-10,268.9303283691406,273.2223721938244,266.9639805623884,268.46119877683986,41312400
2025-11-11,274.73956298828125,275.3983427074405,269.2996575494418,269.3096487524697,46208300
2025-11-12,272.962890625,275.2187095291286,271.19618380015726,274.49005224267427,48398000
2025-11-13,272.4438171386719,276.1868626363035,271.58539619817094,273.6016390736082,49602800
2025-11-14,271.90484619140625,275.4482508823214,269.10005949599775,270.5473523374902,47431300
2025-11-17,266.9639892578125,269.98836893107386,265.237217022597,268.3214829895084,45018300
2025-11-18,266.94403076171875,270.20795552947055,264.8279672087311,269.48928956232544,45677300
2025-11-19,268.0619812011719,271.70520656667077,265.0076580872151,265.0376012369211,40424500
2025-11-20,265.7562561035156,274.91922505965954,265.42688147061517,270.327749378444,45823600
2025-11-21,270.98651123046875,272.8230952896135,265.17732758833057,265.4568071090486,59030800
2025-11-24,275.4083557128906,276.48633959077114,270.397645153795,270.397645153795,65585800
2025-11-25,276.45635986328125,279.8600396675645,274.7395483878858,274.75950033189645,46914200
2025-11-26,277.0353088378906,279.0116481613461,276.11703191175064,276.4464065684995,33431400
2025-11-28,278.3328857421875,278.4826014787427,275.4781737009374,276.7458380127342,20135600
2025-12-01,282.57501220703125,282.89442609469603,275.62792768573877,277.4944549964911,46587700
2025-12-02,285.6592712402344,286.86701880065203,282.10587559562896,282.47518456741903,53669500
2025-12-03,283.623046875,288.0847586222564,282.77461708045536,285.6692634925469,43538700
2025-12-04,280.179443359375,284.20196835267484,278.07334059490756,283.5731318378766,43989100
2025-12-05,278.26300048828125,280.6186397013617,277.53434330937836,280.01974631085085,47265800
2025-12-08,277.3746643066406,279.15136205700173,275.6378704438954,277.6142094762677,38211800
2025-12-09,276.6659851074219,279.5107061083118,276.4064879695729,277.6441787437343,32193300
2025-12-10,278.26300048828125,279.2312028389952,275.92734368017386,277.23491184461454,33038300
2025-12-11,277.514404296875,279.07150890817053,273.3022288840155,278.5824273392719,33248000
2025-12-12,277.763916015625,278.70217518025987,276.30663218031253,277.38461586894516,39532900
2025-12-15,273.6016540527344,279.63046152672615,272.33402020742307,279.63046152672615,50409100
2025-12-16,274.1007385253906,274.9891026980292,271.2859911871425,272.3140798989353,37648600
2025-12-17,271.33587646484375,275.6478724530811,271.13626563598973,274.50001118897205,50138700
2025-12-18,271.68524169921875,273.12257373871984,266.4549687260805,273.1025913325419,51630700
2025-12-19,273.1625061035156,274.09077415448866,269.399477884542,271.6453053723066,144632000
2025-12-22,270.4674987792969,273.37210596231955,270.00836035897595,272.3539780142796,36571800
2025-12-23,271.85491943359375,271.99467443806464,269.06012395403746,270.3377490962612,29642000
2025-12-24,273.3022155761719,274.9192064044749,271.69521595033444,271.8349404799371,17910600
2025-12-26,272.89300537109375,274.8593534534055,272.35399820928086,273.65160578690546,21521800
2025-12-29,273.2523498535156,273.8512128461511,271.8449608988494,272.1843267483383,23715200
2025-12-30,272.57354736328125,273.57169281796894,271.77504318392386,272.30405905646904,22139600
2025-12-31,271.3558349609375,273.17246717497864,271.24605357156486,272.553621806917,27293600
2026-01-02,270.5074462890625,277.32476727085935,268.5011639041959,271.7551282774649,37838100
2026-01-05,266.764404296875,271.00652312062255,265.64648609237463,270.1381413175191,45647200
2026-01-06,261.87347412109375,267.05385240251036,261.63392891626114,266.5048844877732,52352100
2026-01-07,259.84722900390625,263.1910228349833,259.3282042611396,262.7119324450406,48309800
2026-01-08,258.55963134765625,258.80916773471864,255.22581364132833,256.5433578451618,50419300
2026-01-09,258.8890075683594,259.7274461787287,255.74485516422806,258.5995368285105,39997000
2026-01-12,259.7673645019531,260.81540508500296,256.32375036738995,258.679389570116,45263800
2026-01-13,260.5658874511719,261.3244878277737,257.9108470550362,258.24022168851656,45730800
2026-01-14,259.4779052734375,261.33447181199796,256.23393227813756,259.0087756526009,40019400
2026-01-15,257.7311706542969,260.55593980217856,256.57331808587395,260.16664839115424,39388600
2026-01-16,255.05612182617188,258.41986733264514,254.4572284259222,257.4217218192236,72142800
2026-01-20,246.2425079345703,254.31750190322293,242.9685916985444,252.26132447540706,80267500
2026-01-21,247.1907501220703,251.09350304772093,244.72532928784554,248.23880604127606,54641700
2026-01-22,247.8894500732422,250.53452965267718,247.68980878155546,248.737864640942,39708300
2026-01-23,247.58001708984375,248.94748685874615,244.22624741136653,246.86136630134166,41689000
2026-01-26,254.93637084960938,256.08423219515316,249.33677343540953,251.01365072947274,55969200
2026-01-27,257.7910461425781,261.4642450011371,257.73115984508394,258.6894015269614,49648300
2026-01-28,255.96444702148438,258.3799421919039,254.03801819206552,257.1721946066941,41288000
2026-01-29,257.801025390625,259.16847988830324,253.93820707645818,257.52154586161765,67253000
2026-01-30,258.99884033203125,261.4143357105436,251.71235892004358,254.6968198516284,92443400
2026-02-02,269.50927734375,269.98836769074944,258.72928762151224,259.5477742456141,73913400
2026-02-03,268.98028564453125,271.3758289780004,267.11372779647115,268.70080609664296,64394700
2026-02-04,275.97723388671875,278.432693698261,271.7850411492978,271.7850411492978,90545700
2026-02-05,275.3983459472656,278.98168486317746,272.72332314901723,277.6142303156022,52977400
2026-02-06,277.6042175292969,280.3890519626743,276.4164219647768,276.6060720438839,50453400
2026-02-09,274.3672180175781,277.9439398399519,271.4499228389202,277.6541982366954,44623400
2026-02-10,273.4280700683594,275.11651686144285,272.68876099546605,274.6369782150198,34376900
2026-02-11,275.24639892578125,279.92208361183503,274.1973776592452,274.44714753122867,51931300
2026-02-12,261.4891052246094,275.46621856633783,259.94051360693726,275.3363333447182,81077200
2026-02-13,255.5445556640625,261.9886306947134,255.21485759663088,261.7688319830923,56290700
2026-02-17,263.6371154785156,266.0449008431299,255.30478047881587,257.8124646511843,58469100
2026-02-18,264.106689453125,266.57441720150126,262.20844437502524,263.35737977838915,34203300
2026-02-19,260.3401184082031,264.2365527856389,259.81060750150084,262.35827847824623,30845300
2026-02-20,264.3364562988281,264.5063132392292,257.9223826043077,258.73163460792017,42070500
2026-02-23,265.9349670410156,269.1819753311392,263.13755670993424,263.24744081710827,37308200
2026-02-24,271.8895263671875,274.6369951599546,267.46358073991865,267.61343657617186,47014600
2026-02-25,273.97760009765625,274.6869380517792,270.8005039088116,271.5298429675081,33714300
2026-02-26,272.6987609863281,275.8558253670768,270.55071567552415,274.6969199809464,32345100
2026-02-27,263.93682861328125,272.5588900215503,262.6480379442022,272.5588900215503,72366500
2026-03-02,264.476318359375,266.2846497598317,259.960490133898,262.16844722421786,41827900
2026-03-03,263.5072326660156,265.31556422164516,259.8905695547566,263.23749216234586,38568900
2026-03-04,262.2783508300781,265.9050144519466,261.179387723623,264.4063951364299,39803100
2026-03-05,260.0504150390625,261.3192350446657,257.01320478174756,260.54995479568396,49658600
2026-03-06,257.2229919433594,258.53178361058343,254.13584003818684,258.39192833924307,41120000
2026-03-09,259.6407775878906,260.9095975388004,253.44647267699952,255.45463216869055,38218500
2026-03-10,260.58990478515625,262.2384104290217,256.71350175461305,257.4128391437035,30590800
2026-03-11,260.5699157714844,261.888707997661,259.3110658747261,260.8496568052655,26218900
2026-03-12,255.52456665039062,258.71164792954545,253.94601921584928,258.4219063383753,40794000
2026-03-13,249.8897705078125,256.0940459350445,249.29033192864068,255.24483747003174,36930000
2026-03-16,252.58729553222656,253.6563027081548,249.6499992581203,251.87794235419486,32074200
2026-03-17,253.99598693847656,254.89516767044782,251.94787083452104,252.72716690012706,32361600
2026-03-18,249.70994567871094,254.70534343896443,248.7708084606242,252.3974721128864,35757900
2026-03-19,248.73085021972656,251.5982036354298,247.0723745163624,249.17043241392184,34864100
2026-03-20,247.76173400878906,248.97061168291066,245.77356028907465,247.7517334570195,88331100
2026-03-23,251.25851440429688,254.3656523266213,250.0496214753341,253.73622734962268,40546100
2026-03-24,251.4083709716797,254.5954370944537,249.32029842391177,250.1195650925759,45152300
2026-03-25,252.38746643066406,254.76528059453105,251.3684162845015,253.86611511385965,28476700
2026-03-26,252.6572265625,256.76344411909713,250.53918279672283,251.88793104116345,41796700
2026-03-27,248.57098388671875,255.2548282141602,247.8416601166152,253.666280215245,47900000
2026-03-30,246.40298461914062,250.63907198816298,245.28400520065438,249.83982057534305,39446200
2026-03-31,253.55638122558594,255.24482803058763,246.87255213324852,247.6818040942864,49598100
2026-04-01,255.3946990966797,255.94418062939917,253.096813183035,253.8461228128272,40059400
2026-04-02,255.68443298339844,255.89424639361263,250.4192795609811,253.96601496217014,31289400
2026-04-06,258.6217041015625,261.9186847371787,256.2239194053331,256.27389167390277,29329900
2026-04-07,253.26666259765625,255.96418954301222,245.47383916108728,255.92421782448065,62148000
2026-04-08,258.66168212890625,259.51090582044134,256.29386854025813,258.2121146377317,41032800
2026-04-09,260.2502136230469,260.879638597066,255.8342992320816,258.7615948993736,28121600
2026-04-10,260.240234375,261.94865175168746,258.78155637925676,259.7406946341393,31291500
2026-04-13,258.96142578125,259.9405042051452,256.4237552437805,259.49093671136296,36234700
2026-04-14,258.59173583984375,261.68888841493145,256.9532612999924,259.01136264890187,48370700
2026-04-15,266.18475341796875,266.3146386359468,257.57269269729437,257.92237663273806,49913500
