date,Close,High,Low,Open,Volume,news_count,avg_sentiment,max_sentiment,min_sentiment,high_impact_count,medium_impact_count,negative_count,daily_return,price_range,Target
2016-01-05,23.114971160888672,23.82163064861039,23.047456940285645,23.79912590840938,223164000,2.0,0.0,0.0,0.0,0.0,0.0,0.0,-2.5059213711419392,0.7741737083247457,22.662607192993164
2016-01-06,22.662607192993164,23.038443206545868,22.475816397216335,22.63110022903077,273829600,1.0,0.0,0.0,0.0,0.0,0.0,0.0,-1.9570172281284215,0.562626809329533,21.706148147583008
2016-01-07,21.706148147583008,22.534335128762088,21.70164788723477,22.208012167974665,324377600,11.0,0.054,0.3612,-0.128,0.0,3.0,1.0,-4.220428114316322,0.8326872415273172,21.8209228515625
2016-01-08,21.8209228515625,22.304782359296947,21.77591338354117,22.178754475236307,283192000,4.0,0.0549,0.7717,-0.296,1.0,3.0,3.0,0.5287658740699808,0.5288689757557776,22.174257278442383
2016-01-11,22.174257278442383,22.29353393971297,21.9064462500791,22.27328018983752,198957600,5.0,0.8663000000000001,0.6369,0.0,1.0,1.0,0.0,1.6192460295261224,0.3870876896338693,22.496074676513672
2016-01-12,22.496074676513672,22.66036249346139,22.2440171969641,22.628855523142832,196616800,5.0,0.0356,0.1779,0.0,0.0,1.0,0.0,1.4513108332343538,0.4163452964972869,21.91769790649414
2016-01-13,21.91769790649414,22.772891657948627,21.8974441580709,22.577096838183675,249758400,5.0,0.0848,0.5859,-0.34,1.0,2.0,1.0,-2.571011958025582,0.8754474998777262,22.397048950195312
2016-01-14,22.397048950195312,22.61309917214332,21.54635742540325,22.045970344281358,252680400,2.0,0.2294,0.4588,0.0,0.0,1.0,0.0,2.187050144345415,1.0667417467400675,21.85918235778809
2016-01-15,21.85918235778809,21.989712226534987,21.460843219648147,21.64988505686676,319335600,8.0,-0.0502,0.0,-0.2732,0.0,2.0,2.0,-2.401506527057584,0.5288690068868398,21.75341033935547
2016-01-19,21.75341033935547,22.20126093386138,21.492350596949187,22.14724922463988,212350800,13.0,0.2396,0.5859,-0.296,2.0,4.0,2.0,-0.483879116342778,0.7089103369121936,21.78266716003418
2016-01-20,21.78266716003418,22.097738623752576,21.02424534514792,21.402330758209725,289337600,5.0,0.0027,0.4404,-0.5719,1.0,3.0,2.0,0.1344930299309377,1.073493278604655,21.672393798828125
2016-01-21,21.672393798828125,22.02797277549586,21.366324558328262,21.843431179047545,208646000,4.0,0.1726,0.4404,0.0,0.0,2.0,0.0,-0.5062436128500325,0.661648217167599,22.82465362548828
2016-01-22,22.82465362548828,22.83365586427844,22.13824965850337,22.196761635137157,263202000,5.0,0.0881,0.4404,0.0,0.0,1.0,0.0,5.316716913488628,0.6954062057750718,22.379051208496094
2016-01-25,22.379051208496094,22.849406537567848,22.32728877108087,22.847155548897288,207178000,8.0,0.2802,0.4588,0.0,0.0,2.0,0.0,-1.952285560621092,0.5221177664869785,22.50282859802246
2016-01-26,22.50282859802246,22.70312366898436,22.07073148203734,22.48932609971084,300308000,7.0,-0.0021,0.2584,-0.2732,0.0,2.0,1.0,0.5530948938504476,0.6323921869470226,21.02424430847168
2016-01-27,21.02424430847168,21.74665713553977,21.006239833260956,21.6138779941135,533478800,1.0,0.4404,0.4404,0.4404,0.0,1.0,0.0,-6.570659697780035,0.7404173022788143,21.175033569335938
2016-01-28,21.175033569335938,21.27180550313668,20.79244781263631,21.10751934480162,222715200,3.0,-0.0503,0.4404,-0.3182,0.0,3.0,2.0,0.7172160799306271,0.47935769050036825,21.906442642211918
2016-01-29,21.906442642211918,21.906442642211918,21.233541274149022,21.33256416923565,257666000,8.0,0.2045,0.6808,-0.2732,1.0,6.0,1.0,3.4541105707390773,0.6729013680628952,21.701648712158203
2016-02-01,21.701648712158203,21.76466266143647,21.46984666288399,21.710650950198147,163774000,12.0,0.2012,0.7456,-0.5719,2.0,5.0,3.0,-0.9348570801682499,0.29481599855247964,21.26280212402344
2016-02-02,21.26280212402344,21.61388085204832,21.217790930044934,21.474348726217197,149428800,6.0,-0.0192,0.7003,-0.5423,2.0,1.0,2.0,-2.0221808672485797,0.39608992200338733,21.683643341064453
2016-02-03,21.683643341064453,21.79391774774974,21.17277880164377,21.379825117012427,183857200,2.0,-0.3404,0.0,-0.6808,1.0,0.0,1.0,1.9792368596871501,0.6211389461059724,21.85786819458008
2016-02-04,21.85786819458008,22.02304746382955,21.53882566947881,21.6904274489689,185886800,1.0,0.1779,0.1779,0.1779,0.0,1.0,0.0,0.803485146731231,0.48422179435073787,21.27409172058105
2016-02-05,21.27409172058105,21.93028083623896,21.19942327595188,21.83977169505885,185672400,5.0,0.0575,0.4404,-0.1531,0.0,2.0,1.0,-2.6707841258910348,0.730857560287081,21.49809837341309
2016-02-08,21.49809837341309,21.654224844439824,21.052342357349705,21.07270600414181,216085600,8.0,-0.3528,0.3818,-0.4767,0.0,4.0,2.0,1.0529551896936162,0.6018824870901192,21.493576049804688
2016-02-09,21.493576049804688,21.70853547812662,21.253728290560428,21.33518634583552,177324800,5.0,0.0714,0.4588,-0.5423,1.0,2.0,1.0,-0.021035923874990203,0.45480718756619254,21.33066177368164
2016-02-10,21.33066177368164,21.801307972120107,21.29219594602656,21.7040109380806,169374400,1.0,-0.1027,-0.1027,-0.1027,0.0,1.0,1.0,-0.7579672909968194,0.5091120260935469,21.201684951782227
2016-02-11,21.201684951782227,21.432483350272403,20.950522902652605,21.22205032873997,200298800,14.0,0.0316,0.4404,-0.7269,2.0,7.0,3.0,-0.6046545731579145,0.48196044761979806,21.26730155944824
2016-02-12,21.26730155944824,21.382700745252,21.04555599993932,21.312556988350742,161405600,7.0,-0.0051,0.6759,-0.5423,2.0,3.0,3.0,0.30948770258232283,0.3371447453126777,21.866928100585938
2016-02-16,21.866928100585938,21.91444501811858,21.407596171451875,21.500366802924592,196231600,16.0,-0.5182,0.4767,-0.7003,3.0,7.0,5.0,2.81947636592057,0.5068488466667063,22.20180892944336
2016-02-17,22.20180892944336,22.222172580506005,21.75605281989877,21.87371349855906,179452800,5.0,-0.1807,0.0,-0.5423,1.0,1.0,2.0,1.5314488954141225,0.4661197606072349,21.78094291687012
2016-02-18,21.78094291687012,22.37603764756784,21.742475365374155,22.36472335718932,156084000,1.0,-0.5423,-0.5423,-0.5423,1.0,0.0,1.0,-1.895638386542009,0.6335622821936866,21.73116111755371
2016-02-19,21.73116111755371,21.894077218998746,21.676856325844767,21.722110031215852,141496800,2.0,0.0,0.0,0.0,0.0,0.0,0.0,-0.22855667684548164,0.21722089315397852,21.92122840881348
2016-02-22,21.92122840881348,21.925754815070707,21.70400751905716,21.79225345157322,137123200,9.0,-0.2374,0.128,-0.4215,0.0,5.0,3.0,0.8746301692376557,0.2217472960135467,21.42570304870605
2016-02-23,21.42570304870605,21.83525494657732,21.394025096733632,21.812628084642576,127770400,3.0,0.0,0.0,0.0,0.0,0.0,0.0,-2.260481716016438,0.44122984984368685,21.74473571777344
2016-02-24,21.74473571777344,21.808091592422585,21.115699924731025,21.265040251819546,145022800,5.0,-0.2569,0.0,-0.7578,2.0,0.0,2.0,1.48901843893825,0.6923916676915596,21.89408493041992
2016-02-25,21.89408493041992,21.89408493041992,21.552413637676462,21.733431975554552,110330800,2.0,0.0,0.0,0.0,0.0,0.0,0.0,0.6868292840386481,0.341671292743456,21.92801856994629
2016-02-26,21.92801856994629,22.179178881360585,21.853348401686738,21.9936359254636,115964400,2.0,0.1591,0.3182,0.0,0.0,1.0,0.0,0.1549899876346128,0.32583047967384715,21.878246307373047
2016-02-29,21.878246307373047,22.226705491288204,21.86919521770162,21.91671214373748,140865200,8.0,-0.4767,0.0,-0.4767,0.0,1.0,1.0,-0.2269802098829765,0.35751027358658405,22.747129440307617
2016-03-01,22.747129440307617,22.801434250203695,22.04342321030544,22.09546654259832,201628400,4.0,-0.0439,0.3818,-0.5574,1.0,1.0,1.0,3.9714478058588965,0.7580110398982534,22.79690361022949
2016-03-02,22.79690361022949,22.82858155158241,22.54574155641827,22.74259881452711,132678400,4.0,0.2497,0.6808,0.0,1.0,1.0,0.0,0.2188151698546692,0.2828399951641387,22.96660423278809
2016-03-03,22.96660423278809,23.014121137835684,22.72901798123201,22.758434441250586,147822800,8.0,-0.0791,0.4019,-0.4215,0.0,6.0,4.0,0.7444020708253118,0.28510315660367525,23.308277130126957
2016-03-04,23.308277130126957,23.47571791186417,22.93719122124005,23.16346320111344,184220400,7.0,-0.0668,0.34,-0.5574,1.0,2.0,2.0,1.4876944535451964,0.5385266906241206,23.05032539367676
2016-03-07,23.05032539367676,23.26754627006933,22.844417079594944,23.16798605435346,143315600,7.0,-0.3124,0.296,-0.6249,1.0,2.0,2.0,-1.1066958531944948,0.4231291904743877,22.860265731811523
2016-03-08,22.860265731811523,23.02544509364713,22.71771495681936,22.80369771734052,126247600,2.0,0.1591,0.3182,0.0,0.0,1.0,0.0,-0.8245422076227027,0.30773013682776806,22.88062858581543
2016-03-09,22.88062858581543,22.98471351377979,22.68829597681662,22.923619098165062,108806800,3.0,0.0841,0.5106,-0.2584,1.0,1.0,1.0,0.08907531628370435,0.2964175369631725,22.89193725585937
2016-03-10,22.89193725585937,23.134048220780038,22.661140581184423,22.9462437774568,134054400,6.0,0.0615,0.5574,-0.4215,1.0,3.0,2.0,0.049424647585749604,0.4729076395956149,23.13857078552246
2016-03-11,23.13857078552246,23.143095465078485,22.966603614987008,23.134044379648405,109632800,9.0,0.0086,0.4404,-0.4404,0.0,3.0,1.0,1.0773816427439353,0.17649185009147672,23.197404861450195
2016-03-14,23.197404861450195,23.285652530351765,23.029964063512647,23.05938052858596,100304400,10.0,-0.5514,0.25,-0.5423,1.0,3.0,2.0,0.2542684095447445,0.2556884668391177,23.663530349731445
2016-03-15,23.663530349731445,23.799293228423046,23.49835100100557,23.52324106350288,160270800,5.0,0.0705,0.25,0.0,0.0,2.0,0.0,2.0093863562120395,0.300942227417476,23.978042602539062
2016-03-16,23.978042602539062,24.054974249049756,23.66578615740725,23.670312563859795,153214000,4.0,0.175,0.3818,0.0,0.0,2.0,0.0,1.3291011449235723,0.3891880916425059,23.9395751953125
2016-03-17,23.9395751953125,24.09117700139507,23.74950584220155,23.87621759339676,137682800,1.0,-0.0258,-0.0258,-0.0258,0.0,1.0,1.0,-0.16042763733553622,0.3416711591935204,23.966732025146484
2016-03-18,23.966732025146484,24.097970211506816,23.80155441672617,24.061765859551475,176820800,3.0,0.0,0.0,0.0,0.0,0.0,0.0,0.11343906319316588,0.2964157947806463,23.96446990966797
2016-03-21,23.96446990966797,24.35818273194511,23.790239491580397,23.968994590382625,142010800,5.0,0.0875,0.296,-0.2732,0.0,4.0,2.0,-0.009438564574182351,0.5679432403647127,24.147750854492188
2016-03-22,24.147750854492188,24.276725840064824,23.80607961237857,23.815130700563135,129777600,2.0,0.247,0.4939,0.0,0.0,1.0,0.0,0.7648028331737722,0.4706462276862524,24.01424598693848
2016-03-23,24.01424598693848,24.22694221270348,23.96220439530553,24.093442565514504,102814000,2.0,-0.247,0.0,-0.4939,0.0,1.0,1.0,-0.5528666763135459,0.26473781739795044,23.9101619720459
2016-03-24,23.9101619720459,24.041400147165657,23.733670087176467,23.86490826229623,104532000,3.0,0.0,0.0,0.0,0.0,0.0,0.0,-0.4334261210999224,0.3077300599891899,23.801551818847656
2016-03-28,23.801551818847656,24.02782381491597,23.772135354515047,23.984831583241125,77645600,8.0,0.7342000000000001,0.5994,0.0,1.0,2.0,0.0,-0.45424264931881453,0.25568846040092197,24.364965438842773
2016-03-29,24.364965438842773,24.38985549328066,23.73140324167166,23.733666444707318,124760400,4.0,-0.0683,0.0,-0.2732,0.0,1.0,1.0,2.367129774912269,0.658452251608999,24.790361404418945
2016-03-30,24.790361404418945,24.98495547537294,24.57314047723464,24.584454768509037,182404400,4.0,-0.105,0.0,-0.4201,0.0,1.0,1.0,1.7459329734898832,0.41181499813829703,24.661380767822266
2016-03-31,24.661380767822266,24.867289082816846,24.63649071378296,24.82656006041781,103553600,4.0,0.0796,0.3182,0.0,0.0,1.0,0.0,-0.5202854225985099,0.23079836903388795,24.887657165527344
2016-04-01,24.887657165527344,24.88992036893003,24.48263007236564,24.61386824862732,103496000,6.0,0.125,0.5719,0.0,1.0,1.0,0.0,0.9175333686113785,0.40729029656439053,25.143346786499023
2016-04-04,25.143346786499023,25.38545777213109,24.951014193778747,24.98495534110106,149424800,10.0,0.4596,0.6597,0.0,2.0,2.0,0.0,1.0273752136293668,0.4344435783523437,24.846925735473636
2016-04-05,24.846925735473636,25.05509727045029,24.75867980079629,24.779045176816258,106314800,3.0,-0.0017,0.2682,-0.2732,0.0,2.0,1.0,-1.1789244031130908,0.2964174696539992,25.10714340209961
2016-04-06,25.10714340209961,25.111669809286663,24.70890415924688,24.941965792461293,105616400,2.0,0.0,0.0,0.0,0.0,0.0,0.0,1.0472831504239721,0.4027656500397825,24.559558868408203
2016-04-07,24.559558868408203,24.98494953386156,24.46452505904917,24.878601435918707,127207600,3.0,-0.2018,0.3818,-0.5106,1.0,2.0,2.0,-2.1809909830108887,0.5204244748123905,24.58671760559082
2016-04-08,24.58671760559082,24.837877950218115,24.475843076973312,24.64328560848277,94326800,5.0,-0.0197,0.2263,-0.2732,0.0,3.0,2.0,0.11058316368033339,0.3620348732448022,24.66817283630371
2016-04-11,24.66817283630371,25.027946216262748,24.62518232992853,24.65686027202324,117630000,14.0,0.3334,0.4404,-0.296,0.0,6.0,1.0,0.3312977031727504,0.4027638863342169,24.989477157592773
2016-04-12,24.989477157592773,25.00305292350047,24.586713323361767,24.74057660716404,108929200,5.0,0.0756,0.5574,-0.3818,1.0,2.0,1.0,1.302505554104938,0.4163396001387021,25.35150909423828
2016-04-13,25.35150909423828,25.419389642400777,25.070932363933803,25.070932363933803,133029200,2.0,-0.148,0.0,-0.296,0.0,1.0,1.0,1.4487375400549674,0.3484572784669737,25.365089416503903
2016-04-14,25.365089416503903,25.430708499941424,25.19086074596297,25.256479829400487,101895600,3.0,-0.2861,0.2944,-0.5809,2.0,1.0,2.0,0.05356810206107454,0.2398477539784558,24.855976104736328
2016-04-15,24.855976104736328,25.41034347919359,24.82882457258405,25.367351251528262,187756000,4.0,0.3155,0.4588,0.0,0.0,3.0,0.0,-2.007141797956047,0.5815189066095385,24.319719314575195
2016-04-18,24.319719314575195,24.65233775910693,24.197532207345343,24.63876198929872,243286000,6.0,-0.08960000000000001,0.4404,-0.5423,1.0,2.0,2.0,-2.15745617030485,0.4548055517615879,24.19073867797852
2016-04-19,24.19073867797852,24.437374312312617,24.036873659551965,24.41022105271326,129539600,5.0,-0.3221,0.0,-0.6369,2.0,1.0,3.0,-0.5303541333200212,0.40050065276065183,24.24051856994629
2016-04-20,24.24051856994629,24.45773948127744,23.998407600682768,24.129645774086487,122444000,9.0,-0.063,0.34,-0.3612,0.0,4.0,3.0,0.2057807850782467,0.45933188059467156,23.978042602539062
2016-04-21,23.978042602539062,24.195263501668265,23.876219173175897,24.195263501668265,126210000,5.0,-0.1085,0.0,-0.5423,1.0,0.0,1.0,-1.0827984832496473,0.3190443284923674,23.91242027282715
2016-04-22,23.91242027282715,24.09343852734962,23.672572552955188,23.76081847729744,134732400,4.0,-0.0196,0.5267,-0.3089,1.0,2.0,2.0,-0.27367675835626715,0.42086597439443096,23.776657104492188
2016-04-25,23.776657104492188,23.90563204793852,23.647682161045857,23.75855493403565,112126400,8.0,0.0064,0.0258,0.0,0.0,1.0,0.0,-0.5677516821215978,0.2579498868926642,23.611480712890625
2016-04-26,23.611480712890625,23.826440129182235,23.511922215818263,23.511922215818263,224064800,4.0,-0.0224,0.4404,-0.4019,0.0,3.0,2.0,-0.6946998094629397,0.3145179133639715,22.133930206298828
2016-04-27,22.133930206298828,22.33531217762968,21.6497081936248,21.72211517515591,458408400,9.0,0.0212,0.6808,-0.5423,3.0,3.0,2.0,-6.25776301180947,0.6856039840048815,21.457372665405277
2016-04-28,21.457372665405277,22.1475011810835,21.32613450031771,22.086408504959696,328970800,2.0,0.0,0.0,0.0,0.0,0.0,0.0,-3.0566534482927787,0.821366680765788,21.210739135742188
2016-04-29,21.210739135742188,21.43248647977647,20.93242551178816,21.267307141980485,274126000,6.0,0.0075,0.3182,-0.2732,0.0,2.0,1.0,-1.1494115962329632,0.5000609679883077,21.1881103515625
2016-05-02,21.1881103515625,21.287670585909357,20.907533549506745,21.26278052732264,192640400,9.0,0.8933,0.6597,0.0,4.0,3.0,0.0,-0.10668550508716734,0.380137036402612,21.536563873291016
2016-05-03,21.536563873291016,21.66327561053489,21.197155954543828,21.31481660679629,227325200,9.0,-0.0445,0.6369,-0.6908,4.0,3.0,4.0,1.644571016229479,0.4661196559910614,21.312559127807617
2016-05-04,21.312559127807617,21.69948402059538,21.22883787067222,21.54109259301368,164102000,3.0,-0.0613,0.4019,-0.5859,1.0,1.0,1.0,-1.0401136727349658,0.4706461499231622,21.22604751586914
2016-05-05,21.22604751586914,21.41499709446057,21.098564299869405,21.39906169246061,143562000,2.0,0.1012,0.2023,0.0,0.0,1.0,0.0,-0.40591846065825,0.31643279459116513,21.10767364501953
2016-05-06,21.10767364501953,21.27385689972502,20.909617844724483,21.2556462495966,174799600,3.0,0.0593,0.1779,0.0,0.0,1.0,0.0,-0.5576821156228484,0.3642390550005352,21.123611450195312
2016-05-09,21.123611450195312,21.346707136876383,21.07808047762743,21.171417668769827,131745600,11.0,0.36489999999999995,0.5574,-0.7906,3.0,2.0,1.0,0.07550716125241941,0.2686266592489517,21.26702690124512
2016-05-10,21.26702690124512,21.30117469131813,20.96880645738688,21.24653926929856,134747200,4.0,-0.2208,0.0,-0.6249,1.0,1.0,2.0,0.6789343355796396,0.3323682339312519,21.059873580932617
2016-05-11,21.059873580932617,21.301181699672124,21.048490401553487,21.28069406098488,114876400,2.0,-0.1639,0.3818,-0.7096,1.0,1.0,1.0,-0.9740586743715252,0.2526912981186378,20.565866470336918
2016-05-12,20.565866470336918,21.12133211602468,20.36781240640932,21.10767369418935,305258800,8.0,0.0814,0.4404,-0.5423,1.0,4.0,2.0,-2.345726856798269,0.7535197096153574,20.606840133666992
2016-05-13,20.606840133666992,20.86863750967336,20.48846311100795,20.48846311100795,177571200,11.0,-0.1416,0.3818,-0.7003,1.0,6.0,6.0,0.19923139824511438,0.38017439866541025,21.371749877929688
2016-05-16,21.371749877929688,21.487851693136445,20.864092098720693,21.032552364137977,245039200,11.0,-0.6154999999999999,0.6124,-0.5423,3.0,3.0,4.0,3.7119215721628462,0.6237595944157519,21.2829647064209
2016-05-17,21.2829647064209,21.5584205669201,21.173693850052576,21.52427450982309,187667600,8.0,-0.053,0.128,-0.296,0.0,4.0,3.0,-0.41543239096427653,0.38472671686752236,21.526546478271484
2016-05-18,21.526546478271484,21.674519071535453,21.374021657030653,21.43548802410475,168249600,8.0,-0.1273,0.0,-0.7003,1.0,1.0,2.0,1.1444917341666194,0.3004974145048003,21.44459342956543
2016-05-19,21.44459342956543,21.544759817778345,21.30117479475683,21.544759817778345,121768400,4.0,-0.3216,0.0,-0.7003,2.0,0.0,2.0,-0.3807069043275324,0.24358502302151663,21.676794052124023
2016-05-20,21.676794052124023,21.724600257195345,21.5174382983911,21.544756874215505,128104000,5.0,-0.3073,0.0,-0.7184,2.0,1.0,3.0,1.0827933078855212,0.20716195880424593,21.95225524902344
2016-05-23,21.95225524902344,22.12526946484356,21.779241033203316,21.824772004118586,152074400,9.0,-0.7273,0.4404,-0.6962,2.0,4.0,5.0,1.2707653919534545,0.3460284316402422,22.28689956665039
2016-05-24,22.28689956665039,22.330151816165124,22.045589773017973,22.132097745705188,140560800,6.0,0.101,0.4588,-0.1027,0.0,3.0,1.0,1.5244188527820501,0.28456204314715094,22.67845916748047
2016-05-25,22.67845916748047,22.705776014402836,22.33470770346552,22.462190953980613,152675200,5.0,-0.0824,0.4404,-0.7003,1.0,3.0,2.0,1.7569047666728732,0.37106831093731785,22.858301162719727
2016-05-26,22.858301162719727,22.93114897797213,22.45536032770728,22.692116161484822,225324800,6.0,-0.0628,0.3612,-0.5849,1.0,2.0,2.0,0.7930079989611372,0.4757886502648496,22.844640731811523
2016-05-27,22.844640731811523,22.87195931351737,22.59422647840904,22.63748046523608,145364800,5.0,-0.102,0.1695,-0.3612,0.0,3.0,2.0,-0.05976135676469818,0.2777328351083277,22.73309135437012
2016-05-31,22.73309135437012,22.85602235846681,22.49633553946117,22.67390196643569,169228800,16.0,0.1081,0.5106,-0.3182,1.0,11.0,4.0,-0.48829560837027053,0.35968681900563837,22.41438865661621
2016-06-01,22.41438865661621,22.660250742907195,22.38479482166296,22.541871929435537,116693200,8.0,0.0595,0.7783,-0.7783,2.0,4.0,2.0,-1.4019329478154874,0.2754559212442338,22.24591636657715
2016-06-02,22.24591636657715,22.27323320353995,21.997777430918543,22.218597792785957,160766400,8.0,0.0595,0.7783,-0.7783,2.0,4.0,2.0,-0.751625630393149,0.27545577262140597,22.291452407836918
2016-06-03,22.291452407836918,22.371129434742336,22.184456798780094,22.261858579794595,114019600,4.0,0.085,0.34,-0.3182,0.0,3.0,1.0,0.2046939335265341,0.1866726359622426,22.45309066772461
2016-06-06,22.45309066772461,23.195229221715312,22.20723029658228,22.307394989703425,93170000,13.0,0.2693,0.6705,-0.4019,3.0,3.0,1.0,0.7251131820861678,0.9879989251330308,22.544151306152344
2016-06-07,22.544151306152344,22.7353779725128,22.5282158953581,22.594234522028405,89638000,10.0,0.0335,0.5106,-0.2268,1.0,2.0,1.0,0.4055594829919462,0.20716207715469892,22.523656845092773
2016-06-08,22.523656845092773,22.6647985160103,22.464467449995333,22.541867497036687,83392400,10.0,0.0335,0.5106,-0.2268,1.0,2.0,1.0,-0.09090810641417812,0.20033106601496797,22.685287475585938
2016-06-09,22.685287475585938,22.762687521221583,22.41438384220326,22.42349003642433,106405600,2.0,-0.3182,0.0,-0.6365,1.0,0.0,1.0,0.7176038580448241,0.34830367901832204,22.498611450195312
2016-06-10,22.498611450195312,22.616988483596124,22.418934433788163,22.43031587222993,126851600,3.0,0.0,0.0,0.0,0.0,0.0,0.0,-0.8228946871029374,0.19805404980796126,22.15941619873047
2016-06-13,22.15941619873047,22.564634036521227,22.10478076879256,22.46674461710009,152082000,6.0,-0.4739,0.34,-0.7479,1.0,3.0,2.0,-1.5076274916597132,0.4598532677286684,22.186738967895508
2016-06-14,22.186738967895508,22.41894262839025,22.025107893581765,22.154868149683185,127727600,3.0,0.0604,0.5423,-0.3612,1.0,1.0,1.0,0.1233009431295562,0.3938347348084861,22.1138858795166
2016-06-15,22.1138858795166,22.403001894795192,22.0888442801829,22.2686877041118,117780800,2.0,0.0203,0.4019,-0.3612,0.0,2.0,1.0,-0.3283632104940093,0.3141576146122915,22.207223892211918
2016-06-16,22.207223892211918,22.252753127152243,21.87030164843493,21.95680788955315,125307200,5.0,-0.0538,0.2732,-0.5423,1.0,1.0,1.0,0.42207874818496194,0.38245147871731433,21.70183563232422
2016-06-17,21.70183563232422,22.002333018892624,21.695006422579475,21.99550380914788,244032800,6.0,0.0919,0.3612,-0.128,0.0,3.0,1.0,-2.275783152098265,0.30732659631314974,21.649477005004883
2016-06-20,21.649477005004883,21.9841222009625,21.63354160218921,21.85436199608389,137647600,7.0,-0.5078,0.296,-0.743,1.0,3.0,3.0,-0.24126358805035553,0.35058059877328773,21.83387565612793
2016-06-21,21.83387565612793,21.9340403068212,21.55386586229536,21.613055249179165,142185600,1.0,0.5319,0.5319,0.5319,1.0,0.0,0.0,0.8517464467174829,0.3801744445258386,21.751916885375977
2016-06-22,21.751916885375977,22.05696647237302,21.706385929745423,21.91127088801199,116876400,6.0,0.0,0.0,0.0,0.0,0.0,0.0,-0.37537435883010506,0.35058054262759697,21.87712860107422
2016-06-23,21.87712860107422,21.92038258558164,21.68362676731434,21.840705564248605,128960800,6.0,0.0377,0.2263,0.0,0.0,1.0,0.0,0.5756353169150907,0.23675581826729797,21.26247787475586
2016-06-24,21.26247787475586,21.549316923000653,21.09174063551022,21.1509300314275,301245600,3.0,0.0,0.0,0.0,0.0,0.0,0.0,-2.8095585006899793,0.4575762874904328,20.952869415283203
2016-06-27,20.952869415283203,21.18279599784611,20.829938422729622,21.171412823102244,181958400,11.0,-0.15609999999999996,0.2263,-0.4939,0.0,6.0,4.0,-1.4561259571738039,0.35285757511648796,21.305727005004883
2016-06-28,21.305727005004883,21.32166414568785,20.97563575224104,21.148649948964444,161779600,8.0,0.0439,0.5267,-0.296,1.0,2.0,1.0,1.6840537815040468,0.3460283934468116,21.490129470825195
2016-06-29,21.490129470825195,21.524277269128728,21.314838250054,21.392240041997287,146124000,10.0,-0.0796,0.1779,-0.3612,0.0,4.0,3.0,0.8655065643946136,0.20943901907472906,21.7633056640625
2016-06-30,21.7633056640625,21.802005686783623,21.467362168347563,21.499232979627187,143345600,7.0,0.239,0.7506,-0.2023,2.0,2.0,1.0,1.27117053253758,0.3346435184360601,21.829328536987305
2016-07-01,21.829328536987305,21.96136577343257,21.701845266945973,21.738268314030943,104106000,12.0,0.1364,0.6841,-0.3612,1.0,4.0,1.0,0.3033678520346639,0.2595205064865951,21.62444305419922
2016-07-05,21.62444305419922,21.717780258564805,21.503788999251903,21.715503275406576,110820800,18.0,0.3526,0.7351,-0.6705,4.0,5.0,3.0,-0.9385789509784082,0.21399125931290186,21.747371673583984
2016-07-06,21.747371673583984,21.77696724086161,21.483298971964736,21.53565742097596,123796400,6.0,-0.0066,0.3818,-0.4215,0.0,2.0,1.0,0.5684706842005616,0.29366826889687303,21.84070587158203
2016-07-07,21.84070587158203,21.96818910750877,21.76785806007692,21.786068710331573,100558400,2.0,0.064,0.128,0.0,0.0,1.0,0.0,0.4291746119896356,0.20033104743184893,22.00917625427246
2016-07-08,22.00917625427246,22.056982489779344,21.86575754775182,21.96592224922021,115648400,4.0,0.0361,0.4404,-0.296,0.0,2.0,1.0,0.7713596056876382,0.1912249420275245,22.07746124267578
2016-07-11,22.07746124267578,22.229986073522745,22.020548836822844,22.02510106508641,95179600,11.0,0.6447999999999999,0.6369,-0.128,1.0,8.0,4.0,0.31025690200496836,0.20943723669990177,22.177623748779297
2016-07-12,22.177623748779297,22.241365359270755,22.109329910465,22.120711348436405,96670000,6.0,0.0851,0.5622,-0.0516,1.0,1.0,1.0,0.45368670338734596,0.13203544880575535,22.052413940429688
2016-07-13,22.052413940429688,22.234532549949662,22.04558299455824,22.17534491369055,103568800,5.0,0.068,0.34,0.0,0.0,1.0,0.0,-0.5645772052404907,0.1889495553914209,22.48950958251953
2016-07-14,22.48950958251953,22.53503881870016,22.15486431242193,22.17079971876806,155676000,2.0,0.2396,0.4019,0.0772,0.0,2.0,0.0,1.9820761721168978,0.3801745062782267,22.48723602294922
2016-07-15,22.48723602294922,22.6056148339664,22.423494387861187,22.51910684049324,120548000,5.0,-0.0738,0.4215,-0.7906,1.0,1.0,1.0,-0.01010942262644754,0.1821204461052126,22.72627067565918
2016-07-18,22.72627067565918,22.7945645456886,22.44626077173321,22.469025395076358,145975600,6.0,-0.4027,0.0,-0.5095,1.0,1.0,2.0,1.0629792494996515,0.34830377395539003,22.73536491394043
2016-07-19,22.73536491394043,22.764958735037716,22.61470917370877,22.66479236081842,95119600,12.0,0.0143,0.4588,-0.5423,1.0,3.0,1.0,0.040016412771981535,0.15024956132894474,22.755861282348636
2016-07-20,22.755861282348636,22.869686119737427,22.705778076004894,22.76496747775924,105104000,6.0,0.0227,0.3612,-0.2732,0.0,4.0,2.0,0.09015192184418375,0.16390804373253332,22.63520622253418
2016-07-21,22.63520622253418,22.992616126512747,22.566910628416856,22.726266435747576,130808000,12.0,0.0485,0.4019,-0.34,0.0,4.0,1.0,-0.53021530724503,0.42570549809589053,22.45991516113281
2016-07-22,22.45991516113281,22.6056107972683,22.38023639467176,22.59650460290621,113254800,4.0,0.0703,0.4404,-0.2732,0.0,3.0,1.0,-0.7744177794451135,0.22537440259654318,22.15941619873047
2016-07-25,22.15941619873047,22.50089067529316,22.06380376213188,22.366578214856425,161531600,7.0,0.8803000000000001,0.4767,-0.5267,1.0,5.0,2.0,-1.3379345391400177,0.4370869131612807,22.00688934326172
2016-07-26,22.00688934326172,22.302834557369803,21.949976935689307,22.04103713517093,224959200,6.0,-0.1401,0.4019,-0.7003,2.0,1.0,2.0,-0.6883162178139335,0.3528576216804957,23.43653106689453
2016-07-27,23.43653106689453,23.755240928260108,23.391001831054744,23.737028539192583,369379200,6.0,0.0776,0.4019,-0.3182,0.0,3.0,1.0,6.496337130311214,0.3642390972053633,23.75296211242676
2016-07-28,23.75296211242676,23.77800371125491,23.406935430991453,23.40921241365644,159479200,8.0,0.2138,0.876,-0.4939,2.0,4.0,2.0,1.3501616114989234,0.37106828026345795,23.723371505737305
2016-07-29,23.723371505737305,23.80077329539467,23.60271746054674,23.718819276618223,110934800,6.0,-0.0776,0.1027,-0.4404,0.0,3.0,2.0,-0.12457649092100231,0.19805583484793132,24.142242431640625
2016-08-01,24.142242431640625,24.165007045837264,23.768897200963814,23.768897200963814,152671600,15.0,0.1669,0.802,-0.5994,5.0,4.0,6.0,1.7656466990875197,0.39610984487345036,23.784839630126957
2016-08-02,23.784839630126957,24.14680179220711,23.675567018146022,24.142249562754643,135266400,8.0,0.0803,0.4404,-0.3612,0.0,4.0,1.0,-1.480404326672069,0.47123477406108805,24.08304977416992
2016-08-03,24.08304977416992,24.094431211307985,23.850846225148707,23.859952416956254,120810400,3.0,0.0,0.0,0.0,0.0,0.0,0.0,1.2537824457947266,0.24358498615927715,24.23182678222656
2016-08-04,24.23182678222656,24.261580922637133,24.09678499923632,24.16545054939915,109634800,3.0,-0.0797,0.3182,-0.5574,1.0,1.0,1.0,0.6177664766370716,0.1647959234008134,24.600330352783203
2016-08-05,24.600330352783203,24.63924001955661,24.30278193880834,24.323380557839805,162213600,5.0,-0.1534,0.3612,-0.5859,2.0,1.0,2.0,1.520742013668297,0.3364580807482689,24.804033279418945
2016-08-08,24.804033279418945,24.804033279418945,24.52708526060686,24.60948147407652,112148800,9.0,0.5262,0.7351,-0.0772,2.0,3.0,1.0,0.828049557524313,0.2769480188120852,24.90473937988281
2016-08-09,24.90473937988281,24.93449526442655,24.721634169460145,24.77198866985352,105260800,5.0,-0.0073,0.802,-0.3182,1.0,3.0,3.0,0.4060069559228774,0.21286109496640293,24.71934509277344
2016-08-10,24.71934509277344,24.92533998446069,24.664413703735963,24.881851688927448,96034000,4.0,0.1478,0.3182,0.0,0.0,2.0,0.0,-0.7444136807917112,0.26092628072472834,24.703325271606445
2016-08-11,24.703325271606445,24.93220811420588,24.68501422510149,24.83836531054611,109938000,6.0,0.1897,0.5719,-0.3818,1.0,4.0,1.0,-0.06480681873598515,0.24719388910439122,24.760547637939453
2016-08-12,24.760547637939453,24.82005766994111,24.6689941455302,24.6689941455302,74641600,7.0,-0.2819,0.0,-0.6808,2.0,2.0,4.0,0.23163831469594776,0.15106352441091175,25.0580997467041
2016-08-15,25.0580997467041,25.07183216140726,24.737663349139908,24.751395763843067,103472800,9.0,0.2749,0.4404,-0.3182,0.0,5.0,2.0,1.2017186094411159,0.33416881226735384,25.03520393371582
2016-08-16,25.03520393371582,25.22975574100024,24.99629427075392,25.092424642625957,135177600,4.0,-0.2088,0.2023,-0.5267,2.0,1.0,2.0,-0.09137090689126381,0.23346147024631847,24.99858283996582
2016-08-17,24.99858283996582,25.03291561353197,24.797164833037684,24.97111627186542,101424000,5.0,0.0933,0.6369,-0.3612,1.0,3.0,2.0,-0.1462783920073485,0.23575078049428555,24.966550827026367
2016-08-18,24.966550827026367,25.08556918420524,24.952816663562427,25.00088361632892,87938800,6.0,0.0615,0.3182,-0.4019,0.0,4.0,1.0,-0.12813531528772515,0.13275252064281418,25.03063201904297
2016-08-19,25.03063201904297,25.106163788909825,24.80174913792241,24.895590211138185,101472400,5.0,0.0809,0.3818,-0.2732,0.0,3.0,1.0,0.25666818160252625,0.3044146509874146,24.83607482910156
2016-08-22,24.83607482910156,24.97111485221713,24.685011332493666,24.916183465376676,103280800,6.0,0.19790000000000005,0.5423,-0.6523,2.0,3.0,2.0,-0.7772763779731684,0.2861035197234649,24.913896560668945
2016-08-23,24.913896560668945,25.02147177389938,24.840654122377213,24.854386533857703,85030800,5.0,0.0172,0.3818,-0.296,0.0,2.0,1.0,0.31334150868396193,0.18081765152216533,24.72621154785156
2016-08-24,24.72621154785156,24.89100746286576,24.64610290756338,24.849808484112213,94700400,6.0,-0.0703,0.3818,-0.4019,0.0,3.0,2.0,-0.7533346394063445,0.24490455530237654,24.620929718017575
2016-08-25,24.620929718017575,24.691882847370994,24.417224107868105,24.579730732468377,100344800,3.0,0.0,0.0,0.0,0.0,0.0,0.0,-0.4257903788869477,0.27465873950288966,24.47673797607422
2016-08-26,24.47673797607422,24.70790844864497,24.332540630944195,24.584313218873454,111065200,7.0,0.1791,0.5574,0.0,1.0,2.0,0.0,-0.585647023060365,0.3753678177007771,24.449264526367188
2016-08-29,24.449264526367188,24.59117251365014,24.3279569024138,24.40348865755976,99881200,12.0,0.2785,0.3612,0.0,0.0,4.0,0.0,-0.11224310091436651,0.2632156112363404,24.261587142944336
2016-08-30,24.261587142944336,24.37602859173181,24.147145694156865,24.21581126192452,99455600,9.0,-0.0232,0.3182,-0.5267,1.0,1.0,1.0,-0.767619750771853,0.22888289757494462,24.284469604492188
2016-08-31,24.284469604492188,24.392044821479804,24.17918370491044,24.18376233972216,118649600,3.0,0.1204,0.3612,0.0,0.0,1.0,0.0,0.09431560026569308,0.21286111656936413,24.42867088317871
2016-09-01,24.42867088317871,24.44469261514723,24.174610743222345,24.29362907409736,106806000,2.0,0.0129,0.0258,0.0,0.0,1.0,0.0,0.5938004042709277,0.27008187192488364,24.657550811767575
2016-09-02,24.657550811767575,24.71934841445918,24.44926657489614,24.650682859257305,107210000,2.0,0.217,0.7096,-0.2755,1.0,1.0,1.0,0.9369315657139055,0.27008183956304066,24.65068626403809
2016-09-06,24.65068626403809,24.788017393410165,24.60719970289225,24.6964638892414,107521600,14.0,0.3542,0.4215,-0.3818,0.0,5.0,2.0,-0.027839535977791652,0.18081769051791596,24.80174827575684
2016-09-07,24.80174827575684,24.893301774270007,24.506489159826664,24.68044063237792,169457200,5.0,0.1681,0.4588,0.0,0.0,2.0,0.0,0.6128105729012789,0.38681261444334325,24.15172576904297
2016-09-08,24.15172576904297,24.5522708926255,24.08763882866787,24.54769400241506,212008000,4.0,0.133,0.5319,0.0,1.0,0.0,0.0,-2.6208737363456525,0.46463206395763024,23.60468864440918
2016-09-09,23.60468864440918,24.197496157875143,23.60468864440918,23.95030225080275,186228000,5.0,0.3461,0.5319,0.0,2.0,2.0,0.0,-2.265002219158052,0.5928075134659636,24.133411407470703
2016-09-12,24.133411407470703,24.19749833442346,23.46736138898784,23.49482796321236,181171200,10.0,-0.049199999999999994,0.3818,-0.2732,0.0,5.0,3.0,2.2399056858000588,0.7301369454356212,24.707904815673828
2016-09-13,24.707904815673828,24.90016733216488,24.54539818951082,24.60719754154775,248704800,2.0,0.0,0.0,0.0,0.0,0.0,0.0,2.3804898466417646,0.35476914265406023,25.58223342895508
2016-09-14,25.58223342895508,25.87062628695048,24.8566752687782,24.88643115460536,443554800,4.0,0.0,0.0,0.0,0.0,0.0,0.0,3.5386594687162987,1.0139510181722784,26.451993942260746
2016-09-15,26.451993942260746,26.488616040660265,25.97591714049353,26.0606044333641,359934400,4.0,0.171,0.6841,0.0,1.0,0.0,0.0,3.3998615317192504,0.5126989001667361,26.3032169342041
2016-09-16,26.3032169342041,26.58016497559097,26.10180065307844,26.348994552349197,319547600,5.0,0.1503,0.7906,-0.1531,1.0,2.0,1.0,-0.5624415625581691,0.47836432251253314,25.99651908874512
2016-09-19,25.99651908874512,26.591614254034297,25.9209873158799,26.365020681676523,188092000,14.0,0.9778,0.6597,-0.296,3.0,5.0,1.0,-1.1660088810663938,0.670626938154399,25.994224548339844
2016-09-20,25.994224548339844,26.12011081115645,25.75160929226149,25.875206237689383,138057200,8.0,0.2317,0.6597,0.0,2.0,2.0,0.0,-0.008826337085532376,0.3685015188949592,25.98965072631836
2016-09-21,25.98965072631836,26.090358002216576,25.735590599557398,26.05831453994381,144012800,4.0,-0.1612,0.0,-0.5423,1.0,1.0,2.0,-0.017595531703507028,0.35476740265917783,26.23455810546875
2016-09-22,26.23455810546875,26.307800562164196,26.09265008164224,26.172758745803208,124296000,3.0,-0.0374,0.3818,-0.4939,0.0,2.0,1.0,0.942326550400252,0.21515048052195596,25.797386169433597
2016-09-23,25.797386169433597,26.27346292309084,25.531882967818557,26.188775638778345,209924800,1.0,0.0,0.0,0.0,0.0,0.0,0.0,-1.66639717839967,0.7415799552722824,25.8362979888916
2016-09-26,25.8362979888916,25.95302874267644,25.53188509596385,25.552483716270608,119477600,5.0,-0.5387000000000001,0.0,-0.4404,0.0,2.0,2.0,0.1508362870658253,0.42114364671258997,25.88435935974121
2016-09-27,25.88435935974121,25.90495972324331,25.712697230919463,25.86376074247659,98429600,1.0,0.0,0.0,0.0,0.0,0.0,0.0,0.18602266807061785,0.19226249232384518,26.08120346069336
2016-09-28,26.08120346069336,26.239133206587653,25.962185131514705,26.021695169222927,118564400,1.0,0.0,0.0,0.0,0.0,0.0,0.0,0.7604750738328336,0.27694807507294783,25.676084518432617
2016-09-29,25.676084518432617,26.046875455570937,25.589109642617057,25.900390535124732,143548000,1.0,-0.2755,-0.2755,-0.2755,0.0,1.0,1.0,-1.5532985004748423,0.4577658129538804,25.87520980834961
2016-09-30,25.87520980834961,25.94845225875798,25.58910621359226,25.740168003580504,145516400,6.0,0.0377,0.2263,0.0,0.0,1.0,0.0,0.7755282538271846,0.35934604516571866,25.75389671325684
2016-10-03,25.75389671325684,25.87520608682625,25.698965319910556,25.797385012201293,86807200,10.0,0.1101,0.4404,0.0,0.0,1.0,0.0,-0.468839077987393,0.17624076691569357,25.86376571655273
2016-10-04,25.86376571655273,26.16360173376269,25.779078421401596,25.87749813070348,118947200,5.0,-0.1365,0.2023,-0.4168,0.0,4.0,3.0,0.4266111824519969,0.38452331236109316,25.87520980834961
2016-10-05,25.87520980834961,26.01482850229021,25.79281183336047,25.955318465634114,85812400,1.0,0.0,0.0,0.0,0.0,0.0,0.0,0.04424758529866235,0.22201666892974004,26.06746864318848
2016-10-06,26.06746864318848,26.170465231130333,25.89351718159294,26.023980341230185,115117200,4.0,-0.2524,0.0,-0.4404,0.0,3.0,3.0,0.7430232885564214,0.27694804953739194,26.10637664794922
2016-10-07,26.10637664794922,26.220818070037357,25.980492131394783,26.16359735899329,97433600,3.0,0.3568,0.5106,0.1779,1.0,2.0,0.0,0.14925885322165655,0.2403259386425738,26.561857223510746
2016-10-10,26.561857223510746,26.7220745307676,26.25744259348504,26.3261064053504,144944000,9.0,0.6225,0.5106,-0.2732,2.0,7.0,2.0,1.744710044230935,0.464631937282558,26.619075775146484
2016-10-11,26.619075775146484,27.166105639172304,26.596186093481776,26.93951036360196,256164000,2.0,-0.1806,0.0,-0.3612,0.0,1.0,1.0,0.21541623070351346,0.5699195456905279,26.857118606567383
2016-10-12,26.857118606567383,27.003605268881365,26.722078533968947,26.85940792451049,150347200,4.0,0.1667,0.4404,0.0,0.0,2.0,0.0,0.8942565603391461,0.2815267349124184,26.774715423583984
2016-10-13,26.774715423583984,26.88000132056148,26.48632255589239,26.73122712513595,140769600,5.0,0.0256,0.6705,-0.5423,2.0,0.0,1.0,-0.3068206392149886,0.39367876466909024,26.92349624633789
2016-10-14,26.92349624633789,27.0470932280746,26.80905479060813,26.98071697420277,142608800,1.0,0.2263,0.2263,0.2263,0.0,1.0,0.0,0.5556765791910445,0.23803843746647146,26.905181884765625
2016-10-17,26.905181884765625,26.97155637992688,26.72894109816619,26.854827374308645,94499600,7.0,0.4662,0.4404,0.0,0.0,3.0,0.0,-0.06802371209406743,0.24261528176069191,26.886865615844727
2016-10-18,26.886865615844727,27.05623841666561,26.882286981471605,27.049372211343297,98214000,2.0,0.5155,0.7351,0.296,1.0,1.0,0.0,-0.06807710499541209,0.1739514351940059,26.80676651000977
2016-10-19,26.80676651000977,26.953251429771733,26.04687533390532,26.836520659067105,80138400,1.0,-0.3612,-0.3612,-0.3612,0.0,1.0,1.0,-0.29791165314470014,0.9063760958664133,26.793027877807617
2016-10-20,26.793027877807617,26.866270325468047,26.625944362631184,26.747252002858986,96503200,9.0,-0.0077,0.7456,-0.7579,4.0,2.0,3.0,-0.051250613150310986,0.24032596283686303,26.687742233276367
2016-10-21,26.687742233276367,26.758697110259885,26.6144997848891,26.73580742632072,92770800,3.0,0.2343,0.4767,0.0,0.0,2.0,0.0,-0.3929591123907894,0.1441973253707829,26.92807006835937
2016-10-24,26.92807006835937,26.94866868851393,26.779295853260383,26.80218379106691,94154800,7.0,0.17500000000000002,0.4767,-0.1779,0.0,3.0,1.0,0.9005176720545016,0.1693728352535473,27.06539726257324
2016-10-25,27.06539726257324,27.090574516004875,26.85024682278932,26.99673170844377,192516000,8.0,0.1249,0.4404,-0.1779,0.0,4.0,1.0,0.5099778553206757,0.24032769321555492,26.45656967163086
2016-10-26,26.45656967163086,26.48174692661736,25.93471701597914,26.16359988222903,264536800,4.0,0.1458,0.4404,-0.1531,0.0,3.0,1.0,-2.249468518920583,0.5470299106382228,26.20251846313477
2016-10-27,26.20251846313477,26.518376276302533,26.1155418325792,26.41080102034476,138248000,8.0,0.0486,0.4404,-0.4019,0.0,6.0,2.0,-0.9602575528470991,0.4028344437233322,26.02856063842773
2016-10-28,26.02856063842773,26.36959563079452,25.96676128472614,26.062893418679984,151446800,6.0,-0.1397,0.3182,-0.5423,1.0,3.0,3.0,-0.6638973461722264,0.4028343460683814,25.98736000061035
2016-10-31,25.98736000061035,26.14528973199608,25.909538920566067,26.01253725478018,105677600,9.0,-0.0852,0.1027,-0.2732,0.0,4.0,2.0,-0.15829011211841992,0.23575081143001242,25.51815414428711
2016-11-01,25.51815414428711,26.040006879184247,25.29842676886926,25.969053738668325,175303200,1.0,0.0,0.0,0.0,0.0,0.0,0.0,-1.8055156672791006,0.7415801103149882,25.54103660583496
2016-11-02,25.54103660583496,25.714988062228944,25.458640385687897,25.49755005141465,113326800,3.0,-0.4184,-0.296,-0.5574,1.0,2.0,3.0,0.08967130388219946,0.25634767654104706,25.26726722717285
2016-11-03,25.26726722717285,25.64226108581835,25.202851276505207,25.53183424330325,107730400,2.0,-0.1366,0.0,-0.2732,0.0,1.0,1.0,-1.0718804521801073,0.439409809313144,25.03950309753418
2016-11-04,25.03950309753418,25.36388560628874,24.87156179933572,24.96818570420628,123348000,2.0,0.0,0.0,0.0,0.0,0.0,0.0,-0.9014197205850949,0.4923238069530207,25.40070533752441
2016-11-07,25.40070533752441,25.42371078713137,25.182149178250132,25.32478577413851,130240000,10.0,0.9182999999999999,0.743,-0.3182,2.0,5.0,1.0,1.442529584486052,0.2415616088812378,25.55023956298828
2016-11-08,25.55023956298828,25.70207867743133,25.237360559169108,25.377696072141084,97016800,4.0,0.192,0.6908,0.0,1.0,1.0,0.0,0.5887010753318211,0.46471811826222265,25.50883102416992
2016-11-09,25.50883102416992,25.61005710827959,24.8577682024011,25.27877301861398,236705600,4.0,0.0306,0.4404,-0.3182,0.0,2.0,1.0,-0.16206712550103086,0.7522889058784905,24.79795265197754
2016-11-10,24.79795265197754,25.557143017878342,24.34703917130356,25.557143017878342,228538000,4.0,0.2518,0.5859,0.0,1.0,1.0,0.0,-2.7867932149411856,1.210103846574782,24.945186614990234
2016-11-11,24.945186614990234,25.04641268693562,24.51267824839253,24.643811225593108,136575600,5.0,-0.0478,0.4404,-0.3612,0.0,3.0,2.0,0.593734350085362,0.5337344385430924,24.319435119628903
2016-11-14,24.319435119628903,24.80255665103576,23.944441147507167,24.779551198150397,204702000,6.0,-0.1663,0.0,-0.6652,1.0,0.0,1.0,-2.5085059695857392,0.8581155035285946,24.64151382446289
2016-11-15,24.64151382446289,24.772646821194414,24.42295941497813,24.51728228726408,129058000,2.0,-0.125,0.0,-0.25,0.0,1.0,1.0,1.324367540815241,0.34968740621628314,25.3040828704834
2016-11-16,25.3040828704834,25.35929806283131,24.5241862694052,24.547191721948405,235362000,5.0,0.0075,0.4588,-0.4215,0.0,2.0,1.0,2.6888325560694204,0.8351117934261119,25.294878005981445
2016-11-17,25.294878005981445,25.38690156287228,25.037214152931146,25.26267002435016,110528000,5.0,-0.1042,0.5267,-0.6808,2.0,3.0,3.0,-0.036376993187492435,0.3496874099411329,25.320186614990234
2016-11-18,25.320186614990234,25.43061524340184,25.22816480571798,25.24196772606812,113715600,8.0,-0.0621,0.1779,-0.2732,0.0,4.0,3.0,0.10005428372812375,0.20245043768385784,25.70438003540039
2016-11-21,25.70438003540039,25.764193849148143,25.308680011145785,25.333986530501825,117058400,4.0,-0.09499999999999997,0.4019,-0.296,0.0,2.0,1.0,1.5173403982050582,0.4555138380023571,25.72048759460449
2016-11-22,25.72048759460449,25.863122445096884,25.62846403464601,25.75499489378593,103862000,3.0,-0.2538,0.3818,-0.5859,2.0,1.0,2.0,0.06266464774453695,0.23465841045087288,25.58935546875
2016-11-23,25.58935546875,25.65377143636669,25.382302890551035,25.61926238079961,109705600,5.0,0.0531,0.3818,-0.296,0.0,4.0,2.0,-0.5098353029745706,0.2714685458156545,25.71818351745605
2016-11-25,25.71818351745605,25.73658857833759,25.524933888606377,25.56634439798822,45903600,5.0,-0.004900000000000002,0.2023,-0.3182,0.0,2.0,1.0,0.5034438982387757,0.21165468973121193,25.667570114135746
2016-11-28,25.667570114135746,25.874622658112735,25.626159605340344,25.635362135650787,108776000,10.0,0.2186,0.4215,-0.5574,1.0,2.0,2.0,-0.1968000706035533,0.24846305277239011,25.64227104187012
2016-11-29,25.64227104187012,25.77340406527333,25.322490480321875,25.48583149156421,114115200,5.0,0.1656,0.6705,-0.5423,2.0,2.0,1.0,-0.09856434463070274,0.4509135849514543,25.42601203918457
2016-11-30,25.42601203918457,25.812509589697417,25.368497533186847,25.67447512634357,144649200,4.0,-0.2025,0.34,-0.7096,1.0,2.0,2.0,-0.8433691475003502,0.4440120565105694,25.18905067443848
2016-12-01,25.18905067443848,25.52263583743851,25.083224201929145,25.391502843763547,148347600,7.0,-0.1179,0.0772,-0.5267,1.0,3.0,2.0,-0.9319643378635445,0.4394116355093658,25.283374786376957
2016-12-02,25.283374786376957,25.3270846132456,25.04181318204721,25.11543167252432,106112000,2.0,0.1132,0.2263,0.0,0.0,1.0,0.0,0.3744647353232544,0.2852714311983888,25.10162734985352
2016-12-05,25.10162734985352,25.313280278734737,24.903777338663584,25.30637881988909,137298000,5.0,-0.2732,0.0,-0.2732,0.0,1.0,1.0,-0.7188416817732968,0.4095029400711532,25.294878005981445
2016-12-06,25.294878005981445,25.389202634475478,25.12003517861256,25.19135260148136,104782000,1.0,-0.7906,-0.7906,-0.7906,1.0,0.0,1.0,0.7698730183286484,0.2691674558629167,25.54333877563477
2016-12-07,25.54333877563477,25.580148897147293,25.113131450477077,25.1361368988208,119994800,7.0,0.1752,0.6124,-0.296,1.0,5.0,2.0,0.9822572364040383,0.4670174466702157,25.79410552978516
2016-12-08,25.79410552978516,25.865422953478195,25.444416360599178,25.504231936550035,108273200,1.0,-0.6124,-0.6124,-0.6124,1.0,0.0,1.0,0.9817305261189624,0.4210065928790172,26.21510887145996
2016-12-09,26.21510887145996,26.38765237457673,25.83781388506089,25.83781388506089,137610400,2.0,0.0,0.0,0.0,0.0,0.0,0.0,1.6321687960400677,0.5498384895158424,26.065574645996094
2016-12-12,26.065574645996094,26.456672582084675,25.879226454270917,26.063273574314607,105497600,6.0,-0.427,0.0,-0.5859,1.0,1.0,2.0,-0.5704123763020652,0.5774461278137579,26.500385284423828
2016-12-13,26.500385284423828,26.66832666497557,26.16910115647021,26.189805536865563,174935200,2.0,-0.293,0.0,-0.5859,1.0,0.0,1.0,1.6681413869942263,0.4992255085053614,26.500385284423828
2016-12-14,26.500385284423828,26.732742633143555,26.45207330829784,26.46587622856141,136127200,1.0,0.0258,0.0258,0.0258,0.0,1.0,0.0,0.0,0.2806693248457144,26.64531898498535
2016-12-15,26.64531898498535,26.854672619230723,26.50958559986628,26.544092897640045,186098000,3.0,0.1378,0.6597,-0.5423,2.0,1.0,1.0,0.5469116731925849,0.34508701936444197,26.679826736450195
2016-12-16,26.679826736450195,26.80175719651168,26.606208246118552,26.79485573729359,177404400,2.0,0.0,0.0,0.0,0.0,0.0,0.0,0.12950774387159303,0.19554895039312825,26.833965301513672
2016-12-19,26.833965301513672,27.00420773209918,26.629213819473502,26.640717421692816,111117600,5.0,-0.1844,0.4404,-0.6249,2.0,2.0,2.0,0.5777345054977179,0.3749939126256763,26.905282974243164
2016-12-20,26.905282974243164,27.03181557903485,26.84316808520206,26.856971003832687,85700000,1.0,0.3182,0.3182,0.3182,0.0,1.0,0.0,0.26577388741524377,0.18864749383278934,26.93058967590332
2016-12-21,26.93058967590332,27.008810310809384,26.866173714923796,26.870775857967068,95132800,1.0,0.3182,0.3182,0.3182,0.0,1.0,0.0,0.09405848540742223,0.14263659588558752,26.753448486328125
2016-12-22,26.753448486328125,26.804061533698256,26.60391041597186,26.767251406445983,104343600,2.0,-0.4393,-0.4019,-0.4767,0.0,2.0,2.0,-0.6577694425075831,0.2001511177263957,26.80635643005371
2016-12-23,26.80635643005371,26.80635643005371,26.592402427489088,26.592402427489088,56998000,2.0,-0.4393,-0.4019,-0.4767,0.0,2.0,2.0,0.19776121105516964,0.21395400256462338,26.97660255432129
2016-12-27,26.97660255432129,27.100834089471928,26.79945690495336,26.806358364372283,73187600,9.0,-0.09500000000000003,0.3818,-0.4767,0.0,3.0,2.0,0.6350961001052369,0.301377184518568,26.861572265625
2016-12-28,26.861572265625,27.151444078578333,26.732738593553627,27.03641507988799,83623600,2.0,0.0,0.0,0.0,0.0,0.0,0.0,-0.4264076192124544,0.41870548502470584,26.85467338562012
2016-12-29,26.85467338562012,26.94209480114744,26.778753817944512,26.79025566579623,60158000,4.0,0.2495,0.6369,0.0,1.0,1.0,0.0,-0.025683083390126704,0.16334098320292867,26.64531898498535
2016-12-30,26.64531898498535,26.96279841092744,26.555596500366864,26.83626755694915,122345200,2.0,-0.534,-0.5106,-0.5574,2.0,0.0,2.0,-0.7795827475856498,0.40720191056057686,26.72124671936035
2017-01-03,26.72124671936035,26.762657244551697,26.40146612407314,26.640726741267144,115127600,89.0,-0.41680000000000006,0.7506,-0.5994,15.0,36.0,20.0,0.2849571229294856,0.3611911204785585,26.691333770751957
2017-01-04,26.691333770751957,26.80406347723333,26.629218870514205,26.652224324113234,84472400,44.0,0.1068,0.8655,-0.7003,11.0,14.0,9.0,-0.11194443478836913,0.17484460671912672,26.827062606811523
2017-01-05,26.827062606811523,26.88457710485285,26.64301551099801,26.66832203055245,88774400,44.0,0.0846,0.8138,-0.5859,11.0,17.0,10.0,0.5085127525859878,0.24156159385483988,27.12613677978516
2017-01-06,27.12613677978516,27.183651273757864,26.79485273283738,26.86617014369856,127007600,19.0,0.0311,0.4588,-0.7096,1.0,13.0,5.0,1.1148226600764755,0.38879854092048305,27.374601364135746
2017-01-09,27.374601364135746,27.47582744741152,27.13304151341392,27.13534082970417,134247600,77.0,0.09690000000000001,0.7783,-0.6917,15.0,33.0,21.0,0.915960080743039,0.3427859339975967,27.40220832824707
2017-01-10,27.40220832824707,27.46432321552204,27.21586191121894,27.323987696089937,97848400,46.0,0.1642,0.7845,-0.5709,7.0,22.0,6.0,0.1008488260489937,0.24846130430309898,27.549449920654297
2017-01-11,27.549449920654297,27.590860437507263,27.284882827160544,27.31709081191246,110354400,31.0,0.0168,0.7739,-0.6486,5.0,12.0,10.0,0.537334767488229,0.30597761034671933,27.434415817260746
2017-01-12,27.434415817260746,27.44591941905576,27.195155292590645,27.35389587030523,108344800,55.0,0.0443,0.8316,-0.7003,6.0,30.0,16.0,-0.4175549919321897,0.25076412646511415,27.386104583740234
2017-01-13,27.386104583740234,27.51953864524781,27.33319047134818,27.40220857356334,104447600,37.0,0.1384,0.891,-0.5574,10.0,14.0,9.0,-0.1760971833419389,0.18634817389963132,27.606964111328125
2017-01-17,27.606964111328125,27.6621775480938,27.197461091175988,27.22506693195707,137759200,91.0,0.394,0.7351,-0.7269,16.0,40.0,17.0,0.8064656545532234,0.46471645691781305,27.60465431213379
2017-01-18,27.60465431213379,27.72198436396924,27.540238363738784,27.60695538320589,94852000,35.0,0.1583,0.7003,-0.5719,6.0,14.0,4.0,-0.00836672654415116,0.18174600023045784,27.556346893310547
2017-01-19,27.556346893310547,27.627664311475066,27.462024026241657,27.46892548539264,102389200,48.0,0.1426,0.7906,-0.6486,8.0,24.0,8.0,-0.17499736920092435,0.16564028523340824,27.606964111328125
2017-01-20,27.606964111328125,27.710489524664204,27.544849214367183,27.710489524664204,130391600,53.0,0.047,0.6486,-0.7269,7.0,24.0,12.0,0.1836862419157148,0.16564031029702164,27.625368118286133
2017-01-23,27.625368118286133,27.793309493956794,27.554048936855708,27.60696305500064,88200800,59.0,-0.11609999999999998,0.7096,-0.8316,11.0,25.0,14.0,0.06666436368660822,0.23926055710108685,27.60006332397461
2017-01-24,27.60006332397461,27.629970237284365,27.491935764403387,27.50343936847828,92844000,44.0,0.0832,0.8126,-0.7579,7.0,16.0,7.0,-0.09159984476287963,0.13803447288097814,28.03946685791016
2017-01-25,28.03946685791016,28.090079895944434,27.671374429301515,27.703582407104573,129510400,37.0,0.1525,0.7506,-0.6124,6.0,14.0,4.0,1.5920381369337822,0.4187054666429191,28.053272247314453
2017-01-26,28.053272247314453,28.168301243893303,27.975051616935176,27.99115560624809,105350400,14.0,0.052,0.6597,-0.4404,3.0,6.0,4.0,0.04923556312341759,0.19324962695812786,28.055574417114254
2017-01-27,28.055574417114254,28.14759797477796,27.975054462359783,28.099286001925275,82251600,37.0,0.076,0.8316,-0.765,13.0,11.0,11.0,0.008206421623491167,0.17254351241817645,27.98195457458496
2017-01-30,27.98195457458496,27.98195457458496,27.75879978364072,27.820914672830703,121510000,64.0,-0.006900000000000003,0.743,-0.8519,14.0,27.0,19.0,-0.2624071830957919,0.22315479094424262,27.91753196716309
2017-01-31,27.91753196716309,27.926734495815683,27.74959064606113,27.871521079102987,196804000,22.0,-0.0352,0.4588,-0.7351,3.0,11.0,8.0,-0.2302291187349148,0.17714384975455388,29.61996078491211
2017-02-01,29.61996078491211,30.02026287790668,29.219660447120383,29.22426083378801,447940000,112.0,0.0847,0.9001,-0.7096,13.0,51.0,22.0,6.098063466897563,0.8006024307862987,29.56935310363769
2017-02-02,29.56935310363769,29.76720311498404,29.396809611547503,29.44282226256012,134841600,91.0,0.1367,0.8625,-0.624,14.0,39.0,12.0,-0.17085667885217148,0.3703935034365351,29.695890426635746
2017-02-03,29.695890426635746,29.72119694991995,29.48423746389824,29.518744763646293,98029200,59.0,0.1862,0.7269,-0.7964,12.0,32.0,9.0,0.4279340253219299,0.23695948602171057,29.974254608154297
2017-02-06,29.974254608154297,30.022568331657627,29.6544741356893,29.707390002004,107383600,50.0,0.1605,0.8442,-0.6486,6.0,27.0,11.0,0.9373828415963903,0.3680941959683288,30.2595329284668
2017-02-07,30.2595329284668,30.38836486583009,30.01106983052029,30.03177421108075,152735200,49.0,0.0598,0.6542,-0.6369,11.0,22.0,15.0,0.9517445022132254,0.3772950353097997,30.376859664916992
2017-02-08,30.376859664916992,30.41827193426757,30.18821391238408,30.21812257855912,92016400,100.0,0.0325,0.7717,-0.7003,15.0,49.0,30.0,0.3877347899835515,0.23005802188349023,30.59635734558105
2017-02-09,30.59635734558105,30.60328872591628,30.29598460376013,30.4184436905168,113399600,76.0,0.0589,0.7906,-0.7506,7.0,40.0,19.0,0.7225818701646736,0.30730412215615033,30.52703666687012
2017-02-10,30.52703666687012,30.716503776911445,30.510864623071093,30.60559817809176,80262000,46.0,0.1754,0.7906,-0.6249,7.0,25.0,7.0,-0.22656513626103658,0.2056391538403517,30.797382354736328
2017-02-13,30.797382354736328,30.919844998644407,30.672613950957334,30.74886267989933,92141600,98.0,0.1079,0.7003,-0.6249,9.0,41.0,22.0,0.8855942711255782,0.24723104768707316,31.197111129760746
2017-02-14,31.197111129760746,31.213283179637184,30.78814195304018,30.838974439440555,132904800,60.0,0.0881,0.743,-0.6597,6.0,30.0,13.0,1.2979310073180317,0.4251412265970025,31.310327529907227
2017-02-15,31.310327529907227,31.48593195505866,31.1046882891064,31.312640341160424,142492400,37.0,-0.0503,0.5719,-0.6124,4.0,13.0,11.0,0.3629066796459801,0.3812436659522618,31.27335548400879
2017-02-16,31.27335548400879,31.400433156603963,31.155514952191535,31.347291392120912,90338400,52.0,0.0755,0.7579,-0.4939,3.0,30.0,12.0,-0.11808259068233351,0.2449182044124285,31.358827590942383
2017-02-17,31.358827590942383,31.38424381658258,31.21557442403817,31.21557442403817,88792800,81.0,0.0435,0.7783,-0.7351,20.0,26.0,20.0,0.27330647962384713,0.16866939254440894,31.585277557373047
2017-02-21,31.585277557373047,31.59683103435728,31.418917360553397,31.476681219848377,98028800,126.0,0.412,0.8074,-0.886,25.0,47.0,19.0,0.7221251042436094,0.17791367380388223,31.68002319335937
2017-02-22,31.68002319335937,31.682332479384897,31.44896766821654,31.522903602935937,83347600,60.0,-0.0545,0.7184,-0.8126,12.0,23.0,20.0,0.29996771696632063,0.23336481116835728,31.545997619628903
2017-02-23,31.545997619628903,31.76549957330831,31.492855857830456,31.74239614565189,83152800,55.0,0.0579,0.5994,-0.836,2.0,26.0,8.0,-0.423060213410964,0.27264371547785515,31.57603454589844
2017-02-24,31.57603454589844,31.57603454589844,31.25717693807241,31.40274298088445,87106400,17.0,0.0695,0.5719,-0.765,3.0,4.0,2.0,0.09521628268571725,0.31885760782603256,31.638425827026367
2017-02-27,31.638425827026367,31.756266380622183,31.488241172225184,31.68694903008821,81029600,54.0,-0.1706,0.8481,-0.8765,11.0,21.0,22.0,0.19759061587432125,0.26802520839699895,31.652292251586918
2017-02-28,31.652292251586918,31.756266515014435,31.585284186390638,31.673086399147035,93931600,41.0,-0.0011,0.5994,-0.5574,3.0,20.0,12.0,0.04382779546732163,0.17098232862379703,32.29924392700195
2017-03-01,32.29924392700195,32.38242404064438,31.793235388439577,31.860239926216643,145658400,53.0,-0.0297,0.6249,-0.7351,6.0,22.0,16.0,2.0439330910784204,0.589188652204804,32.10747146606445
2017-03-02,32.10747146606445,32.41246287027101,32.06125754896711,32.34776761708699,104844000,51.0,0.1355,0.765,-0.7845,12.0,21.0,10.0,-0.5937366873692618,0.3512053213038939,32.29692840576172
2017-03-03,32.29692840576172,32.30848188263105,32.02197187415191,32.06587297087968,84432400,47.0,-0.0471,0.6808,-0.7845,7.0,20.0,14.0,0.5900711923002344,0.28651000847914077,32.19525909423828
2017-03-06,32.19525909423828,32.29461475112016,32.02428035196002,32.20219047429682,87000000,83.0,0.1234,0.7906,-0.5859,10.0,28.0,17.0,-0.3147956060902013,0.27033439916013435,32.23685836791992
2017-03-07,32.23685836791992,32.343141903855376,32.06818534575366,32.130571306357986,69785200,33.0,0.1095,0.7269,-0.8807,7.0,15.0,6.0,0.1292093148245188,0.2749565581017137,32.1167106628418
2017-03-08,32.1167106628418,32.30155574588277,32.0751223701116,32.105157184096726,74828800,36.0,0.0508,0.5574,-0.5423,2.0,16.0,7.0,-0.3727028971212909,0.2264333757711725,32.04277801513672
2017-03-09,32.04277801513672,32.068194263515565,31.666159912685085,32.05664430794765,88623600,42.0,-0.0167,0.7269,-0.6124,6.0,20.0,13.0,-0.23019993697740437,0.4020343508304798,32.14905548095703
2017-03-10,32.14905548095703,32.19988796249569,32.0335277548467,32.17447172172636,78451200,44.0,0.0105,0.7096,-0.765,8.0,11.0,9.0,0.3316736949902088,0.16636020764898518,32.16291809082031
2017-03-13,32.16291809082031,32.21605985740259,32.07511941682055,32.082050798304046,69686800,38.0,0.01639999999999997,0.9222,-0.9246,8.0,11.0,9.0,0.043119804472935286,0.14094044058204247,32.1143913269043
2017-03-14,32.1143913269043,32.266885211484286,32.07973090151632,32.18601793683025,61236400,44.0,0.1784,0.8689,-0.5423,12.0,12.0,5.0,-0.1508779886793432,0.18715430996796556,32.454036712646484
2017-03-15,32.454036712646484,32.521041214317535,32.12362572169116,32.21142788478592,102767200,74.0,0.0741,0.765,-0.5994,9.0,32.0,15.0,1.0576111572061508,0.3974154926263722,32.50717544555664
2017-03-16,32.50717544555664,32.5834241287132,32.407819818792184,32.51410682351409,76928000,86.0,0.1649,0.7351,-0.743,16.0,36.0,10.0,0.1637353571164457,0.17560430992101317,32.34545135498047
2017-03-17,32.34545135498047,32.57881607322998,32.32234440141568,32.57881607322998,175540000,22.0,0.0696,0.7906,-0.5106,2.0,7.0,3.0,-0.4975027462691406,0.2564716718143032,32.685115814208984
2017-03-20,32.685115814208984,32.69435648384705,32.40091498264672,32.44019399845661,86168000,100.0,0.0751,0.8143,-0.7906,22.0,33.0,25.0,1.0501150702793227,0.2934415012003342,32.310794830322266
2017-03-21,32.310794830322266,32.99472054637454,32.28537858857916,32.8352917141338,158119600,41.0,-0.0419,0.5994,-0.7351,8.0,18.0,16.0,-1.145233769445575,0.709341957795381,32.67586898803711
2017-03-22,32.67586898803711,32.71746081212835,32.292316004830674,32.31311367968989,103440800,35.0,0.1064,0.6486,-0.6597,4.0,19.0,7.0,1.1298829373650676,0.4251448072976771,32.560340881347656
2017-03-23,32.560340881347656,32.712838358642934,32.48871423991031,32.63889890578686,81385200,45.0,0.0861,0.8225,-0.5719,6.0,20.0,10.0,-0.35355787089166313,0.22412411873262528,32.495635986328125
2017-03-24,32.495635986328125,32.749798373115034,32.42863146197127,32.694343799918045,89582400,56.0,0.0951,0.8893,-0.8519,10.0,26.0,12.0,-0.19872302705712386,0.32116691114376295,32.55109786987305
2017-03-27,32.55109786987305,32.62965588865848,32.028910217133244,32.20682392784006,94300400,49.0,-0.021000000000000005,0.6808,-0.8885,6.0,18.0,11.0,0.1706748671367997,0.6007456715252388,33.22578430175781
2017-03-28,33.22578430175781,33.2812353698569,32.4910259187981,32.55803399358773,133499200,33.0,0.1076,0.8176,-0.5423,5.0,16.0,7.0,2.0726994664877596,0.7902094510588,33.299713134765625
2017-03-29,33.299713134765625,33.38520605590323,33.08483324044029,33.19804816408955,116760000,43.0,0.0664,0.7964,-0.802,8.0,18.0,10.0,0.22250440301541108,0.3003728154629428,33.255802154541016
2017-03-30,33.255802154541016,33.38750542533572,33.15645002446834,33.31587881516693,84829200,43.0,0.0523,0.5719,-0.8402,2.0,27.0,10.0,-0.1318659414479062,0.2310554008673762,33.19342422485352
2017-03-31,33.19342422485352,33.33436817947322,33.0432360785983,33.207286986680685,78646800,43.0,0.2415,0.8462,-0.8225,18.0,11.0,6.0,-0.1875700649096368,0.29113210087492547,33.20266342163086
2017-04-03,33.20266342163086,33.299706275752946,33.052478807647475,33.204976232250445,79942800,90.0,0.3654,0.8286,-0.8126,19.0,37.0,22.0,0.027834418994410193,0.24722746810547136,33.449913024902344
2017-04-04,33.449913024902344,33.477638562754656,33.08022273394135,33.09870760105219,79565600,47.0,-0.1542,0.6369,-0.7506,8.0,23.0,24.0,0.7446679807934009,0.3974158288133083,33.276615142822266
2017-04-05,33.276615142822266,33.60933563737764,33.22809193502159,33.3228255391489,110871600,66.0,0.0282,0.765,-0.7783,14.0,29.0,21.0,-0.5180817120542747,0.381243702356052,33.19342422485352
2017-04-06,33.19342422485352,33.39213203750382,33.14490103283233,33.33898674966488,84596000,71.0,-0.0241,0.5859,-0.8201,7.0,26.0,17.0,-0.24999813716536368,0.24723100467149095,33.11948013305664
2017-04-07,33.11948013305664,33.31356582257368,33.10330808840969,33.20959159787709,66688800,60.0,0.0773,0.7579,-0.6597,6.0,37.0,17.0,-0.22276729058136047,0.21025773416398863,33.080204010009766
2017-04-10,33.080204010009766,33.24425490924556,33.017818059525624,33.17955967379013,75733600,82.0,0.2596,0.8555,-0.7906,10.0,39.0,18.0,-0.11858918947121877,0.2264368497199385,32.72438430786133
2017-04-11,32.72438430786133,33.121799961435954,32.36162556132028,33.02706638137571,121517600,32.0,0.093,0.6597,-0.5574,6.0,10.0,6.0,-1.075627290692549,0.7601744001156732,32.76366424560547
2017-04-12,32.76366424560547,32.84453153953262,32.58112846168498,32.71745385970046,81400000,57.0,0.0214,0.806,-0.5719,5.0,28.0,16.0,0.12003262574662443,0.2634030778476344,32.590362548828125
2017-04-13,32.590362548828125,32.897666631967866,32.590362548828125,32.789070319669406,71291600,68.0,0.0087,0.7906,-0.7845,9.0,35.0,18.0,-0.5289447953019777,0.30730408313974067,32.77058792114258
2017-04-17,32.77058792114258,32.782141396308624,32.548773185081686,32.689717120605906,66328400,66.0,-0.05740000000000001,0.6908,-0.6705,9.0,27.0,19.0,0.5530020479042941,0.23336821122693863,32.625022888183594
2017-04-18,32.625022888183594,32.819108584656504,32.604228747624155,32.673546075114686,58790000,63.0,0.0927,0.8555,-0.5719,9.0,25.0,12.0,-0.444194145400334,0.21487983703234903,32.504878997802734
2017-04-19,32.504878997802734,32.80987388395424,32.45173723150411,32.78214835816824,69313600,66.0,0.0021,0.7269,-0.8126,16.0,28.0,23.0,-0.36825687691509623,0.3581366524501277,32.91153335571289
2017-04-20,32.91153335571289,33.022438965982026,32.61578271124467,32.62964547182509,93278400,56.0,0.0857,0.8519,-0.7184,9.0,24.0,15.0,1.251056365838643,0.40665625473735645,32.87226867675781
2017-04-21,32.87226867675781,32.96699875719339,32.77522578480094,32.91154769071936,69283600,29.0,0.0573,0.6249,-0.7579,9.0,9.0,9.0,-0.1193037058793367,0.1917729723924495,33.18879699707031
2017-04-24,33.18879699707031,33.260423605852495,33.08250996345363,33.156449382600115,68537200,94.0,0.3532,0.8271,-0.7003,19.0,41.0,22.0,0.9629037880683367,0.1779136423988632,33.39444732666016
2017-04-25,33.39444732666016,33.47993672371542,33.24194986789126,33.251194061188805,75486000,77.0,0.1293,0.7506,-0.765,9.0,36.0,12.0,0.6196377940664854,0.23798685582416113,33.19804763793945
2017-04-26,33.19804763793945,33.4106217690531,33.12873381869219,33.380583430294884,80164800,52.0,0.1569,0.9081,-0.7579,9.0,23.0,9.0,-0.5881207938539967,0.2818879503609111,33.22346496582031
2017-04-27,33.22346496582031,33.30895788839654,33.112559325774114,33.25350330556007,56985200,63.0,0.0857,0.6705,-0.5719,6.0,22.0,8.0,0.07656271886244959,0.19639856262242716,33.19111251831055
2017-04-28,33.19111251831055,33.34130066956212,33.10331384860896,33.2927774759267,83441600,56.0,0.1015,0.8689,-0.4767,5.0,26.0,12.0,-0.09737830639594547,0.23798682095316082,33.86812210083008
2017-05-01,33.86812210083008,34.011375410070904,33.493813247328404,33.52616088249981,134411600,45.0,-0.11120000000000001,0.8248,-0.7096,9.0,10.0,11.0,2.0397315159172313,0.5175621627425002,34.08298873901367
2017-05-02,34.08298873901367,34.217001325364414,33.928182007960174,34.08992012058126,181408800,34.0,0.0778,0.7269,-0.7717,10.0,16.0,10.0,0.6344214702660667,0.28881931740423994,33.9790153503418
2017-05-03,33.9790153503418,34.07837103137064,33.334372168846535,33.63936354242312,182788000,60.0,0.0289,0.7351,-0.5994,12.0,27.0,18.0,-0.3050594813384433,0.7439988625241014,33.85655212402344
2017-05-04,33.85655212402344,33.99749607838162,33.690191931153905,33.854242838931896,93487600,56.0,0.0823,0.8176,-0.6486,9.0,30.0,15.0,-0.3604084022320819,0.30730414722771826,34.41801452636719
2017-05-05,34.41801452636719,34.42263309599607,33.90968981713678,33.90968981713678,109310800,48.0,-0.009,0.8481,-0.743,14.0,16.0,15.0,1.6583567053343184,0.5129432788592894,35.353790283203125
2017-05-08,35.353790283203125,35.51321909494186,34.43419065356473,34.43419065356473,195009600,70.0,-0.13899999999999998,0.836,-0.802,14.0,18.0,15.0,2.718854558327455,1.0790284413771332,35.58022689819336
2017-05-09,35.58022689819336,35.78586608965602,35.455454991771575,35.55249784919626,156521600,57.0,0.0238,0.7269,-0.8442,7.0,16.0,10.0,0.6404875210729966,0.33041109788444345,35.411556243896484
2017-05-10,35.411556243896484,35.568675779877275,35.145843892303795,35.497049156002355,103222800,61.0,0.0728,0.7269,-0.8126,14.0,29.0,19.0,-0.4740572756309236,0.42283188757348,35.717811584472656
2017-05-11,35.717811584472656,35.74565509263949,35.337316681196974,35.36979782390908,109020400,48.0,0.1891,0.9022,-0.5423,9.0,21.0,8.0,0.864845753930843,0.40833841144251437,36.21662139892578
2017-05-12,36.21662139892578,36.29086246895266,35.88484654986236,35.89180653954682,130108000,96.0,0.1053,0.8316,-0.9001,23.0,40.0,22.0,1.3965296089695656,0.40601591909030077,36.123836517333984
2017-05-15,36.123836517333984,36.34424457849583,35.973031933428494,36.19575881243291,104038800,106.0,0.15660000000000002,0.8481,-0.7906,28.0,48.0,28.0,-0.2561941948415636,0.3712126450673381,36.07046127319336
2017-05-16,36.07046127319336,36.20734581612842,35.896454418221445,36.17950585219005,80194000,46.0,0.2409,0.7845,-0.4939,11.0,22.0,6.0,-0.147756299680446,0.3108913979069712,34.859378814697266
2017-05-17,34.859378814697266,35.86166015777353,34.73409541690228,35.63661097305999,203070800,64.0,0.0462,0.6808,-0.8591,10.0,27.0,14.0,-3.357546357179908,1.1275647408712501,35.39067840576172
2017-05-18,35.39067840576172,35.57628645594224,35.063548155767805,35.09602929903596,134272800,60.0,0.0704,0.6369,-0.7003,6.0,35.0,15.0,1.5241223714532959,0.5127383001744334,35.511314392089844
2017-05-19,35.511314392089844,35.72476235196621,35.41155217244053,35.58555900779195,107843200,62.0,0.0489,0.8225,-0.7003,17.0,26.0,18.0,0.3408693807589902,0.313210179525683,35.72707748413086
2017-05-22,35.72707748413086,35.8639619839506,35.476507267073444,35.72939630033584,91865600,51.0,0.4452,0.836,-0.7579,12.0,18.0,7.0,0.6075897097435501,0.3874547168771585,35.683013916015625
2017-05-23,35.683013916015625,35.93822189937736,35.56932813913295,35.93822189937736,79675600,52.0,-0.0194,0.743,-0.743,12.0,22.0,16.0,-0.12333381630447171,0.36889376024441134,35.5762825012207
2017-05-24,35.5762825012207,35.76885052211112,35.42083679427562,35.69228707716587,76712000,48.0,0.1517,0.8126,-0.3612,6.0,27.0,9.0,-0.29910986511993976,0.3480137278355002,35.699241638183594
2017-05-25,35.699241638183594,35.81060856307925,35.504354829883454,35.666760503466904,76942400,58.0,0.1236,0.8402,-0.7506,8.0,30.0,11.0,0.34562109449931544,0.3062537331957955,35.638919830322266
2017-05-26,35.638919830322266,35.78508670371627,35.56931638869759,35.72940324238091,87710400,51.0,0.1102,0.7184,-0.8225,7.0,22.0,8.0,-0.16897223888590052,0.2157703150186805,35.652854919433594
2017-05-30,35.652854919433594,35.829180644784344,35.573972637580326,35.59485261686273,80507600,131.0,0.0913,0.8074,-0.8779,19.0,52.0,26.0,0.03910076168882615,0.2552080072040184,35.44171142578125
2017-05-31,35.44171142578125,35.76884513027702,35.353550368673936,35.72244401492925,97804800,35.0,0.1918,0.6597,-0.4767,8.0,16.0,6.0,-0.5922204382495466,0.41529476160308576,35.53915786743164
2017-06-01,35.53915786743164,35.57396136205059,35.31643107865565,35.536839050528435,65616400,51.0,0.0761,0.6908,-0.8126,12.0,16.0,10.0,0.2749484653258083,0.2575302833949422,36.06582260131836
2017-06-02,36.06582260131836,36.06582260131836,35.47187972823621,35.631966612345444,111082800,71.0,0.1528,0.8481,-0.8225,15.0,29.0,10.0,1.4819280069924279,0.593942873082149,35.71316146850586
2017-06-05,35.71316146850586,35.83380719987951,35.60412044112713,35.80828605555389,101326800,65.0,0.11410000000000001,0.7269,-0.765,8.0,27.0,15.0,-0.977826394564496,0.2296867587523792,35.83382034301758
2017-06-06,35.83382034301758,36.14935299760263,35.67837460335736,35.70621457458622,106499600,31.0,0.1037,0.6597,-0.5719,2.0,14.0,4.0,0.33785548394567044,0.47097839424526455,36.0472526550293
2017-06-07,36.0472526550293,36.1887783473258,35.84076469808959,35.96605159431426,84278400,109.0,0.0316,0.8625,-0.8625,21.0,50.0,33.0,0.5956169617658658,0.3480136492362078,35.95909118652344
2017-06-08,35.95909118652344,36.08669335761769,35.82220312887996,36.01941227722577,85003200,106.0,0.0402,0.7906,-0.8225,18.0,54.0,29.0,-0.24457194935092463,0.26449022873772776,34.564720153808594
2017-06-09,34.564720153808594,36.00549844870563,33.87797509248136,36.00549844870563,259530800,81.0,0.0305,0.836,-0.7096,12.0,45.0,27.0,-3.877659269757683,2.1275233562242732,33.73876953125
2017-06-12,33.73876953125,33.89421523399402,33.06362206785271,33.81301415713416,289229200,93.0,0.174,0.7096,-0.6597,16.0,44.0,27.0,-2.389577056846459,0.8305931661413055,34.01021194458008
2017-06-13,34.01021194458008,34.20973990529512,33.67611828569184,34.14245882629742,136661600,86.0,0.0861,0.8074,-0.7351,20.0,27.0,17.0,0.8045415321938698,0.5336216196032808,33.67844772338867
2017-06-14,33.67844772338867,34.22134826314073,33.37219395829046,34.22134826314073,126124800,91.0,0.0625,0.6597,-0.8402,10.0,44.0,21.0,-0.9754841332127451,0.8491543048502734,33.47660827636719
2017-06-15,33.47660827636719,33.52069059391153,32.99403222161778,33.251562593426584,128661600,58.0,-0.0114,0.5423,-0.8126,5.0,27.0,17.0,-0.5993133908048676,0.5266583722937526,33.00794982910156
2017-06-16,33.00794982910156,33.525329353127965,32.991707485838134,33.35828244614716,201444400,72.0,0.059,0.7351,-0.8316,8.0,31.0,13.0,-1.3999579748240953,0.5336218672898312,33.95220947265625
2017-06-19,33.95220947265625,34.045015233013565,33.33042680906225,33.33042680906225,130165600,93.0,0.20179999999999998,0.8176,-0.7096,14.0,41.0,17.0,2.8607037045426553,0.7145884239513123,33.643638610839844
2017-06-20,33.643638610839844,34.07517568222191,33.62739981459031,34.07517568222191,99600400,41.0,0.1447,0.7506,-0.5994,9.0,11.0,3.0,-0.9088388255406921,0.4477758676315986,33.84318161010742
2017-06-21,33.84318161010742,33.88958628326422,33.550851286189,33.761980512442065,85063200,70.0,-0.0258,0.6808,-0.6369,10.0,37.0,24.0,0.59310766464864,0.33873499707522114,33.787479400634766
2017-06-22,33.787479400634766,34.03572724556644,33.66915251831375,33.81996052633173,76425200,66.0,-0.0037,0.7269,-0.7184,7.0,36.0,20.0,-0.16458916337824814,0.36657472725269,33.93830108642578
2017-06-23,33.93830108642578,34.14247028877501,33.66685078249091,33.67149195713857,141757600,44.0,0.0409,0.6597,-0.8712,6.0,22.0,11.0,0.4463833599501532,0.4756195062840973,33.831581115722656
2017-06-26,33.831581115722656,34.402321729330055,33.72949650771373,34.14479139191816,102769600,28.0,0.22390000000000002,0.765,-0.6124,5.0,15.0,9.0,-0.31445289624650874,0.6728252216163213,33.3466796875
2017-06-27,33.3466796875,33.91046385671273,33.321158535145855,33.64365116570499,99047600,52.0,0.1341,0.7351,-0.7096,7.0,26.0,7.0,-1.433280420929861,0.5893053215668758,33.83390426635742
2017-06-28,33.83390426635742,33.89886656337777,33.21444008679785,33.52301276773436,88329600,62.0,0.0364,0.7841,-0.8834,4.0,36.0,16.0,1.4610887303423414,0.6844264765799224,33.33507537841797
2017-06-29,33.33507537841797,33.67149150233917,33.010263961048665,33.57404807712838,125997600,53.0,0.0549,0.7506,-0.5106,5.0,21.0,12.0,-1.4743462179606093,0.6612275412905078,33.413970947265625
2017-06-30,33.413970947265625,33.63206019414612,33.35828745651529,33.513733218824164,92096400,30.0,0.1094,0.8271,-0.6249,9.0,11.0,7.0,0.2366743376219782,0.27377273763082854,33.293312072753906
2017-07-03,33.293312072753906,33.710929238845075,33.200509831479685,33.613485823453566,57111200,98.0,0.3318,0.7906,-0.8316,19.0,44.0,22.0,-0.3611030688395078,0.51041940736539,33.43019104003906
2017-07-05,33.43019104003906,33.592596705261684,33.11233969951921,33.33738881424841,86278400,99.0,0.1096,0.7096,-0.8689,19.0,41.0,22.0,0.41113052070651523,0.4802570057424731,33.11466979980469
2017-07-06,33.11466979980469,33.29331786251225,33.040428701910386,33.18195444558119,96515200,59.0,0.0968,0.7269,-0.8047,11.0,25.0,10.0,-0.9438212299070603,0.2528891606018604,33.451072692871094
2017-07-07,33.451072692871094,33.58331958846352,33.154101307185634,33.154101307185634,76806800,34.0,0.1312,0.8462,-0.4215,7.0,10.0,5.0,1.0158727086820862,0.4292182812778833,33.655242919921875
2017-07-10,33.655242919921875,33.86173089842264,33.263146934412056,33.43483496042663,84362400,62.0,0.1355,0.7841,-0.8779,11.0,21.0,13.0,0.610354797663315,0.5985839640105866,33.764286041259766
2017-07-11,33.764286041259766,33.838530656946226,33.49747697651507,33.57867804222174,79127200,28.0,0.0864,0.8074,-0.5719,4.0,9.0,4.0,0.32400039897897415,0.341053680431159,33.813026428222656
2017-07-12,33.813026428222656,33.915107515591714,33.599578361611165,33.84318522077674,99538000,59.0,0.0933,0.7906,-0.6705,11.0,28.0,15.0,0.1443548573878628,0.3155291539805489,34.28399658203125
2017-07-13,34.28399658203125,34.45104347027611,33.74341478259706,33.75733476658762,100797600,97.0,0.1204,0.875,-0.802,16.0,46.0,16.0,1.3928660151387495,0.7076286876790547,34.57862091064453
2017-07-14,34.57862091064453,34.64590550529993,34.181887490427115,34.33037311357936,80528400,66.0,0.0595,0.7717,-0.5994,13.0,26.0,16.0,0.8593640123266688,0.46401801487281347,34.69928741455078
2017-07-17,34.69928741455078,35.01017882149063,34.46960062502861,34.5276029117045,95174000,69.0,0.15000000000000002,0.8689,-0.8126,10.0,31.0,16.0,0.3489627426671138,0.5405781964620218,34.81993865966797
2017-07-18,34.81993865966797,34.83153982687053,34.492804861523275,34.61576944547624,71475200,62.0,0.0486,0.807,-0.7506,15.0,24.0,17.0,0.34770525306693223,0.3387349653472569,35.038028717041016
2017-07-19,35.038028717041016,35.13083097657728,34.78977718550363,34.91274177246986,83692000,75.0,0.1324,0.886,-0.8126,23.0,23.0,11.0,0.626336707553321,0.34105379107364797,34.8802604675293
2017-07-20,34.8802604675293,35.20507545477402,34.84546050540773,35.14939197520025,68974800,40.0,0.1011,0.8176,-0.8658,8.0,21.0,9.0,-0.4502771853571397,0.35961494936628924,34.864017486572266
2017-07-21,34.864017486572266,34.90345861897583,34.54152489557479,34.799055204945354,105010400,47.0,0.2081,0.8316,-0.5423,12.0,17.0,4.0,-0.046567831602495335,0.36193372340104446,35.28626251220703
2017-07-24,35.28626251220703,35.36746711176589,34.77816202624112,34.93593005219546,85972800,82.0,0.41969999999999996,0.8126,-0.8239,18.0,38.0,14.0,1.2111198194453499,0.5893050855247708,35.43707275390625
2017-07-25,35.43707275390625,35.69228065092934,35.21898362396672,35.21898362396672,75415600,44.0,0.117,0.7717,-0.6486,9.0,17.0,9.0,0.42739080583285016,0.4732970269626193,35.604129791259766
2017-07-26,35.604129791259766,35.71317084727418,35.51132399653175,35.57860864023195,63124000,38.0,0.1041,0.8567,-0.5994,8.0,21.0,11.0,0.4714188401328867,0.20184685074242736,34.93130874633789
2017-07-27,34.93130874633789,35.72710223802041,34.17495993871165,35.67141874892319,129905200,63.0,0.1854,0.8074,-0.5574,13.0,27.0,9.0,-1.8897275368517596,1.5521422993087555,34.68536376953125
2017-07-28,34.68536376953125,34.85472943749042,34.61344150807646,34.775847185583764,68854800,61.0,0.1112,0.9254,-0.8126,11.0,21.0,7.0,-0.7040817697173352,0.24128792941395716,34.5067138671875
2017-07-31,34.5067138671875,34.87792985848564,34.367510525584244,34.77816410050082,79383600,83.0,0.2334,0.8481,-0.7556,20.0,35.0,21.0,-0.5150584653826895,0.5104193329013995,34.81297302246094
2017-08-01,34.81297302246094,34.85241415241093,34.43247816509669,34.59256504206811,141474400,62.0,0.0594,0.7906,-0.6597,6.0,32.0,16.0,0.8875349778370456,0.41993598731423987,36.457916259765625
2017-08-02,36.457916259765625,37.06346025912752,36.23054829293145,36.954415679689205,279747200,161.0,-0.0024,0.875,-0.7184,23.0,101.0,66.0,4.725086927345701,0.8329119661960647,36.09366607666016
2017-08-03,36.09366607666016,36.47416095066588,35.966060332900575,36.43703863608513,108389200,82.0,0.0263,0.7351,-0.6808,16.0,45.0,27.0,-0.9990976459272938,0.508100617765308,36.28390884399414
2017-08-04,36.28390884399414,36.5182367982239,36.12150315590527,36.20966776094429,82239600,58.0,0.0324,0.765,-0.8402,7.0,26.0,14.0,0.5270807540855404,0.3967336423186296,36.84537887573242
2017-08-07,36.84537887573242,36.87090002822453,36.34887935103253,36.43936279347197,87481200,102.0,0.2921,0.7717,-0.6293,20.0,34.0,18.0,1.5474353497920257,0.5220206771920033,37.14002227783203
2017-08-08,37.14002227783203,37.54603825885882,36.72008631531287,36.79664975369933,144823600,81.0,0.1059,0.7351,-0.508,10.0,44.0,20.0,0.7996753218181052,0.8259519435459524,37.36740112304688
2017-08-09,37.36740112304688,37.4161246126443,36.91498389183977,36.94978385570976,104526000,40.0,0.0465,0.7096,-0.8176,11.0,19.0,11.0,0.6122205407253389,0.5011407208045355,36.17718124389648
2017-08-10,36.17718124389648,37.26724649800394,36.01646567472079,37.24395304731005,163217200,72.0,0.0198,0.743,-0.7579,11.0,33.0,22.0,-3.1851823872662055,1.2507808232831508,36.68028259277344
2017-08-11,36.68028259277344,36.9341683844951,36.351867717935605,36.47531517491972,105028400,109.0,0.0518,0.6808,-0.8519,23.0,48.0,28.0,1.3906593371252107,0.5823006665594974,37.23230743408203
2017-08-14,37.23230743408203,37.31615887536622,36.97609370957996,37.108859972480495,88490800,94.0,-0.2296,0.7269,-0.899,15.0,40.0,33.0,1.5049634361796072,0.3400651657862568,37.639915466308594
2017-08-15,37.639915466308594,37.77966548996639,37.29985032265383,37.42096985308881,117862000,38.0,-0.1405,0.6705,-0.6808,8.0,16.0,19.0,1.094769731766454,0.4798151673125588,37.48851013183594
2017-08-16,37.48851013183594,37.85186512027864,37.30217323789386,37.71910243792333,110686400,69.0,0.0521,0.7603,-0.7506,8.0,35.0,20.0,-0.4022467441728961,0.5496918823847778,36.76879119873047
2017-08-17,36.76879119873047,37.43261533993221,36.76413179853818,37.388359923307966,111762400,59.0,0.1033,0.8316,-0.8979,9.0,29.0,12.0,-1.919838720115663,0.668483541394032,36.6849365234375
2017-08-18,36.6849365234375,37.15077698722718,36.50325902688598,36.76878794908287,109712400,65.0,-0.0381,0.7783,-0.7269,10.0,34.0,28.0,-0.22805937470107285,0.6475179603412045,36.61738967895508
2017-08-21,36.61738967895508,36.77577372401931,36.12825579092864,36.684934979566464,105474000,111.0,0.006999999999999999,0.7964,-0.8225,13.0,52.0,30.0,-0.18412692206586367,0.6475179330906684,37.21599960327149
2017-08-22,37.21599960327149,37.26724234582348,36.806061216936655,36.85497248223008,86418400,64.0,0.0208,0.6808,-0.8316,10.0,26.0,15.0,1.6347695167917786,0.46118112888682816,37.26258087158203
2017-08-23,37.26258087158203,37.376713074383446,37.006370727162285,37.05062614363796,77596400,66.0,0.1631,0.8658,-0.8126,19.0,27.0,10.0,0.12516463028564573,0.3703423472211611,37.09720993041992
2017-08-24,37.09720993041992,37.43960298887121,36.92950706284864,37.36739472454608,79275600,57.0,0.0526,0.8316,-0.5267,8.0,15.0,9.0,-0.4437989460043812,0.510095926022565,37.23462677001953
2017-08-25,37.23462677001953,37.39767021433604,37.09720469224423,37.18571195968431,101920400,19.0,0.1565,0.7845,-0.2732,3.0,6.0,1.0,0.37042365142108125,0.3004655220918053,37.60963439941406
2017-08-28,37.60963439941406,37.73308185201082,37.25093521127621,37.29985002932449,103864000,74.0,0.3587,0.7783,-0.743,13.0,27.0,11.0,1.0071475449741296,0.4821466407346122,37.94503402709961
2017-08-29,37.94503402709961,37.99394528318715,37.26723533152812,37.29052877524253,118067600,58.0,-0.0681,0.7351,-0.6486,8.0,28.0,22.0,0.8917917789989849,0.7267099516590321,38.04752731323242
2017-08-30,38.04752731323242,38.17330269453287,37.87516503492764,38.15234072332967,109078400,58.0,0.0486,0.7351,-0.5994,6.0,18.0,10.0,0.2701098806753288,0.2981376596052314,38.19890975952149
2017-08-31,38.19890975952149,38.32002924902332,38.07779027001965,38.11505835203251,107140400,68.0,0.0428,0.7184,-0.6124,10.0,33.0,18.0,0.3978772261408414,0.2422389790036732,38.2105598449707
2017-09-01,38.2105598449707,38.41785868256609,38.11273378663044,38.38524999645266,66364400,51.0,0.0902,0.8074,-0.5719,5.0,17.0,6.0,0.03049847632445868,0.3051248959356485,37.7517204284668
2017-09-05,37.7517204284668,38.25715702322757,37.39768059816229,38.14069688008228,117874000,122.0,-0.026200000000000008,0.8316,-0.8481,26.0,51.0,45.0,-1.2008183558825825,0.8594764250652815,37.71212005615234
2017-09-06,37.71212005615234,37.96367436281888,37.38836103771766,37.89845697450694,86606800,75.0,0.0032,0.7269,-0.6124,11.0,30.0,20.0,-0.10489686791756991,0.5753133251012201,37.56070709228516
2017-09-07,37.56070709228516,37.7889714285036,37.35108035110812,37.75403126892082,87714000,62.0,0.0419,0.8591,-0.8402,17.0,13.0,11.0,-0.4014968228827298,0.43789107739547717,36.94814682006836
2017-09-08,36.94814682006836,37.53510339320149,36.92485336938525,37.46755807275102,114446000,54.0,0.0584,0.7783,-0.5719,6.0,16.0,7.0,-1.6308539418913748,0.610250023816242,37.61662292480469
2017-09-11,37.61662292480469,37.74472978180447,37.24162115472234,37.38370265901643,126323200,119.0,0.06169999999999999,0.7003,-0.7964,23.0,49.0,31.0,1.809227694129567,0.5031086270821348,37.46755599975586
2017-09-12,37.46755599975586,38.18961028200346,36.98075347251428,37.87516648558694,286856000,60.0,0.1043,0.802,-0.6808,11.0,27.0,10.0,-0.39627939314704763,1.208856809489177,37.18572616577149
2017-09-13,37.18572616577149,37.25793444748649,36.78044709993865,37.23696891843019,179629600,59.0,0.0914,0.7003,-0.5994,8.0,24.0,10.0,-0.7521970047531412,0.47748734754784294,36.86661529541016
2017-09-14,36.86661529541016,37.127484826851486,36.822359881166186,37.03199022957224,95042800,73.0,0.0324,0.7269,-0.6124,6.0,36.0,19.0,-0.8581541985727359,0.3051249456853,37.239288330078125
2017-09-15,37.239288330078125,37.49317053339173,36.80139715072568,36.91086994556379,196458400,70.0,-0.0195,0.743,-0.7184,7.0,33.0,20.0,1.010868591222036,0.6917733826660495,36.95745086669922
2017-09-18,36.95745086669922,37.383695295624975,36.80139474584889,37.292856552023125,113077600,72.0,0.2056,0.8271,-0.7351,11.0,28.0,15.0,-0.7568282746995059,0.582300549776086,36.97142791748047
2017-09-19,36.97142791748047,37.21366695223824,36.903882613105765,37.15310541650842,83242400,36.0,0.1172,0.7269,-0.6908,6.0,19.0,6.0,0.03781930423627511,0.30978433913247727,36.35185623168945
2017-09-20,36.35185623168945,36.86194846899141,35.830113719840035,36.778097057338464,211805600,64.0,0.0259,0.6597,-0.7003,10.0,25.0,12.0,-1.6758121627703626,1.031834749151372,35.727638244628906
2017-09-21,35.727638244628906,36.28897691957961,35.57856942162137,36.28897691957961,150046800,63.0,0.1021,0.8074,-0.8126,11.0,21.0,8.0,-1.7171557432502982,0.7104074979582435,35.37825012207031
2017-09-22,35.37825012207031,35.466760938093564,35.06846582006925,35.296726627935186,186581600,81.0,0.0342,0.8176,-0.7003,12.0,45.0,27.0,-0.9779211269614785,0.39829511802431483,35.06614685058594
2017-09-25,35.06614685058594,35.36428450753414,34.7423878221462,34.935712069931256,177549200,63.0,-0.1046,0.7579,-0.7845,10.0,33.0,21.0,-0.882189679838552,0.621896685387938,35.66941452026367
2017-09-26,35.66941452026367,35.85109206953184,35.33168079683345,35.35264277080707,146640000,70.0,0.062,0.7906,-0.743,14.0,32.0,20.0,1.7203705677963699,0.5194112726983846,35.92329025268555
2017-09-27,35.92329025268555,36.03742245811878,35.762574706654625,35.823136248104575,102016800,66.0,0.0203,0.8271,-0.8779,8.0,36.0,21.0,0.711746284138326,0.27484775146415785,35.70200729370117
2017-09-28,35.70200729370117,35.934927489278074,35.56691315377695,35.84408875516629,88022000,58.0,0.0561,0.7184,-0.5994,11.0,21.0,13.0,-0.6159874483318895,0.3680143355011225,35.89765548706055
2017-09-29,35.89765548706055,35.89998696337314,35.4038658636364,35.68570083331964,105199200,58.0,0.0526,0.796,-0.7964,13.0,23.0,17.0,0.5480033426408903,0.49612109973674023,35.82546615600586
2017-10-02,35.82546615600586,35.97453498662579,35.571583914714,35.93027956667778,74795200,71.0,0.246,0.7845,-0.6486,7.0,32.0,12.0,-0.2010976206529902,0.4029510719117937,35.98152160644531
2017-10-03,35.98152160644531,36.12360311051281,35.84875890327996,35.87204879737292,64921200,49.0,0.0767,0.6808,-0.743,10.0,20.0,12.0,0.43559921805313984,0.27484420723285297,35.74860000610352
2017-10-04,35.74860000610352,35.837110840962715,35.51102390318841,35.78354017706002,80655200,85.0,0.0579,0.891,-0.6597,15.0,30.0,17.0,-0.6473367160216625,0.3260869377743063,36.19347381591797
2017-10-05,36.19347381591797,36.20512053804694,35.88136156571288,35.91163877835149,85135200,64.0,-0.0031,0.743,-0.7351,12.0,33.0,26.0,1.24445099874817,0.3237589723340619,36.17251205444336
2017-10-06,36.17251205444336,36.21676746633701,36.00014980656297,36.09564795285132,69630400,57.0,0.1177,0.7964,-0.765,13.0,23.0,12.0,-0.0579158595862439,0.21661765977403746,36.29829025268555
2017-10-09,36.29829025268555,36.50558912928541,36.21677029910365,36.29130292963798,65051600,67.0,0.2558,0.8591,-0.765,13.0,32.0,16.0,0.3477176206420962,0.2888188301817607,36.31227111816406
2017-10-10,36.31227111816406,36.801405139755445,36.125937732873545,36.34953921685477,62468000,66.0,0.0389,0.6369,-0.765,13.0,34.0,19.0,0.038516595082560556,0.6754674068819,36.46366882324219
2017-10-11,36.46366882324219,36.56382283295449,36.27733189722351,36.32857464073067,67622400,64.0,0.0683,0.8422,-0.6908,8.0,31.0,16.0,0.4169326247467797,0.2864909357309813,36.3355598449707
2017-10-12,36.3355598449707,36.65465945758535,36.27267038086556,36.41708335599889,64500400,80.0,0.0833,0.8885,-0.7845,14.0,18.0,7.0,-0.35133321030446085,0.38198907671979043,36.56614303588867
2017-10-13,36.56614303588867,36.63368832927769,36.43104889503047,36.505581510008696,65576800,40.0,0.0847,0.7717,-0.872,9.0,18.0,9.0,0.6345937475623842,0.2026394342472173,37.239288330078125
2017-10-16,37.239288330078125,37.26723762098803,36.719873646797474,36.77810370558026,96486000,77.0,0.24659999999999999,0.7184,-0.8316,18.0,29.0,11.0,1.8408977220506495,0.5473639741905529,37.376708984375
2017-10-17,37.376708984375,37.469875653227085,37.08788662440458,37.21599345963665,75989200,73.0,0.0386,0.743,-0.8126,18.0,30.0,20.0,0.3690206243438965,0.3819890288225025,37.21132659912109
2017-10-18,37.21132659912109,37.432603612919934,37.17406207150014,37.36505477057717,65496800,44.0,0.0224,0.743,-0.8689,10.0,18.0,12.0,-0.44247444397271796,0.25854154141979535,36.330902099609375
2017-10-19,36.330902099609375,36.587115813870575,36.10730063450979,36.51025169959222,170336800,34.0,0.0429,0.8172,-0.7269,6.0,20.0,14.0,-2.366012125814687,0.4798151793607843,36.3937873840332
2017-10-20,36.3937873840332,36.74316774291992,36.32624207844399,36.477638812329246,95896400,30.0,0.0577,0.6597,-0.6124,7.0,13.0,8.0,0.17309034675607737,0.41692566447593293,36.375144958496094
2017-10-23,36.375144958496094,36.72918463574887,36.2190888606344,36.542847776453726,87937200,51.0,0.0022000000000000006,0.765,-0.8658,5.0,21.0,14.0,-0.0512241975268779,0.5100957751144719,36.59176254272461
2017-10-24,36.59176254272461,36.66629515392034,36.38213224344669,36.40309420715049,71028800,34.0,0.1396,0.7269,-0.6908,7.0,15.0,4.0,0.5955098858731134,0.28416291047364695,36.43104934692383
2017-10-25,36.43104934692383,36.69657823284768,36.16552046099998,36.54750944696201,84828400,82.0,0.2228,0.9217,-0.6369,23.0,32.0,11.0,-0.4392059431767792,0.5310577718476992,36.663970947265625
2017-10-26,36.663970947265625,36.76179700854424,36.51723007830754,36.62204346152888,68002000,65.0,0.0827,0.7269,-0.743,10.0,30.0,13.0,0.6393491390372708,0.24456693023670084,37.977638244628906
2017-10-27,37.977638244628906,38.10574506181474,36.96443398170839,37.10185604283496,177816800,60.0,0.1733,0.8807,-0.6369,11.0,33.0,12.0,3.5829924130497126,1.1413110801063482,38.83246612548828
2017-10-30,38.83246612548828,39.14690989888157,38.13370534379751,38.17330136160359,178803200,92.0,0.03230000000000001,0.802,-0.7096,22.0,40.0,24.0,2.250871619117256,1.0132045550840587,39.37282180786133
2017-10-31,39.37282180786133,39.51490324591135,38.883691610206846,39.107292970826165,144187200,60.0,0.0358,0.8225,-0.6808,10.0,30.0,19.0,1.3915049346257646,0.6312116357045028,38.8720588684082
2017-11-01,38.8720588684082,39.582466314093104,38.57392124433074,39.56616019126847,134551200,63.0,0.2289,0.7845,-0.4019,13.0,27.0,6.0,-1.271849251488344,1.0085450697623628,39.156227111816406
2017-11-02,39.156227111816406,39.24706587583461,38.49706231483044,38.804518780172856,165573600,49.0,0.1961,0.8658,-0.296,9.0,20.0,5.0,0.731034711513967,0.7500035610041706,40.178741455078125
2017-11-03,40.178741455078125,40.588679798570986,39.85731038613164,40.52812181555706,237594400,44.0,0.0081,0.886,-0.6908,9.0,11.0,10.0,2.6113709585496414,0.7313694124393493,40.58635711669922
2017-11-06,40.58635711669922,40.75871939626235,39.99706911692099,40.14846587104661,140105200,108.0,0.01150000000000001,0.8555,-0.8934,32.0,43.0,31.0,1.0145057979897842,0.7616502793413602,40.7167854309082
2017-11-07,40.7167854309082,40.81927090225437,40.43495393878697,40.50715864248612,97446000,28.0,0.146,0.743,-0.7964,9.0,10.0,6.0,0.3213599925560251,0.3843169634673984,41.04985809326172
2017-11-08,41.04985809326172,41.04985809326172,40.60497964998318,40.68184374390672,97638000,60.0,-0.0123,0.6249,-0.8519,13.0,25.0,16.0,0.8180229819927831,0.4448784432785402,40.96601104736328
2017-11-09,40.96601104736328,41.01725378211168,40.327808339911776,40.78666147574387,117930400,52.0,0.1195,0.7783,-0.7003,11.0,24.0,11.0,-0.2042566035379334,0.6894454421999043,40.8304443359375
2017-11-10,40.8304443359375,40.99641382075227,40.73694271175288,40.93329826265557,100582000,53.0,-0.0192,0.7783,-0.8074,13.0,24.0,19.0,-0.3309248519926533,0.2594711089993851,40.66679763793945
2017-11-13,40.66679763793945,40.7906888430598,40.53355413421182,40.55693131387321,67928400,52.0,0.0985,0.7269,-0.7351,9.0,21.0,14.0,-0.4007957803535578,0.2571347088479783,40.05201721191406
2017-11-14,40.05201721191406,40.55225821938238,40.01461514838106,40.44940432809518,99130000,53.0,0.1141,0.8271,-0.5423,10.0,27.0,15.0,-1.511750277213475,0.5376430710013196,39.523719787597656
2017-11-15,39.523719787597656,39.813580380903474,39.36009024575425,39.731763826553525,116632400,70.0,0.0654,0.6908,-0.765,12.0,32.0,15.0,-1.3190282564825684,0.45349013514922376,39.99592208862305
2017-11-16,39.99592208862305,40.17591285134274,39.808915317218215,40.01461955559179,94550000,59.0,0.1683,0.7783,-0.6249,4.0,41.0,10.0,1.1947314259969088,0.36699753412452196,39.77384948730469
2017-11-17,39.77384948730469,40.06371016093212,39.65463440953874,39.98189358391045,87598000,74.0,-0.0272,0.7672,-0.8402,6.0,45.0,24.0,-0.5552381085908942,0.4090757513933809,39.7341194152832
2017-11-20,39.7341194152832,39.86969926347399,39.63594164249503,39.806583707089366,65049600,103.0,0.050300000000000004,0.8074,-0.8126,21.0,45.0,25.0,-0.0998899340486692,0.23375762097896313,40.4727783203125
2017-11-21,40.4727783203125,40.60368196550586,39.921110410671325,39.921110410671325,100525200,64.0,0.1008,0.8934,-0.5719,14.0,28.0,15.0,1.8590040899338023,0.6825715548345315,40.898231506347656
2017-11-22,40.898231506347656,40.90758024098525,40.45175363167157,40.52421791740119,102355600,60.0,0.1691,0.7964,-0.5267,11.0,28.0,9.0,1.0512082532807776,0.45582660931367514,40.90056610107422
2017-11-24,40.90056610107422,41.02445733931441,40.825761959645845,40.93095572938672,56106800,96.0,0.1881,0.8074,-0.5859,15.0,46.0,22.0,0.005708302390039499,0.198695379668564,40.69485855102539
2017-11-27,40.69485855102539,40.92627985240134,40.51954035609574,40.91926740995278,82867200,65.0,0.5115,0.6705,-0.7506,9.0,32.0,14.0,-0.502945483787387,0.4067394963056046,40.45641708374024
2017-11-28,40.45641708374024,40.87717778066195,40.17356890543842,40.74393784446522,105715200,54.0,0.0542,0.5994,-0.7003,7.0,30.0,15.0,-0.5859252882920774,0.7036088752235301,39.61722946166992
2017-11-29,39.61722946166992,40.42135602235848,39.07491378830195,40.35356790075893,166665600,65.0,0.1128,0.9217,-0.5423,6.0,33.0,8.0,-2.0743004016724798,1.346442234056532,40.17123031616211
2017-11-30,40.17123031616211,40.239018425988334,39.37411633522319,39.8392915065516,166108800,68.0,0.0322,0.7717,-0.8313,10.0,34.0,20.0,1.3983836376750824,0.8649020907651419,39.98423385620117
2017-12-01,39.98423385620117,40.12916241108595,39.38815132748786,39.727099097349935,159037200,2.0,0.0,0.0,0.0,0.0,0.0,0.0,-0.46549846367464065,0.7410110835980888,39.69203186035156
2017-12-04,39.69203186035156,40.3512262825852,39.652293505718426,40.31850036895455,130169600,83.0,0.2015,0.6705,-0.8074,10.0,50.0,20.0,-0.730793034325683,0.6989327768667764,39.65462875366211
2017-12-05,39.65462875366211,40.09409406815887,39.36476812137704,39.51904895308636,109400800,63.0,0.0283,0.891,-0.8591,8.0,28.0,18.0,-0.09423328798345842,0.7293259467818274,39.50736999511719
2017-12-06,39.50736999511719,39.785542104908174,38.9112909791169,39.154397309411614,114240000,105.0,0.0425,0.7783,-0.6908,11.0,37.0,22.0,-0.37135326486021913,0.8742511257912753,39.579833984375
2017-12-07,39.579833984375,39.84164132481947,39.48399252337033,39.51204229074438,102693200,54.0,0.1159,0.7096,-0.6249,11.0,22.0,11.0,0.183418914665201,0.35764880144913747,39.59151077270508
2017-12-08,39.59151077270508,39.97253667893352,39.46294698774947,39.85332162553846,93420800,56.0,0.2297,0.7324,-0.4019,12.0,32.0,9.0,0.029501862829151015,0.5095896911840541,40.3629264831543
2017-12-11,40.3629264831543,40.414353443203005,39.455945806140505,39.55178728321837,141095200,98.0,0.42400000000000004,0.8176,-0.6369,10.0,37.0,10.0,1.948437165931649,0.9584076370624999,40.13616943359375
2017-12-12,40.13616943359375,40.29746270901659,40.08006990604287,40.24135961460868,77636800,42.0,0.0661,0.8979,-0.5903,4.0,13.0,4.0,-0.5617953635130624,0.21739280297371977,40.2694091796875
2017-12-13,40.2694091796875,40.566278663503006,40.2062936502376,40.32317241084876,95273600,69.0,0.0172,0.8176,-0.802,13.0,32.0,19.0,0.3319692635695981,0.3599850132654083,40.25772476196289
2017-12-14,40.25772476196289,40.47044498436394,40.12448124896759,40.29979940805167,81906000,65.0,0.1735,0.8225,-0.6705,8.0,28.0,7.0,-0.02901561746900816,0.34596373539634584,40.66679763793945
2017-12-15,40.66679763793945,40.7135484304054,40.31382505293616,40.58732093406165,160677200,46.0,0.1887,0.7845,-0.7096,16.0,19.0,9.0,1.0161351104547967,0.39972337746924325,41.23950958251953
2017-12-18,41.23950958251953,41.42184019960957,40.874848348339455,40.87952449840411,117684400,64.0,0.11810000000000001,0.7964,-0.9062,9.0,25.0,10.0,1.4083035248533493,0.5469918512701142,40.800052642822266
2017-12-19,40.800052642822266,40.9987480427545,40.6948624292115,40.91459515849426,109745600,47.0,0.1201,0.8271,-0.719,11.0,17.0,9.0,-1.0656211583164432,0.30388561354300236,40.755638122558594
2017-12-20,40.755638122558594,41.00575689448895,40.49850334126773,40.87718950384352,93902400,52.0,0.0783,0.7003,-0.3818,3.0,28.0,10.0,-0.1088589778363569,0.5072535532212186,40.90990447998047
2017-12-21,40.90990447998047,41.14600187060093,40.69718783621033,40.71354900872024,83799600,48.0,0.1027,0.7964,-0.6249,13.0,17.0,9.0,0.378515377327604,0.448814034390594,40.90990447998047
2017-12-22,40.90990447998047,41.00574592435399,40.79068942247038,40.83276406623033,65397600,57.0,0.1232,0.802,-0.8807,13.0,28.0,11.0,0.0,0.21505650188360903,39.87202835083008
2017-12-26,39.87202835083008,40.082408726132456,39.66398070018009,39.925791590410505,132742000,118.0,0.033699999999999994,0.8271,-0.8402,19.0,49.0,25.0,-2.5369800842685475,0.41842802595236606,39.879051208496094
2017-12-27,39.879051208496094,39.92112586780343,39.67100707036292,39.76217239905368,85992800,37.0,0.0831,0.876,-0.765,13.0,14.0,10.0,0.01761349486466557,0.25011879744051413,39.991241455078125
2017-12-28,39.991241455078125,40.17123576447634,39.85098550053407,39.97254042334844,65920800,62.0,0.0659,0.7783,-0.743,15.0,29.0,15.0,0.2813262682591855,0.3202502639422704,39.558780670166016
2017-12-29,39.558780670166016,39.87669101238932,39.556444379237625,39.86032984217784,103999600,56.0,0.1132,0.8442,-0.7351,16.0,14.0,8.0,-1.0813887470782602,0.3202466331516973,40.2670783996582
2018-01-02,40.2670783996582,40.27643070005527,39.565805677893536,39.776189634537445,102223600,102.0,0.16,0.8374,-0.6808,16.0,42.0,21.0,1.7904943415669061,0.7106250221617358,40.26005554199219
2018-01-03,40.26005554199219,40.80237468527682,40.19694358149866,40.330183509397145,118071600,51.0,0.0714,0.7269,-0.4588,5.0,25.0,13.0,-0.017440693353298897,0.6054311037781588,40.44706344604492
2018-01-04,40.44706344604492,40.54991732565844,40.22499451516484,40.33252097704683,89738400,67.0,0.1016,0.743,-0.8126,13.0,35.0,16.0,0.46449986602150606,0.3249228104936037,40.90756988525391
2018-01-05,40.90756988525391,40.9940590344742,40.451743391332485,40.54290869011677,94640000,58.0,0.0585,0.8316,-0.7783,14.0,20.0,14.0,1.1385410953833386,0.5423156431417127,40.755638122558594
2018-01-08,40.755638122558594,41.050171408244445,40.65745679380547,40.755638122558594,82271200,86.0,0.1889,0.8494,-0.8225,16.0,39.0,17.0,-0.3714025622189032,0.3927146144389724,40.750953674316406
2018-01-09,40.750953674316406,40.92159568523213,40.53589715868877,40.802380620103136,86336000,56.0,0.1684,0.7865,-0.7579,18.0,17.0,7.0,-0.011493988213606698,0.3856985265433579,40.741607666015625
2018-01-10,40.741607666015625,40.74394752463994,40.44006195266457,40.47746402207704,95839600,65.0,0.1419,0.87,-0.5719,10.0,30.0,10.0,-0.022934452959000318,0.30388557197537125,40.9730224609375
2018-01-11,40.9730224609375,41.02211311511454,40.7883555686387,40.81172918317203,74670800,43.0,0.1356,0.8225,-0.6249,8.0,19.0,7.0,0.5680060463468362,0.23375754647584301,41.3961296081543
2018-01-12,41.3961296081543,41.45924515442277,41.0595181171993,41.18340935111223,101672400,83.0,0.0954,0.8591,-0.743,19.0,29.0,14.0,1.03264812260353,0.3997270372234638,41.18574905395508
2018-01-16,41.18574905395508,41.933772604993706,41.17406046145214,41.58547252280897,118263600,181.0,0.37460000000000004,0.8689,-0.7964,26.0,88.0,43.0,-0.5082131015402447,0.759712143541563,41.86597442626953
2018-01-17,41.86597442626953,41.90103662850465,40.92393187974709,41.17638686955348,137547200,70.0,0.0346,0.7184,-0.8555,11.0,34.0,18.0,1.6516037414381568,0.9771047487575615,41.90337753295898
2018-01-18,41.90337753295898,42.099736587663685,41.66728368925117,41.9290910063812,124773600,70.0,0.1692,0.8402,-0.4019,12.0,27.0,7.0,0.08934010781311841,0.4324528984125138,41.71637725830078
2018-01-19,41.71637725830078,41.97818459371661,41.47093109791973,41.75143946684489,129700400,53.0,0.079,0.7845,-0.7351,11.0,22.0,12.0,-0.44626539832287593,0.5072534957968813,41.37508392333984
2018-01-22,41.37508392333984,41.557414516297534,41.2815823355666,41.44521189759825,108434400,60.0,0.09400000000000001,0.7096,-0.5859,8.0,24.0,10.0,-0.8181279329403712,0.2758321807309372,41.38444137573242
2018-01-23,41.38444137573242,41.9454617211586,41.33301798842127,41.44522063076343,130756400,68.0,0.1775,0.8271,-0.5994,8.0,38.0,10.0,0.022616153262489114,0.6124437327373329,40.72525024414063
2018-01-24,40.72525024414063,41.445224095841,40.48681648822852,41.4335355022149,204420400,61.0,0.1109,0.7184,-0.8625,16.0,25.0,11.0,-1.5928477217003967,0.9584076076124788,39.99824905395508
2018-01-25,39.99824905395508,40.89587706717088,39.86266926547092,40.79302318853761,166116000,63.0,0.0284,0.6705,-0.8271,6.0,37.0,19.0,-1.7851362135955284,1.0332078016999588,40.09175109863281
2018-01-26,40.09175109863281,40.20629356786549,39.75280340692622,40.20629356786549,156572000,21.0,0.0486,0.6369,-0.5859,3.0,8.0,4.0,0.23376534445695984,0.45349016093926764,39.26192092895508
2018-01-29,39.26192092895508,39.7761868421077,39.05387684544463,39.7761868421077,202561600,84.0,0.3454,0.765,-0.7845,13.0,45.0,16.0,-2.0698277000578136,0.7223099966630713,39.03049087524414
2018-01-30,39.03049087524414,39.12399245045376,38.499860340445615,38.6938794975192,184192800,67.0,0.0701,0.765,-0.8689,9.0,27.0,13.0,-0.589451683043507,0.6241321100081478,39.138031005859375
2018-01-31,39.138031005859375,39.37412845107517,38.92063816244911,39.00712732808231,129915600,33.0,0.1669,0.8402,-0.5267,7.0,14.0,5.0,0.27552851169352355,0.4534902886260639,39.219844818115234
2018-02-01,39.219844818115234,39.41620032091382,38.98141109794126,39.07725255770871,188923200,111.0,0.1049,0.802,-0.765,27.0,41.0,25.0,0.2090391625567678,0.4347892229725616,37.5180892944336
2018-02-02,37.5180892944336,38.990762671698725,37.42458769489759,38.80375590576933,346375200,77.0,0.1256,0.7717,-0.7845,13.0,47.0,19.0,-4.339016463664358,1.5661749768011362,36.58071517944336
2018-02-05,36.58071517944336,38.30818309023463,36.46617271185696,37.19082244248908,290954000,64.0,-0.1014,0.6808,-0.7717,13.0,26.0,19.0,-2.4984590969810316,1.8420103783776653,38.109500885009766
2018-02-06,38.109500885009766,38.27079419819336,35.998670062167655,36.19268929636981,272975200,71.0,0.0359,0.7783,-0.7425,15.0,38.0,23.0,4.179212183433512,2.2721241360257025,37.29366683959961
2018-02-07,37.29366683959961,38.19597085627913,37.18380410536045,38.12350660807931,206434400,112.0,0.019,0.743,-0.8225,18.0,40.0,28.0,-2.14076287136854,1.0121667509186807,36.26747894287109
2018-02-08,36.26747894287109,37.63496190465887,36.2394291809823,37.46899249081761,217562000,66.0,0.1567,0.8225,-0.6369,16.0,31.0,13.0,-2.7516411865375567,1.395532723676574,36.71108627319336
2018-02-09,36.71108627319336,37.0584569628266,35.262922282513344,36.86599613070262,282690400,62.0,0.0206,0.7506,-0.6597,16.0,28.0,20.0,1.2231545816047795,1.7955346803132528,38.18975830078125
2018-02-12,38.18975830078125,38.46671505344137,36.96926047548856,37.201625228363696,243278000,141.0,0.0759,0.7964,-0.7579,25.0,49.0,25.0,4.027862364474966,1.4974545779528086,38.57234191894531
2018-02-13,38.57234191894531,38.66857413140311,37.94096978650724,38.01138368785197,130196800,42.0,0.0739,0.7684,-0.5994,9.0,18.0,10.0,1.0017963851743916,0.7276043448958731,39.28351593017578
2018-02-14,39.28351593017578,39.32341630642415,38.22966752219258,38.26721850010876,162579600,59.0,0.0796,0.6808,-0.9325,10.0,27.0,13.0,1.84374081492098,1.0937487842315718,40.60258483886719
2018-02-15,40.60258483886719,40.626053748209934,39.66608832808962,39.85150811191413,204588800,65.0,-0.0527,0.5994,-0.7645,19.0,31.0,23.0,3.357817846640754,0.9599654201203123,40.471153259277344
2018-02-16,40.471153259277344,41.032115117639805,40.31624696133215,40.454725377080166,160704400,58.0,0.0131,0.7269,-0.8225,12.0,22.0,14.0,-0.3237024936009192,0.715868156307657,40.33501815795898
2018-02-20,40.33501815795898,40.90066798371368,40.23409073734247,40.381959561813375,135722000,139.0,-0.3062,0.7579,-0.8126,31.0,65.0,50.0,-0.33637564130238884,0.6665772463712116,40.151947021484375
2018-02-21,40.151947021484375,40.867811539145606,40.13786137607023,40.56503641863772,149886400,54.0,0.0845,0.7783,-0.836,8.0,28.0,13.0,-0.4538764201311718,0.7299501630753795,40.487579345703125
2018-02-22,40.487579345703125,40.82790900653201,40.30215954364588,40.32328263855121,123967600,48.0,0.0419,0.7096,-0.7184,9.0,27.0,15.0,0.8359054768605878,0.5257494628861323,41.19173049926758
2018-02-23,41.19173049926758,41.22693567397139,40.73169592186375,40.76220946087458,135249600,67.0,0.1182,0.8779,-0.7845,16.0,32.0,15.0,1.7391781996944244,0.4952397521076364,42.00615692138672
2018-02-26,42.00615692138672,42.10473494491624,41.35835694616437,41.39121628734088,152648800,109.0,-0.22010000000000002,0.7717,-0.8225,27.0,41.0,30.0,1.9771600082050922,0.7463779987518677,41.87002182006836
2018-02-27,41.87002182006836,42.36056609144427,41.816039387401,42.03666791404071,155712400,43.0,0.0432,0.743,-0.8074,8.0,15.0,9.0,-0.32408368509676544,0.5445267040432711,41.80665588378906
2018-02-28,41.80665588378906,42.39343245337469,41.79022800216865,42.074225856264114,151128400,59.0,-0.0122,0.7603,-0.8225,16.0,17.0,17.0,-0.1513396304200776,0.6032044512060466,41.074363708496094
2018-03-01,41.074363708496094,42.19628032785042,40.525141647587134,41.9052378328404,195208000,83.0,0.0885,0.8074,-0.7717,18.0,45.0,26.0,-1.7516162434243476,1.671138680263283,41.35837173461914
2018-03-02,41.35837173461914,41.37949483691423,40.475857259348544,40.55800743236392,153816000,28.0,-0.0511,0.7184,-0.8779,9.0,9.0,10.0,0.6914483889236767,0.9036375775656893,41.50152969360352
2018-03-05,41.50152969360352,41.71746301418378,40.96169460145311,41.12364548723818,113605600,105.0,-0.4146,0.6597,-0.9169,25.0,50.0,42.0,0.346140220178337,0.7557684127306672,41.46633529663086
2018-03-06,41.46633529663086,41.83717859982234,41.33959310558097,41.75737782836868,95154000,63.0,-0.0095,0.7927,-0.8591,17.0,27.0,18.0,-0.08480265000470055,0.49758549424137044,41.08138656616211
2018-03-07,41.08138656616211,41.27385093288928,40.90300784056516,41.06026347656485,126814000,80.0,-0.0621,0.7184,-0.8779,20.0,35.0,29.0,-0.9283403698807868,0.3708430923241224,41.52970123291016
2018-03-08,41.52970123291016,41.57194742905669,41.090793481964944,41.187022122543205,95096400,59.0,0.0557,0.8074,-0.8555,21.0,20.0,16.0,1.0912841659471262,0.4811539470917481,42.24321365356445
2018-03-09,42.24321365356445,42.24790886845284,41.635314046604286,41.7691008104262,128740800,64.0,0.1163,0.8494,-0.7717,13.0,32.0,17.0,1.7180774228370055,0.6125948218485533,42.651611328125
2018-03-12,42.651611328125,42.80886700334209,42.29719960470139,42.31597330142616,128828400,91.0,-0.1689,0.8316,-0.8402,26.0,41.0,28.0,0.9667770021234867,0.5116673986406965,42.24087142944336
2018-03-13,42.24087142944336,43.069399648429766,42.069533676140765,42.855812120337546,126774000,58.0,0.0088,0.7506,-0.8658,14.0,29.0,21.0,-0.9630114452693461,0.9998659722890011,41.88175964355469
2018-03-14,41.88175964355469,42.36995811673612,41.73389082089603,42.32301671345703,117473600,86.0,-0.0143,0.7935,-0.9287,18.0,40.0,28.0,-0.8501524086417356,0.6360672958400926,41.93104934692383
2018-03-15,41.93104934692383,42.30424194138419,41.79492034377192,41.89584418772932,90975200,70.0,0.0716,0.7269,-0.7717,8.0,34.0,13.0,0.11768775664784403,0.5093215976122707,41.78319549560547
2018-03-16,41.78319549560547,42.041375090064086,41.689309076474494,41.93106078596063,157618800,61.0,0.0243,0.7885,-0.7717,10.0,30.0,19.0,-0.35261185594250843,0.35206601358959233,41.1447639465332
2018-03-19,41.1447639465332,41.65408545749349,40.75983875209598,41.61888030428851,133787200,80.0,-0.1262,0.8519,-0.8834,13.0,34.0,26.0,-1.5279624774974687,0.8942467053975065,41.13068771362305
2018-03-20,41.13068771362305,41.49683568443578,41.06027381583607,41.13068771362305,78597600,43.0,0.0182,0.7964,-0.8221,9.0,17.0,12.0,-0.03421148053843748,0.4365618685997106,40.19889068603516
2018-03-21,40.19889068603516,41.09548343216158,40.196541287634304,41.08374718435731,148219600,59.0,0.0851,0.7506,-0.8316,10.0,24.0,11.0,-2.265454528928923,0.8989421445272754,39.63088607788086
2018-03-22,39.63088607788086,40.52982452051389,39.57220842812468,39.90080183419946,165963200,76.0,-0.0025,0.8074,-0.8316,15.0,36.0,25.0,-1.4129857776190469,0.957616092389209,38.713165283203125
2018-03-23,38.713165283203125,39.88202301847782,38.713165283203125,39.522916102330775,164115200,84.0,-0.2945,0.7783,-0.8732,42.0,25.0,51.0,-2.315670643533607,1.1688577352746918,40.55095291137695
2018-03-26,40.55095291137695,40.62840784209897,39.06523432694473,39.4478137655839,150164800,139.0,-0.2521,0.7964,-0.9201,57.0,49.0,58.0,4.747190302651916,1.56317351515424,39.51118087768555
2018-03-27,39.51118087768555,41.10955946368787,39.177892261077965,40.764534600998445,163690400,66.0,0.0036,0.802,-0.8591,23.0,20.0,19.0,-2.5641124536920246,1.9316672026099084,39.07462692260742
2018-03-28,39.07462692260742,39.90550460608626,38.77185176834323,39.25535512087376,166674000,61.0,0.0421,0.8176,-0.8807,12.0,26.0,16.0,-1.1048871367058344,1.1336528377430284,39.3797492980957
2018-03-29,39.3797492980957,40.31155078767656,39.17320279721128,39.38679033049858,153594000,48.0,0.0449,0.5859,-0.7096,6.0,22.0,11.0,0.7808708605014036,1.1383479904652773,39.12156295776367
2018-04-02,39.12156295776367,39.65201123119887,38.60285451256873,39.11217610913106,150347200,115.0,-0.17400000000000002,0.9081,-0.93,26.0,44.0,41.0,-0.6556322600675291,1.0491567186301367,39.52291488647461
2018-04-03,39.52291488647461,39.60741083952156,38.6990820303163,39.34688194941007,121112000,76.0,0.0286,0.7269,-0.875,22.0,33.0,20.0,1.0259097499357273,0.9083288092052655,40.27867889404297
2018-04-04,40.27867889404297,40.37256168443263,38.673259541147125,38.69907784571412,138422000,47.0,-0.0011,0.743,-0.8625,22.0,13.0,18.0,1.912217278860151,1.6993021432855073,40.55799865722656
2018-04-05,40.55799865722656,40.89363314796675,40.38900671262728,40.506362030743446,107732800,124.0,-0.006,0.7579,-0.872,34.0,54.0,44.0,0.6934680353304801,0.5046264353394747,39.52056503295898
2018-04-06,39.52056503295898,40.48287617510632,39.47831527005165,40.12846452065629,140021200,88.0,-0.0519,0.8657,-0.8555,23.0,36.0,33.0,-2.557901421703257,1.0045609050546673,39.91254806518555
2018-04-09,39.91254806518555,40.62606688890287,39.865606649917375,39.87264768313758,116070800,98.0,0.03570000000000001,0.836,-0.9217,21.0,45.0,23.0,0.9918457185509988,0.7604602389854946,40.66361618041992
2018-04-10,40.66361618041992,40.839649150897934,40.25991361494503,40.60493852359392,113634400,65.0,-0.0009,0.9136,-0.9371,25.0,23.0,23.0,1.881784430319322,0.5797355359529064,40.473514556884766
2018-04-11,40.473514556884766,40.82088539760969,40.29982734582173,40.424223733001625,89726400,79.0,-0.0027,0.6808,-0.8779,19.0,41.0,27.0,-0.4674980766385728,0.5210580517879606,40.87250518798828
2018-04-12,40.87250518798828,41.07435645439156,40.61432208628652,40.70116744671329,91557200,76.0,-0.0069,0.8591,-0.8591,22.0,28.0,23.0,0.9858067318140762,0.46003436810504184,41.01097869873047
2018-04-13,41.01097869873047,41.27150758615567,40.80443582338923,41.02271494402695,100497200,74.0,0.0983,0.836,-0.8316,20.0,29.0,18.0,0.3387937932977092,0.46707176276644446,41.26681900024414
2018-04-16,41.26681900024414,41.35366077533175,41.03445421925359,41.08139562250636,86313600,73.0,0.1673,0.7964,-0.9106,17.0,33.0,21.0,0.6238336894934804,0.3192065560781572,41.83482360839844
2018-04-17,41.83482360839844,41.99912033165708,41.40530272955087,41.42408000955185,106421600,49.0,0.0302,0.7184,-0.8591,11.0,18.0,13.0,1.376419656070249,0.5938176021062134,41.74093627929688
2018-04-18,41.74093627929688,41.97095526813903,41.515616087100334,41.733895247128224,83018000,79.0,0.069,0.9186,-0.8934,22.0,38.0,25.0,-0.22442386749470522,0.45533918103869553,40.55799865722656
2018-04-19,40.55799865722656,41.16589834553228,40.52513931141005,40.78331886242555,139235200,74.0,0.0152,0.7783,-0.8316,20.0,36.0,24.0,-2.8339987731828775,0.640759034122226,38.896244049072266
2018-04-20,38.896244049072266,40.1871524529709,38.82817596401007,40.04163301530664,261964400,55.0,0.0406,0.7717,-0.7906,10.0,22.0,13.0,-4.097230295307508,1.3589764889608276,38.7835807800293
2018-04-23,38.7835807800293,39.17789286841588,38.513661441560345,39.156769773980784,146062000,98.0,0.1515,0.7906,-0.8555,17.0,51.0,24.0,-0.28965076653887367,0.6642314268555367,38.2437629699707
2018-04-24,38.2437629699707,39.03943211924963,37.84006026954706,38.88452219391009,134768000,51.0,0.1064,0.7505,-0.836,15.0,20.0,12.0,-1.3918720221330338,1.1993718497025725,38.41039657592773
2018-04-25,38.41039657592773,38.82583543069064,38.119357660993536,38.16864489208386,113528400,34.0,0.2137,0.765,-0.3182,7.0,18.0,5.0,0.4357144616963238,0.7064777696971021,38.54418563842773
2018-04-26,38.54418563842773,38.89859745277348,38.344680140899015,38.52071313940064,111852000,56.0,0.1149,0.8402,-0.9217,22.0,17.0,13.0,0.3483147127510966,0.5539173118744642,38.09822082519531
2018-04-27,38.09822082519531,38.56998777396035,37.70155939528785,38.49253285734537,142623200,50.0,0.0636,0.8442,-0.8431,11.0,25.0,14.0,-1.1570222741657754,0.8684283786724976,38.78828048706055
2018-04-30,38.78828048706055,39.25770178412414,37.98557049884984,38.05363859250821,169709600,68.0,0.3601,0.7865,-0.8126,21.0,23.0,9.0,1.811264796409806,1.2721312852742983,39.689571380615234
2018-05-01,39.689571380615234,39.71304029620329,38.79062918324785,39.05819917447311,214277600,25.0,0.1155,0.9081,-0.8225,12.0,7.0,7.0,2.3236165208595727,0.9224111129554373,41.44285583496094
2018-05-02,41.44285583496094,41.71981264710468,40.792706415671205,41.12834088273352,266157600,51.0,0.1206,0.7579,-0.6486,10.0,23.0,9.0,4.417494050343973,0.927106231433477,41.5179557800293
2018-05-03,41.5179557800293,41.661129382006536,40.94291555554344,41.28089937538475,136272800,53.0,0.0729,0.7717,-0.8402,11.0,29.0,15.0,0.18121324786939397,0.7182138264630922,43.14685821533203
2018-05-04,43.14685821533203,43.245436256270295,41.818395107706486,41.83717238903761,224805200,46.0,0.117,0.7269,-0.7579,7.0,22.0,8.0,3.9233685876371105,1.4270411485638093,43.45902633666992
2018-05-07,43.45902633666992,44.048148799513136,43.362794107261145,43.46371797122614,169805600,77.0,0.2451,0.802,-0.8885,20.0,27.0,14.0,0.7235013955824154,0.6853546922519911,43.66790771484375
2018-05-08,43.66790771484375,43.70780808695571,43.10929534247727,43.41911505261652,113611200,56.0,0.0372,0.7845,-0.7351,15.0,26.0,18.0,0.4806398020877456,0.598512744478441,43.97538375854492
2018-05-09,43.97538375854492,43.98477060792433,43.47310315384662,43.78526872136192,92844800,46.0,0.0715,0.8176,-0.5719,7.0,15.0,8.0,0.704123599667339,0.5116674540777097,44.60439682006836
2018-05-10,44.60439682006836,44.68185174084153,44.04343867998312,44.06456535393887,111957200,57.0,0.0587,0.8294,-0.8481,20.0,19.0,15.0,1.4303753776820916,0.6384130608584115,44.43475341796875
2018-05-11,44.43475341796875,44.78110870210072,44.16615172774492,44.646809654593504,104848800,48.0,0.11,0.75,-0.6124,8.0,22.0,9.0,-0.38032887830306006,0.614956974355799,44.331092834472656
2018-05-14,44.331092834472656,44.65624365326909,44.26276586287573,44.53372248173257,83115200,109.0,0.2597,0.8121,-0.6597,20.0,40.0,21.0,-0.23328718069171028,0.39347779039335506,43.92818069458008
2018-05-15,43.92818069458008,44.07661969891529,43.61245659840907,44.008289149690455,94780800,47.0,-0.0082,0.659,-0.8126,9.0,21.0,15.0,-0.9088703077927862,0.46416310050621945,44.338157653808594
2018-05-16,44.338157653808594,44.404133352868826,43.82451718880194,43.841012012369504,76732400,44.0,-0.054,0.6808,-0.8074,4.0,30.0,20.0,0.9332891841776103,0.5796161640668842,44.05778884887695
2018-05-17,44.05778884887695,44.51017064166061,43.909349781090896,44.29575945379428,69176000,55.0,-0.0594,0.6597,-0.836,19.0,19.0,22.0,-0.6323420272009384,0.6008208605697121,43.897552490234375
2018-05-18,43.897552490234375,44.25097597581326,43.85514339766552,44.10489541890773,73190800,65.0,-0.101,0.6908,-0.9042,20.0,28.0,25.0,-0.36369587042193174,0.39583257814773987,44.20856857299805
2018-05-21,44.20856857299805,44.59497812152537,44.038925005819245,44.29574521897252,73603200,85.0,-0.4321,0.7096,-0.8824,30.0,24.0,36.0,0.708504381497943,0.5560531157061277,44.09782791137695
2018-05-22,44.09782791137695,44.50308713532342,44.00829280986027,44.385279304995024,60962800,64.0,0.0638,0.765,-0.7184,13.0,34.0,19.0,-0.2504959223871617,0.49479432546314683,44.38057708740234
2018-05-23,44.38057708740234,44.41356314433773,43.76797477836174,43.90699078528495,80233600,57.0,0.1194,0.7184,-0.5267,6.0,33.0,11.0,0.6411861749599623,0.6455883659759891,44.331092834472656
2018-05-24,44.331092834472656,44.49366824387088,43.874001393175,44.47717701426208,92936000,69.0,0.0598,0.7579,-0.7506,9.0,37.0,16.0,-0.1114997960306563,0.6196668506958787,44.43240737915039
2018-05-25,44.43240737915039,44.6845142986647,44.21328291731223,44.34994044932966,69844000,47.0,0.0706,0.7579,-0.7906,9.0,25.0,15.0,0.22854059803134597,0.47123138135247444,44.27218246459961
2018-05-29,44.27218246459961,44.47245721996549,44.02949861480413,44.201500640550265,90056400,138.0,0.0849,0.7269,-0.8779,32.0,56.0,37.0,-0.36060372147642683,0.4429586051613583,44.17794036865234
2018-05-30,44.17794036865234,44.29574820963541,44.00829679001992,44.22977610630169,74762000,77.0,-0.0851,0.8271,-0.872,16.0,35.0,31.0,-0.2128697766879406,0.28745141961549336,44.02949142456055
2018-05-31,44.02949142456055,44.349928823691,43.857493022112415,44.11195833276388,109931200,49.0,0.0983,0.8399,-0.7003,13.0,14.0,10.0,-0.33602504519908427,0.492435801578587,44.82352828979492
2018-06-01,44.82352828979492,44.82823801484715,44.23684395189632,44.29339300941268,93770000,67.0,0.0131,0.802,-0.8225,19.0,27.0,20.0,1.8034204791914643,0.5913940629508332,45.19815826416016
2018-06-04,45.19815826416016,45.57278634857579,45.08506373956886,45.15339070780669,105064800,111.0,0.09820000000000001,0.8176,-0.9349,16.0,41.0,22.0,0.8357886776408252,0.48772260900693,45.54686737060547
2018-06-05,45.54686737060547,45.69530640222667,45.32303318949462,45.49032190729074,86264000,51.0,0.0641,0.802,-0.8519,6.0,22.0,9.0,0.7715117602962396,0.37227321273204694,45.70472717285156
2018-06-06,45.70472717285156,45.72829017819991,45.219359462438206,45.62226384455202,83734400,121.0,0.1042,0.7717,-0.7003,22.0,37.0,16.0,0.34658761701791274,0.5089307157617071,45.58221054077149
2018-06-07,45.58221054077149,45.756563841147845,45.3183185372882,45.74242747573462,85388800,68.0,0.1261,0.8591,-0.7845,18.0,28.0,14.0,-0.26806118241713417,0.4382453038596452,45.16752624511719
2018-06-08,45.16752624511719,45.23821166989341,44.71278969726127,45.04265021927023,106627200,52.0,0.041,0.7579,-0.8779,14.0,25.0,17.0,-0.9097502967377658,0.5254219726321381,45.05679321289063
2018-06-11,45.05679321289063,45.23115014029129,44.816467766594464,45.0850695440865,73234000,101.0,0.027300000000000005,0.8402,-0.8074,21.0,44.0,27.0,-0.2451607192867411,0.41468237369682726,45.304176330566406
2018-06-12,45.304176330566406,45.38192992552389,45.037929498912845,45.0944785484845,67644400,74.0,0.0976,0.7506,-0.765,17.0,28.0,15.0,0.5490473245774563,0.34400042661104635,44.93190383911133
2018-06-13,44.93190383911133,45.44554782679948,44.87064506424611,45.33716304565847,86553600,71.0,0.1515,0.7579,-0.7717,18.0,28.0,10.0,-0.821717822963508,0.5749027625533714,44.955474853515625
2018-06-14,44.955474853515625,45.13689994342156,44.81881732042377,45.132186622912144,86440400,70.0,0.0202,0.7269,-0.7906,15.0,33.0,21.0,0.052459416117112134,0.31808262299779244,44.4936637878418
2018-06-15,44.4936637878418,44.8046782086226,44.35700626312386,44.7740470200036,246876800,62.0,0.0169,0.8056,-0.6901,17.0,27.0,22.0,-1.027263235854159,0.44767194549874034,44.47010803222656
2018-06-18,44.47010803222656,44.58320256034685,44.10725784482574,44.26747838860552,73939600,118.0,-0.11239999999999999,0.8834,-0.886,33.0,53.0,42.0,-0.05294182049730978,0.4759447155211092,43.75148010253906
2018-06-19,43.75148010253906,43.90227400740034,43.22369963791943,43.62189074792149,134314000,74.0,-0.1039,0.6908,-0.8402,23.0,20.0,25.0,-1.6159797254522656,0.6785743694809057,43.942325592041016
2018-06-20,43.942325592041016,44.10725585377342,43.76090050653034,43.90698467710195,82514800,78.0,-0.0303,0.9466,-0.7717,24.0,27.0,27.0,0.43620350455497725,0.34635534724307604,43.69729232788086
2018-06-21,43.69729232788086,44.37822160419487,43.57477114874314,44.11904287817479,102847600,62.0,0.0282,0.6369,-0.836,10.0,27.0,15.0,-0.5576247066098383,0.8034504554517312,43.57004928588867
2018-06-22,43.57004928588867,43.85985555346904,43.51821355084701,43.852787370982426,108801600,81.0,-0.0274,0.8316,-0.9118,19.0,40.0,31.0,-0.29119205152902117,0.3416420026220308,42.92211151123047
2018-06-25,42.92211151123047,43.5700546843232,42.58282432899554,43.21191781471853,126652400,62.0,0.08689999999999999,0.8316,-0.9167,14.0,14.0,13.0,-1.4871173782859515,0.9872303553276609,43.4546012878418
2018-06-26,43.4546012878418,43.94939568980616,43.00928776415795,43.11531770401477,98276800,54.0,-0.0331,0.6908,-0.872,15.0,24.0,19.0,1.2405954829878274,0.9401079256482063,43.390995025634766
2018-06-27,43.390995025634766,44.12611497523184,43.36036382933128,43.64310199492933,101141200,78.0,-0.0521,0.7351,-0.8126,21.0,36.0,29.0,-0.14637405550151916,0.7657511459005661,43.70671081542969
2018-06-28,43.70671081542969,43.87399953844859,43.30616485853516,43.37685028509541,69460800,88.0,-0.0973,0.872,-0.8519,18.0,38.0,36.0,0.7276067064339031,0.5678346799134246,43.61482620239258
2018-06-29,43.61482620239258,44.10490733287168,43.09647233589699,43.89285102711627,90950800,78.0,-0.0037,0.7184,-0.8402,22.0,36.0,27.0,-0.21022998830804163,1.0084349969746924,44.10254669189453
2018-07-02,44.10254669189453,44.13082302172207,43.21663292019015,43.310881360931305,70925200,87.0,-0.1314,0.7119,-0.886,20.0,33.0,26.0,1.118244716231831,0.914190101531922,43.334434509277344
2018-07-03,43.334434509277344,44.28396539179448,43.24489940232112,44.24626602094871,55819200,78.0,0.1107,0.8271,-0.8979,23.0,33.0,19.0,-1.7416504039626246,1.0390659894733645,43.68314743041992
2018-07-05,43.68314743041992,43.92112157794117,43.41925900843449,43.65016137767174,66416800,146.0,0.11939999999999999,0.875,-0.8591,41.0,47.0,33.0,0.8047016768337523,0.5018625695066845,44.28866958618164
2018-07-06,44.28866958618164,44.3970507610187,43.63601329433382,43.68784901976342,69940800,76.0,-0.0772,0.9175,-0.8885,32.0,26.0,31.0,1.3861687890649677,0.7610374666848756,44.90363693237305
2018-07-09,44.90363693237305,44.92719634335544,44.6020491482026,44.649171565377365,79026400,111.0,-0.0245,0.8986,-0.8316,35.0,38.0,33.0,1.3885432819216614,0.3251471951528373,44.84945297241211
2018-07-10,44.84945297241211,45.06857386256042,44.809395136912464,44.93427477396867,63756400,32.0,0.1718,0.6486,-0.7964,8.0,16.0,5.0,-0.12066719682982674,0.2591787256479563,44.26747512817383
2018-07-11,44.26747512817383,44.715143482285086,44.203857887887295,44.41355569937035,75326000,50.0,-0.0159,0.7906,-0.8126,19.0,16.0,17.0,-1.2976252900927632,0.5112855943977905,45.00966262817383
2018-07-12,45.00966262817383,45.09919773617647,44.60440337487018,44.65623911158645,72164400,122.0,0.072,0.7865,-0.8225,36.0,61.0,36.0,1.6765977681153954,0.4947943613062904,45.080352783203125
2018-07-13,45.080352783203125,45.200515497182295,44.979036161635726,45.021448857587984,50055600,84.0,0.185,0.8689,-0.9053,24.0,37.0,12.0,0.15705550964304482,0.22147933554656873,44.98138427734375
2018-07-16,44.98138427734375,45.39135320442927,44.86593131540765,45.12510996660727,60172400,78.0,0.13620000000000002,0.6037,-0.9062,14.0,34.0,20.0,-0.21953800214324914,0.5254218890216222,45.10862350463867
2018-07-17,45.10862350463867,45.20758166383214,44.5784881977529,44.708077547367004,62138000,73.0,0.0743,0.7783,-0.8126,7.0,29.0,9.0,0.2828708572203853,0.6290934660792402,44.86122894287109
2018-07-18,44.86122894287109,45.191093088092565,44.750489273536566,45.186379767318016,65573600,66.0,0.0438,0.7269,-0.7264,15.0,21.0,14.0,-0.5484418333938867,0.44060381455599895,45.20992660522461
2018-07-19,45.20992660522461,45.36778864020919,44.69392781889089,44.69392781889089,81147200,54.0,0.0171,0.5994,-0.8316,9.0,27.0,14.0,0.7772806732458726,0.6738608213182999,45.10626983642578
2018-07-20,45.10626983642578,45.33952707669777,44.80703689306761,45.18637831095939,82704800,65.0,0.0694,0.7184,-0.7579,8.0,35.0,15.0,-0.2292787814144548,0.5324901836301592,45.14631652832031
2018-07-23,45.14631652832031,45.228783446987535,44.66330370871866,44.927192096118354,63957600,92.0,-0.0645,0.765,-0.9169,25.0,35.0,27.0,0.0887829830304332,0.565479738268877,45.47383499145508
2018-07-24,45.47383499145508,45.629342233032894,45.2500007714201,45.34424562347357,74791600,58.0,-0.0019,0.802,-0.8074,14.0,21.0,17.0,0.7254599894751301,0.37934146161279614,45.90265274047852
2018-07-25,45.90265274047852,45.909720923914165,45.33952776189607,45.48796680446535,66839600,57.0,0.1327,0.7876,-0.6705,17.0,15.0,10.0,0.9429988675994094,0.5701931620180929,45.758934020996094
2018-07-26,45.758934020996094,46.17126156215479,45.617563140228775,45.85317887803375,76304000,56.0,0.1606,0.8225,-0.5994,10.0,30.0,10.0,-0.3130945836506971,0.5536984219260148,44.99788284301758
2018-07-27,44.99788284301758,45.9898264659988,44.79054348344733,45.94270404769693,96096000,44.0,0.1634,0.743,-0.6486,10.0,19.0,7.0,-1.6631750591683647,1.1992829825514733,44.74576950073242
2018-07-30,44.74576950073242,45.28532776392869,44.54785321516599,45.214642349023656,84118000,73.0,0.3116,0.8225,-0.7003,16.0,32.0,17.0,-0.560278231677469,0.7374745487626981,44.83531188964844
2018-07-31,44.83531188964844,45.27120239138466,44.61147768411243,44.837670347683925,157492000,44.0,0.0471,0.743,-0.8126,9.0,20.0,10.0,0.20011364183725178,0.6597247072722325,47.47657012939453
2018-08-01,47.47657012939453,47.5378289256082,46.48933963434859,46.91816199347655,271742800,113.0,-0.0088,0.7096,-0.8641,17.0,37.0,26.0,5.891022340263685,1.0484892912596138,48.86433792114258
2018-08-02,48.86433792114258,49.097598749071246,47.20560504150239,47.25979564367204,249616000,60.0,0.0182,0.7351,-0.8225,10.0,31.0,19.0,2.923058232651954,1.891993707568858,49.00571060180664
2018-08-03,49.00571060180664,49.182422376318144,48.414312895506896,48.7795179485394,133789600,50.0,0.0687,0.784,-0.7003,8.0,24.0,12.0,0.28931668099587693,0.7681094808112476,49.26018524169922
2018-08-06,49.26018524169922,49.3025943498473,48.78895375448443,49.00807467033806,101701600,83.0,-0.05890000000000001,0.7339,-0.7964,25.0,39.0,26.0,0.5192754819133283,0.5136405953628653,48.79835891723633
2018-08-07,48.79835891723633,49.36148019425983,48.71589199911434,49.31907110165512,102349600,63.0,0.0428,0.6249,-0.765,10.0,30.0,16.0,-0.9375245387261533,0.6455881951454927,48.83134460449219
2018-08-08,48.83134460449219,48.96328879634437,48.18811487160799,48.548606536921845,90102000,45.0,0.1608,0.743,-0.6705,14.0,17.0,10.0,0.06759589459104376,0.7751739247363787,49.21540451049805
2018-08-09,49.21540451049805,49.42745718493813,48.819568297610594,49.36855326479255,93970400,40.0,0.1525,0.8126,-0.7964,9.0,15.0,6.0,0.7865028274698149,0.6078888873275332,49.06881332397461
2018-08-10,49.06881332397461,49.44002903622106,48.86547303748079,49.02861861252826,98444800,44.0,0.0754,0.7579,-0.7579,10.0,20.0,10.0,-0.29785630735224,0.5745559987402729,49.38564300537109
2018-08-13,49.38564300537109,49.87744283435731,49.10900627803238,49.48967807024764,103563600,83.0,-0.1465,0.8126,-0.872,24.0,38.0,31.0,0.6456844173194476,0.7684365563249287,49.59371566772461
2018-08-14,49.59371566772461,49.78523313429172,49.24141574509612,49.690657765657285,82992000,79.0,0.0496,0.6908,-0.8834,15.0,39.0,21.0,0.4213221691391045,0.5438173891956026,49.709571838378906
2018-08-15,49.709571838378906,49.82779284898479,49.25796671198787,49.46839996655359,115230400,27.0,0.0986,0.8122,-0.872,8.0,7.0,5.0,0.23361058774165055,0.5698261369969231,50.437801361083984
2018-08-16,50.437801361083984,50.55365561413919,50.000382285694144,50.06658574681656,114001600,62.0,-0.0522,0.6956,-0.8271,15.0,35.0,27.0,1.464968407035916,0.5532733284450444,51.4450569152832
2018-08-17,51.4450569152832,51.53253931119231,50.39998358384993,50.46618706310315,141708000,38.0,0.0466,0.802,-0.8074,11.0,18.0,14.0,1.9970251022408458,1.1325557273423783,50.94380569458008
2018-08-20,50.94380569458008,51.82336680163039,50.86104953392936,51.56801256244055,121150800,74.0,0.006000000000000019,0.9274,-0.7269,20.0,28.0,21.0,-0.9743428246732355,0.9623172677010317,50.8444938659668
2018-08-21,50.8444938659668,51.3528464083779,50.60568870827155,51.26063415859269,104639200,51.0,0.0606,0.872,-0.8519,12.0,18.0,13.0,-0.19494387444997097,0.7471577001063494,50.84684753417969
2018-08-22,50.84684753417969,51.156585944720106,50.56075115648966,50.62222837910076,76072400,18.0,-0.0133,0.8271,-0.7003,6.0,7.0,7.0,0.004629150639390289,0.595834788230448,50.95090103149414
2018-08-23,50.95090103149414,51.3197500694594,50.74046774148476,50.75228695828093,75532800,45.0,-0.0416,0.7096,-0.8316,11.0,15.0,12.0,0.20464100010233466,0.5792823279746457,51.10931015014648
2018-08-24,51.10931015014648,51.284274943614335,50.861045296696645,51.2133452207593,73905600,51.0,0.011,0.872,-0.8555,14.0,24.0,17.0,0.31090543139642435,0.42322964691769016,51.53015899658203
2018-08-27,51.53015899658203,51.71931327754481,51.1494873139784,51.343367836297325,82100400,89.0,0.013699999999999997,0.872,-0.8225,24.0,36.0,25.0,0.8234289314396959,0.5698259635664158,51.94630813598633
2018-08-28,51.94630813598633,52.14491855568263,51.761883659437096,51.783162574157686,91107200,29.0,0.118,0.802,-0.765,8.0,14.0,7.0,0.8075836510263779,0.3830348962455332,52.72183990478516
2018-08-29,52.72183990478516,52.8424276423776,51.8777437807323,52.0527085641898,109019200,61.0,-0.0087,0.765,-0.8225,15.0,24.0,20.0,1.4929487708127853,0.9646838616452982,53.20655059814453
2018-08-30,53.20655059814453,53.9702573574271,52.58470689450583,52.78568406644188,195175200,58.0,0.1177,0.7783,-0.6124,9.0,36.0,16.0,0.9193736300454391,1.3855504629212732,53.8212890625
2018-08-31,53.8212890625,54.11447480869955,53.43588748059386,53.55647159158061,173360400,74.0,0.0088,0.743,-0.7717,18.0,38.0,25.0,1.1553811653727264,0.6785873281056851,53.993896484375
2018-09-04,53.993896484375,54.18777705269031,53.584852825321335,54.00571930620588,109560400,155.0,-0.12260000000000001,0.8957,-0.872,31.0,73.0,49.0,0.3207047339103264,0.6029242273689732,53.6416015625
2018-09-05,53.6416015625,54.30363996029956,53.223101771937806,54.14286111353829,133332000,80.0,-0.0572,0.7506,-0.7574,10.0,37.0,28.0,-0.6524717510931088,1.080538188361757,52.750221252441406
2018-09-06,52.750221252441406,53.75509993549646,52.324624853348354,53.490282393938976,137160000,71.0,-0.0292,0.7783,-0.8481,15.0,31.0,25.0,-1.6617332146953379,1.4304750821481065,52.32462310791016
2018-09-07,52.32462310791016,53.28694031504542,52.185123173027854,52.4546669488255,150479200,61.0,-0.0615,0.7332,-0.8934,12.0,27.0,19.0,-0.806817742990118,1.1018171420175662,51.62238311767578
2018-09-10,51.62238311767578,52.45465998116174,51.18260084633692,52.24186001307081,158066000,129.0,-0.060900000000000024,0.7506,-0.8225,26.0,58.0,47.0,-1.3420832268321137,1.272059134824822,52.92753601074219
2018-09-11,52.92753601074219,53.03393417484051,51.20387204264051,51.54671217487649,142996000,72.0,-0.0182,0.8074,-0.8625,25.0,24.0,27.0,2.5282693557390434,1.8300621321999984,52.270240783691406
2018-09-12,52.270240783691406,53.19945622059127,51.97941449205581,53.18527027618349,197114800,70.0,0.0037,0.824,-0.7506,14.0,37.0,25.0,-1.2418776247535401,1.2200417285354632,53.53284454345703
2018-09-13,53.53284454345703,53.99154269031417,52.62490795196912,52.8495271742845,166825600,44.0,-0.081,0.7003,-0.8074,8.0,21.0,16.0,2.415530789289111,1.3666347383450486,52.9251708984375
2018-09-14,52.9251708984375,53.6344968245139,52.61306936702936,53.37677593724919,127997200,81.0,0.0093,0.7906,-0.7351,15.0,40.0,26.0,-1.1351417063710012,1.021427457484542,51.5159912109375
2018-09-17,51.5159912109375,52.71475044000342,51.371761426756805,52.52559609238329,148780400,135.0,0.1576,0.743,-0.7783,23.0,58.0,34.0,-2.6625888279211973,1.3429890132466156,51.601104736328125
2018-09-18,51.601104736328125,52.45466052309608,51.3362872360447,51.49470294727404,126286800,91.0,-0.0512,0.8442,-0.8115,23.0,38.0,32.0,0.16521767977271118,1.1183732870513836,51.63183975219727
2018-09-19,51.63183975219727,51.92739226002057,50.90596466904896,51.66257836751287,108495200,90.0,0.0189,0.8225,-0.7351,21.0,34.0,26.0,0.059562709027649596,1.021427590971605,52.02433395385742
2018-09-20,52.02433395385742,52.55632846390417,51.81626383542605,52.07398836223533,106435200,74.0,-0.0171,0.743,-0.8225,22.0,36.0,31.0,0.7601786098343499,0.7400646284781232,51.46396255493164
2018-09-21,51.46396255493164,52.33879716484599,51.37647656846738,52.201660382649074,384986800,57.0,0.0894,0.8091,-0.7845,10.0,25.0,10.0,-1.0771332496496755,0.9623205963786106,52.20402526855469
2018-09-24,52.20402526855469,52.315153292233006,51.22042933428429,51.26535388953533,110773600,107.0,0.05489999999999999,0.824,-0.7906,21.0,46.0,33.0,1.4380212422102412,1.094723957948716,52.53505706787109
2018-09-25,52.53505706787109,52.684016706504345,51.94631509368086,51.95813791715987,98217600,58.0,0.0114,0.7506,-0.9153,22.0,25.0,18.0,0.6341116372031941,0.7377016128234857,52.116546630859375
2018-09-26,52.116546630859375,52.90389894530768,51.96049404071963,52.25368342754412,95938800,71.0,-0.0412,0.6369,-0.7506,12.0,32.0,23.0,-0.7966307840325149,0.9434049045880499,53.18762969970703
2018-09-27,53.18762969970703,53.53992959522191,52.85424559802705,52.9204526803586,120724800,72.0,0.0454,0.7063,-0.8957,13.0,32.0,16.0,2.0551689206004475,0.6856839971948645,53.37442398071289
2018-09-28,53.37442398071289,53.39806601850307,52.96774340940435,53.14980117088278,91717600,59.0,-0.0582,0.765,-0.836,14.0,32.0,28.0,0.3511987318489007,0.4303226090987238,53.73381042480469
2018-10-01,53.73381042480469,54.244526037328285,53.51865093552065,53.89695599056796,94403200,98.0,-0.0945,0.8613,-0.8779,19.0,35.0,27.0,0.6733308151890549,0.7258751018076381,54.21143341064453
2018-10-02,54.21143341064453,54.38167197676256,53.58486341577916,53.731456333562136,99152800,32.0,0.0907,0.8271,-0.5719,10.0,9.0,7.0,0.8888686323636596,0.7968085609834006,54.87109756469727
2018-10-03,54.87109756469727,55.20211492695663,54.3296433555075,54.39348370673561,114619200,64.0,0.0188,0.7003,-0.7579,16.0,35.0,24.0,1.2168358454126782,0.8724715714491325,53.90641784667969
2018-10-04,53.90641784667969,54.93730520599613,53.60849859022037,54.566089500033,128168000,110.0,-0.0413,0.8429,-0.8555,20.0,53.0,39.0,-1.7580835099574088,1.3288066157757612,53.03157806396485
2018-10-05,53.03157806396485,54.00572162104816,52.15438020692258,53.89932343564714,134322000,128.0,0.0183,0.8074,-0.8126,18.0,63.0,39.0,-1.6228861379790627,1.851341414125578,52.90863037109375
2018-10-08,52.90863037109375,53.15216535637329,52.06453065114557,52.53978140728469,118655600,91.0,-0.1187,0.8122,-0.8352,17.0,41.0,29.0,-0.23183864663202103,1.087634705227721,53.6416015625
2018-10-09,53.6416015625,53.73618053808223,52.54924055121309,52.87789482474594,107564000,70.0,-0.033,0.8203,-0.8658,22.0,28.0,25.0,1.385352798334205,1.1869399868691417,51.15659332275391
2018-10-10,51.15659332275391,53.51865029661315,51.08329687705558,53.30821705245848,167962400,55.0,0.0448,0.6908,-0.6808,13.0,27.0,16.0,-4.632613806004104,2.435353419557572,50.704986572265625
2018-10-11,50.704986572265625,51.89901940310349,50.20136756167063,50.72153924414712,212497600,91.0,0.0009,0.8338,-0.8225,16.0,50.0,31.0,-0.882792854557457,1.697651841432858,52.5161361694336
2018-10-12,52.5161361694336,52.69819753142757,51.27008573845108,52.11654858627355,161351600,71.0,0.0567,0.9042,-0.836,17.0,28.0,20.0,3.5719358579982874,1.4281117929764875,51.39303207397461
2018-10-15,51.39303207397461,52.449928078120834,51.37175316034392,52.29151237472821,123164000,103.0,0.07319999999999999,0.7579,-0.802,28.0,41.0,35.0,-2.138588588915802,1.0781749177769129,52.52558517456055
2018-10-16,52.52558517456055,52.72419918257883,51.2511630282168,51.764241699309125,116736000,63.0,0.1101,0.9186,-0.8271,16.0,22.0,15.0,2.2037094424702364,1.4730361543620276,52.29860305786133
2018-10-17,52.29860305786133,52.64144321335758,51.86118394400235,52.56105380461304,91541600,59.0,0.1035,0.9062,-0.765,19.0,25.0,17.0,-0.4321362930938877,0.7802592693552342,51.07620620727539
2018-10-18,51.07620620727539,51.95577081093266,50.36215029617322,51.51125865851134,130325200,27.0,0.0508,0.7345,-0.7783,5.0,11.0,6.0,-2.337341303807905,1.5936205147594436,51.854103088378906
2018-10-19,51.854103088378906,52.31516434368788,51.40959089976347,51.558550539101454,132314800,43.0,-0.0102,0.765,-0.8271,8.0,20.0,15.0,1.5230122573056448,0.9055734439244105,52.17093276977539
2018-10-22,52.17093276977539,52.81169226211933,51.766618916580256,51.967592478519066,115168400,95.0,0.02100000000000001,0.7964,-0.8834,16.0,39.0,28.0,0.6110021435651536,1.0450733455390733,52.66273498535156
2018-10-23,52.66273498535156,52.78568585733632,50.7641056774064,51.03128633927155,155071200,49.0,-0.0612,0.7003,-0.7096,14.0,24.0,22.0,0.9426747605729924,2.02158017992992,50.85630798339844
2018-10-24,50.85630798339844,53.01738767953561,50.726264164214655,52.63198967990546,163702000,73.0,0.0611,0.7184,-0.765,18.0,37.0,23.0,-3.430180757713386,2.2911235153209546,51.96996307373047
2018-10-25,51.96996307373047,52.34354194395916,51.24881410296684,51.47580005736859,119423200,71.0,0.0153,0.9222,-0.8126,11.0,38.0,24.0,2.189807193034099,1.09472784099232,51.14240264892578
2018-10-26,51.14240264892578,52.06216183654757,50.28411707927676,51.0478236891772,189033600,72.0,0.0898,0.765,-0.6124,15.0,38.0,19.0,-1.5923821681970707,1.7780447572708056,50.18244934082031
2018-10-29,50.18244934082031,51.94394144771941,48.72832893518345,51.82572045252056,183742000,114.0,-0.07119999999999999,0.7635,-0.891,19.0,60.0,37.0,-1.877020355682546,3.2156125125359623,50.43308639526367
2018-10-30,50.43308639526367,50.8775949642934,49.480225290241705,49.92473385927144,146640000,91.0,-0.0671,0.7096,-0.8225,18.0,36.0,33.0,0.49945161652260595,1.3973696740516957,51.74769973754883
2018-10-31,51.74769973754883,52.12364167690508,51.21806832318598,51.27954555631616,153435600,97.0,0.0971,0.8176,-0.7783,24.0,35.0,20.0,2.6066486036210756,0.9055733537190989,52.54215621948242
2018-11-01,52.54215621948242,52.57525796442497,51.26300377595323,51.7926353028536,233292800,70.0,0.0628,0.7783,-0.6486,10.0,39.0,19.0,1.5352498487138044,1.3122541884717407,49.05698776245117
2018-11-02,49.05698776245117,50.51583454720711,48.57228091507329,49.54642446027015,365314800,74.0,0.0496,0.8519,-0.7845,19.0,28.0,22.0,-6.633089899228317,1.9435536321338205,47.664337158203125
2018-11-05,47.664337158203125,48.32637541370904,46.85570603182611,48.30509650170871,264654800,134.0,0.10560000000000001,0.8074,-0.8316,29.0,41.0,34.0,-2.83884247233378,1.470669381882928,48.17979049682617
2018-11-06,48.17979049682617,48.4044096899324,47.68799067176834,47.74237132513075,127531600,69.0,0.0867,0.7574,-0.7906,10.0,37.0,14.0,1.08142349050655,0.7164190181640606,49.64099884033203
2018-11-07,49.64099884033203,49.66700760551551,48.264908230328544,48.699960659016895,133697600,36.0,0.047,0.9027,-0.8126,11.0,14.0,11.0,3.032824195452055,1.402099375186964,49.4677963256836
2018-11-08,49.4677963256836,49.85453905967433,49.05495045742335,49.821321825704445,101450400,30.0,0.1151,0.7964,-0.5994,8.0,16.0,8.0,-0.34891021271656886,0.7995886022509779,48.51398086547852
2018-11-09,48.51398086547852,48.87937043055105,47.98724786748592,48.77022964453493,137463200,56.0,-0.0322,0.9062,-0.8271,16.0,26.0,24.0,-1.9281543368647291,0.8921225630651293,46.07013702392578
2018-11-12,46.07013702392578,47.41781558554865,45.9799743974334,47.21613716957594,204542000,117.0,-0.08549999999999999,0.8591,-0.7717,23.0,56.0,43.0,-5.037401173754697,1.4378411881152502,45.60983276367188
2018-11-13,45.60983276367188,46.78430364755,45.42476479992899,45.46747474101187,187531600,53.0,0.0096,0.7579,-0.7506,12.0,26.0,17.0,-0.9991380316816678,1.3595388476210104,44.32148361206055
2018-11-14,44.32148361206055,46.14369273389911,44.11505882624037,46.006077416821554,243204000,70.0,-0.0176,0.802,-0.8225,19.0,32.0,26.0,-2.8247179907169073,2.0286339076587367,45.41526794433594
2018-11-15,45.41526794433594,45.54813685758566,44.345191678630414,44.69872073884626,185915200,65.0,-0.0261,0.6486,-0.765,14.0,35.0,26.0,2.467842326419234,1.2029451789552468,45.91828918457031
2018-11-16,45.91828918457031,46.25995429565413,44.9526142307228,45.19937035516797,147713200,48.0,0.1143,0.886,-0.5106,10.0,22.0,10.0,1.107603814758762,1.3073400649313314,44.09844970703125
2018-11-19,44.09844970703125,45.24682124683419,43.89202855242743,45.08073505230195,167701200,135.0,-0.0087,0.7783,-0.9081,26.0,68.0,42.0,-3.9632127194986433,1.354792694406754,41.99150848388672
2018-11-20,41.99150848388672,43.05683851163266,41.64272573882717,42.32130943637899,271300800,83.0,0.0474,0.7096,-0.7579,23.0,35.0,26.0,-4.777812456315422,1.4141127728054954,41.94406127929688
2018-11-21,41.94406127929688,42.772124438484425,41.88949088130792,42.64399822705807,124496800,59.0,0.1375,0.8591,-0.6808,14.0,32.0,17.0,-0.11299237941890805,0.8826335571765043,40.878719329833984
2018-11-23,40.878719329833984,41.90134287812778,40.833641652562406,41.50747889046618,94496000,101.0,-0.0023999999999999994,0.8779,-0.8201,25.0,41.0,28.0,-2.5399112936847157,1.0677012255653722,41.43156814575195
2018-11-26,41.43156814575195,41.50986670109431,40.39708373701015,41.34140913508516,179994000,91.0,0.2346,0.765,-0.7783,26.0,26.0,20.0,1.3524122697123886,1.112782964084161,41.34140396118164
2018-11-27,41.34140396118164,41.46715518330672,40.54418668522253,40.69366243543495,165549600,68.0,-0.0286,0.8074,-0.8591,18.0,23.0,25.0,-0.21762194530779988,0.9229684980841952,42.93108367919922
2018-11-28,42.93108367919922,43.01412494171261,41.50510695387888,41.93218819956888,184250000,60.0,0.0423,0.8816,-0.875,11.0,25.0,17.0,3.845248505614962,1.5090179878337295,42.60129165649414
2018-11-29,42.60129165649414,43.37240942608668,42.16234624717858,43.33919219005899,167080000,64.0,0.094,0.8689,-0.8074,16.0,24.0,15.0,-0.7681893733907041,1.2100631789081007,42.37113571166992
2018-11-30,42.37113571166992,42.78635290696132,42.0033711860448,42.776860200784085,158126000,56.0,0.031,0.765,-0.8316,14.0,18.0,12.0,-0.5402557900826777,0.7829817209165171,43.85169982910156
2018-12-03,43.85169982910156,43.88017071781132,42.99516559647216,43.76628354256427,163210000,117.0,-0.0016000000000000042,0.8225,-0.8225,23.0,46.0,33.0,3.494275271511915,0.8850051213391552,41.92271423339844
2018-12-04,41.92271423339844,43.27513564881861,41.82306251019987,42.93347052904768,165377200,72.0,0.0901,0.7269,-0.765,8.0,45.0,18.0,-4.3988844291572455,1.4520731386187435,41.45528793334961
2018-12-06,41.45528793334961,41.46952337319293,40.435039173164846,40.75297606435523,172393600,202.0,0.034,0.7184,-0.8271,32.0,102.0,65.0,-1.1149714625978246,1.034484200028082,39.97712326049805
2018-12-07,39.97712326049805,41.40072544307807,39.93204194545113,41.16345841264806,169126400,51.0,-0.041,0.4767,-0.7717,5.0,30.0,19.0,-3.5656842505306097,1.468683497626941,40.24049758911133
2018-12-10,40.24049758911133,40.35675613943839,38.75283200697872,39.14906758995533,248104000,132.0,0.0753,0.7717,-0.8074,25.0,70.0,50.0,0.6588126086439106,1.6039241324596674,40.01034164428711
2018-12-11,40.01034164428711,40.76010273038026,39.62359521509436,40.72926047741938,189126800,78.0,0.0095,0.6808,-0.7876,14.0,39.0,28.0,-0.5719510408998985,1.1365075152858992,40.121856689453125
2018-12-12,40.121856689453125,40.79094783925062,40.10287489238267,40.430300935727146,142510800,96.0,0.0604,0.8176,-0.7906,18.0,34.0,21.0,0.2787155534872632,0.6880729468679476,40.5608024597168
2018-12-13,40.5608024597168,40.945177551940816,40.22863002980266,40.45166164149128,127594400,83.0,0.133,0.8316,-0.7845,19.0,39.0,14.0,1.0940315490909347,0.716547522138157,39.2629508972168
2018-12-14,39.2629508972168,40.117113735755545,39.21549821072196,40.098131937076026,162814800,59.0,-0.0008,0.7783,-0.7088,8.0,24.0,16.0,-3.199767962650568,0.9016155250335842,38.89755630493164
2018-12-17,38.89755630493164,39.943904744588174,38.61046161430654,39.25582820608512,177151600,90.0,-0.01419999999999999,0.7906,-0.9001,20.0,38.0,24.0,-0.9306345649915393,1.333443130281637,39.40292739868164
2018-12-18,39.40292739868164,39.74933514704061,39.00431700694578,39.23921261031191,135366000,61.0,-0.0647,0.5994,-0.875,14.0,28.0,23.0,1.2992361005617292,0.7450181400948281,38.17388153076172
2018-12-19,38.17388153076172,39.73035222871584,37.746800273297104,39.38631585646059,196189200,62.0,0.07,0.765,-0.6249,9.0,35.0,20.0,-3.1191740032012083,1.9835519554187329,37.21058654785156
2018-12-20,37.21058654785156,38.4633561025011,36.84756830306149,38.05762791222595,259092000,60.0,0.0015,0.7964,-0.8689,18.0,19.0,16.0,-2.523439965448371,1.6157877994396088,35.763240814208984
2018-12-21,35.763240814208984,37.52613586195941,35.502249381923065,37.21768815070716,382978400,56.0,-0.0753,0.765,-0.743,8.0,30.0,25.0,-3.889607415301932,2.023886480036346,34.83790969848633
2018-12-24,34.83790969848633,35.95781008841347,34.7809643222436,35.151100216804714,148676800,91.0,-0.1414,0.7579,-0.8126,23.0,37.0,27.0,-2.5873804908502995,1.176845766169869,37.291263580322266
2018-12-26,37.291263580322266,37.30549902473126,34.81182351446712,35.18670590567207,234330000,92.0,-0.1019,0.765,-0.8442,22.0,43.0,33.0,7.042195995882428,2.49367551026414,37.04924392700195
2018-12-27,37.04924392700195,37.196351942081705,35.60666362348881,36.97569172966579,212468400,3.0,-0.1953,0.0,-0.5859,1.0,0.0,1.0,-0.6489982641618486,1.5896883185928985,37.0682258605957
2018-12-28,37.0682258605957,37.611569368803295,36.66961900113825,37.369555992471305,169165600,8.0,-0.0596,0.3818,-0.5859,1.0,5.0,3.0,0.05123433458222859,0.9419503676650436,37.42649841308594
2018-12-31,37.42649841308594,37.810869799996105,37.12753967179389,37.61393775275985,140014000,12.0,0.5861000000000001,0.6249,-0.7906,5.0,4.0,4.0,0.9665219852647011,0.6833301282022148,37.46920776367188
2019-01-02,37.46920776367188,37.689867977237725,36.59369187126671,36.750288975035055,148158800,87.0,0.1663,0.8074,-0.743,20.0,33.0,18.0,0.11411527232536578,1.0961761059710184,33.736995697021484
2019-01-03,33.736995697021484,34.574547927015324,33.69191438723821,34.16170203892372,365248800,61.0,0.0513,0.872,-0.5719,11.0,26.0,14.0,-9.960744540398181,0.8826335397771174,35.17720413208008
2019-01-04,35.17720413208008,35.24601358953824,34.11899533904399,34.29219923540596,234428400,54.0,0.0573,0.8176,-0.7783,14.0,21.0,15.0,4.268929124550791,1.1270182504942454,35.09889602661133
2019-01-07,35.09889602661133,35.31243844078,34.6172444372352,35.28159258063865,219111200,95.0,-0.1625,0.8957,-0.872,29.0,45.0,39.0,-0.2226103733961482,0.695194003544799,35.76799392700195
2019-01-08,35.76799392700195,36.0218713099174,35.23888962424999,35.485645667649806,164101200,58.0,0.0907,0.6597,-0.765,10.0,22.0,8.0,1.9063217825521672,0.7829816856674086,36.37540054321289
2019-01-09,36.37540054321289,36.664866551777166,35.502259784558376,35.89612022438251,180396400,49.0,0.0731,0.765,-0.7096,9.0,21.0,13.0,1.6981847443012343,1.16260676721879,36.49164962768555
2019-01-10,36.49164962768555,36.53198456588716,35.794084368468795,36.18320193627879,143122800,62.0,0.0401,0.7579,-0.7579,8.0,35.0,20.0,0.31958159288048016,0.7379001974183623,36.13339614868164
2019-01-11,36.13339614868164,36.46794354601697,35.94832814598715,36.27338645464408,108092800,41.0,-0.0639,0.6841,-0.7645,9.0,17.0,14.0,-0.9817409809067867,0.5196154000298208,35.59005355834961
2019-01-14,35.59005355834961,35.891383692191056,35.40498556947879,35.79173197667657,129756800,80.0,-0.004699999999999996,0.8246,-0.8834,19.0,35.0,29.0,-1.503713041797361,0.48639812271226646,36.31847381591797
2019-01-15,36.31847381591797,36.394397399203584,35.60192621779174,35.65412526522925,114843600,51.0,0.2592,0.8531,-0.5023,17.0,18.0,6.0,2.0466961545144047,0.792471181411841,36.762149810791016
2019-01-16,36.762149810791016,36.98518137158213,36.30185124837653,36.32083304295525,122278800,49.0,0.132,0.8074,-0.6124,7.0,23.0,7.0,1.221626209079818,0.6833301232056002,36.98042678833008
2019-01-17,36.98042678833008,37.40750802029229,36.3635312732284,36.58656278438679,119284800,45.0,0.0367,0.8591,-0.7351,13.0,18.0,13.0,0.59375465978595,1.043976747063887,37.20821380615234
2019-01-18,37.20821380615234,37.45971625451414,37.00890676859886,37.369553633249645,135004000,47.0,-0.0219,0.7269,-0.6597,12.0,19.0,17.0,0.6159664384785879,0.45080948591527914,36.37303161621094
2019-01-22,36.37303161621094,37.18685568376456,36.21168817452131,37.11093212681015,121576000,103.0,0.2145,0.802,-0.8316,25.0,41.0,25.0,-2.244617799426063,0.9751675092432492,36.52013397216797
2019-01-23,36.52013397216797,36.80959998409829,35.99340097474768,36.57470436511674,92522400,38.0,0.1419,0.802,-0.8402,11.0,12.0,6.0,0.40442698730525084,0.816199009350612,36.23067092895508
2019-01-24,36.23067092895508,36.65300590810053,36.00289663164888,36.565218274806185,101766000,50.0,0.0905,0.7003,-0.6249,12.0,22.0,13.0,-0.79261221613669,0.6501092764516514,37.43124008178711
2019-01-25,37.43124008178711,37.51903133240946,36.61504465459194,36.890271619149736,134142000,41.0,0.1075,0.765,-0.8074,11.0,19.0,12.0,3.313681811706526,0.903986677817521,37.0848388671875
2019-01-28,37.0848388671875,37.09195658871479,36.45845402993215,36.96383036040819,104768400,61.0,-0.0403,0.7717,-0.7351,9.0,28.0,15.0,-0.9254334450120361,0.633502558782638,36.70046615600586
2019-01-29,36.70046615600586,37.51904038821024,36.565225817907695,37.07297716838964,166348800,47.0,-0.0102,0.802,-0.9136,13.0,20.0,16.0,-1.036468602595797,0.9538145703025478,39.2083625793457
2019-01-30,39.2083625793457,39.42190138123713,38.01728150422006,38.73382869033698,244439200,42.0,0.1184,0.7351,-0.7906,16.0,14.0,10.0,6.833418444003714,1.404619877017069,39.490718841552734
2019-01-31,39.490718841552734,40.09812176355808,39.044655736777,39.41242029951825,162958400,52.0,0.0788,0.7845,-0.6555,13.0,19.0,12.0,0.7201429583692187,1.0534660267810807,39.50969696044922
2019-02-01,39.50969696044922,40.09337168073329,39.369706696277575,39.61409500678469,130672400,65.0,0.1851,0.8126,-0.5574,18.0,30.0,14.0,0.048057162424997024,0.7236649844557164,40.631980895996094
2019-02-04,40.631980895996094,40.729261252002615,39.69003045070155,39.72087632465673,125982000,72.0,-0.062,0.7717,-0.8316,14.0,29.0,22.0,2.840527824524508,1.0392308013010663,41.3271598815918
2019-02-05,41.3271598815918,41.54070233089087,40.89296450420444,41.013969357855885,144406400,34.0,0.0425,0.891,-0.7096,12.0,14.0,14.0,1.7109158113042033,0.6477378266864307,41.34140396118164
2019-02-06,41.34140396118164,41.6569695100412,41.01160297138825,41.43868068103189,112958400,57.0,0.1299,0.836,-0.6249,19.0,17.0,11.0,0.034466630735474624,0.6453665386529508,40.55842208862305
2019-02-07,40.55842208862305,41.27022309791329,40.41606043860214,40.904829885716296,126966800,107.0,0.112,0.875,-0.7579,18.0,70.0,31.0,-1.8939411764868685,0.8541626593111502,40.6060791015625
2019-02-08,40.6060791015625,40.66565025089197,40.131891443963546,40.26771540968325,95280000,58.0,-0.0167,0.6428,-0.7096,13.0,30.0,22.0,0.11750213762093953,0.5337588069284251,40.372554779052734
2019-02-11,40.372554779052734,40.796704677929405,40.32966529975781,40.75857827237781,83973600,63.0,0.33649999999999997,0.9062,-0.7269,14.0,34.0,19.0,-0.5750969502021697,0.4670393781715987,40.7204475402832
2019-02-12,40.7204475402832,40.74665898682319,40.43688833751438,40.532204341266045,89134000,44.0,0.034,0.8074,-0.5719,8.0,23.0,14.0,0.8617060850728553,0.3097706493088097,40.55126953125
2019-02-13,40.55126953125,41.09932481206212,40.48931684716783,40.83959548318567,89960800,52.0,0.0631,0.765,-0.6369,15.0,19.0,15.0,-0.41546205715407014,0.6100079648942938,40.69902038574219
2019-02-14,40.69902038574219,40.808629292492725,40.36065660709454,40.4392909806862,87342800,34.0,-0.0413,0.8316,-0.7717,9.0,15.0,15.0,0.36435568158557086,0.44797268539818447,40.60845565795898
2019-02-15,40.60845565795898,40.91345961424227,40.44880543364929,40.80623228578758,98507200,30.0,0.11,0.802,-0.7579,11.0,12.0,7.0,-0.22252311462253038,0.46465418059298,40.729976654052734
2019-02-19,40.729976654052734,40.85150410234934,40.38684995398096,40.43927284620034,75891200,120.0,-0.2543,0.8126,-0.9001,30.0,53.0,45.0,0.2992504741310853,0.4646541483683748,40.992095947265625
2019-02-20,40.992095947265625,41.29948509114437,40.7442815842349,40.791937772979175,104457600,39.0,0.0556,0.8625,-0.7906,14.0,16.0,13.0,0.6435537526555679,0.5552035069094714,40.76094818115234
2019-02-21,40.76094818115234,41.073100311196576,40.57985326034545,40.93728002957469,68998800,45.0,0.1472,0.802,-0.6124,10.0,23.0,11.0,-0.5638837458095569,0.4932470508511244,41.21609115600586
2019-02-22,41.21609115600586,41.223239403756,40.83721948150898,40.88487567848821,75652800,36.0,0.0311,0.5994,-0.7579,4.0,23.0,13.0,1.116615278012545,0.38601992224701576,41.51633071899414
2019-02-25,41.51633071899414,41.907117372895385,41.44961131242088,41.49965268531831,87493600,55.0,0.2114,0.7184,-0.8402,16.0,23.0,17.0,0.7284522975549823,0.4575060604745076,41.54014587402344
2019-02-26,41.54014587402344,41.77128217748678,41.26373492448921,41.39241061710472,68280800,24.0,-0.1194,0.5994,-0.836,6.0,12.0,11.0,0.05736334260966203,0.5075472529975684,41.668827056884766
2019-02-27,41.668827056884766,41.69980521854615,41.15889815564964,41.2732773821219,111341600,46.0,-0.0452,0.8126,-0.7964,14.0,22.0,18.0,0.3097754717847456,0.5409070628965154,41.25897216796875
2019-02-28,41.25897216796875,41.67835534148874,41.20416773449612,41.53776831669921,112861600,39.0,0.0182,0.7351,-0.8126,12.0,11.0,11.0,-0.9836007343247188,0.4741876069926221,41.692657470703125
2019-03-01,41.692657470703125,41.73554695419303,41.19702505785762,41.52824051212283,103544800,49.0,0.1592,0.8091,-0.765,13.0,20.0,8.0,1.05112968148795,0.5385218963354106,41.90234756469727
2019-03-04,41.90234756469727,42.35508684168328,41.45437136174755,41.86422115680062,109744800,33.0,-0.30169999999999997,0.6486,-0.6486,8.0,14.0,15.0,0.5029425004666521,0.9007154799357338,41.82608795166016
2019-03-05,41.82608795166016,41.9380819841972,41.59018493156289,41.92378549254291,78949600,40.0,0.1164,0.8074,-0.6249,8.0,21.0,10.0,-0.18199365302711268,0.34789705263430903,41.58543014526367
2019-03-06,41.58543014526367,41.81656650222476,41.44722463850816,41.621171381521776,83241600,37.0,0.1309,0.9062,-0.6369,8.0,16.0,9.0,-0.5753772781108002,0.36934186371659905,41.10408782958984
2019-03-07,41.10408782958984,41.566360471567705,40.98971225542988,41.43053652305642,99185600,36.0,0.1011,0.784,-0.7096,10.0,13.0,9.0,-1.1574782658071325,0.5766482161378264,41.201786041259766
2019-03-08,41.201786041259766,41.23991244524117,40.38923478158426,40.58462987503848,95997600,28.0,0.0425,0.6808,-0.4404,1.0,19.0,9.0,0.2376849039321005,0.85067766365691,42.62910842895508
2019-03-11,42.62910842895508,42.681531325611424,41.78320110804429,41.816560802649775,128044000,64.0,-0.2561,0.9081,-0.7789,17.0,28.0,29.0,3.4642245514939107,0.8983302175671355,43.10806655883789
2019-03-12,43.10806655883789,43.52744613325643,42.74110624977912,42.89122670675174,129870400,49.0,0.0702,0.7184,-0.7184,9.0,22.0,13.0,1.1235471431006783,0.7863398834773108,43.29868698120117
2019-03-13,43.29868698120117,43.67755854133484,43.11044015144397,43.42735903779865,124130000,45.0,0.0451,0.7096,-0.8519,10.0,19.0,14.0,0.4421920015900138,0.5671183898908723,43.780029296875
2019-03-14,43.780029296875,43.86819707283481,43.50123674636694,43.82053724326323,94318000,49.0,0.1133,0.891,-0.6249,10.0,13.0,7.0,1.111678781120573,0.36696032646786847,44.34952926635742
2019-03-15,44.34952926635742,44.63785523657547,43.78241438212483,44.04691043760487,156171600,50.0,0.1202,0.8591,-0.6705,16.0,18.0,12.0,1.30082135308911,0.8554408544506416,44.80226135253906
2019-03-18,44.80226135253906,44.89042547105156,44.27088419713954,44.273269369596825,104879200,70.0,-0.0441,0.7845,-0.765,16.0,25.0,22.0,1.0208272639436355,0.6195412739120201,44.44722366333008
2019-03-19,44.44722366333008,45.03340534638429,44.30186992001534,44.88090335634377,126585600,41.0,0.0912,0.8519,-0.7351,7.0,14.0,6.0,-0.7924548415430888,0.73153542636895,44.83562469482422
2019-03-20,44.83562469482422,45.15254360309381,44.01830674487972,44.37573359295211,124140800,28.0,0.0733,0.8074,-0.7096,3.0,12.0,4.0,0.8738476770475456,1.1342368582140878,46.486942291259766
2019-03-21,46.486942291259766,46.78241650769127,45.22879987925223,45.27884124565531,204136800,9.0,-0.1843,0.4404,-0.6249,2.0,4.0,5.0,3.683048039757031,1.5536166284390447,45.52427291870117
2019-03-22,45.52427291870117,47.10648249507304,45.45993505954188,46.546512238552936,169630800,36.0,0.1462,0.8126,-0.5719,10.0,17.0,9.0,-2.0708382292108474,1.6465474355311613,44.97383117675781
2019-03-25,44.97383117675781,45.7458708587234,44.4639023409663,45.633876819634864,175381200,70.0,0.132,0.7184,-0.6808,10.0,34.0,19.0,-1.2091170416414054,1.2819685177571003,44.50917053222656
2019-03-26,44.50917053222656,45.96032623886354,43.98256370057389,45.66961879021226,199202000,42.0,0.0584,0.7269,-0.8402,14.0,16.0,11.0,-1.0331800346406461,1.977762538289646,44.90949630737305
2019-03-27,44.90949630737305,45.216881824139065,44.45199033761694,44.97621570071659,119393600,32.0,0.0737,0.8074,-0.7269,10.0,12.0,9.0,0.8994231309177758,0.7648914865221244,44.96907424926758
2019-03-28,44.96907424926758,45.16923245954408,44.68551496674179,45.02387869438107,83121600,39.0,0.0951,0.7351,-0.7351,12.0,12.0,9.0,0.13266223581480663,0.4837174928022847,45.26215362548828
2019-03-29,45.26215362548828,45.2931317832796,44.92617150707696,45.233560640409536,94256000,34.0,0.1682,0.8455,-0.8074,13.0,15.0,8.0,0.6517354006358556,0.36696027620264005,45.56954956054688
2019-04-01,45.56954956054688,45.67439173346239,44.88805543895594,45.66486194899173,111448000,62.0,0.01469999999999999,0.6908,-0.7096,10.0,25.0,12.0,0.6791456226366899,0.7863362945064551,46.23197555541992
2019-04-02,46.23197555541992,46.33682135310815,45.52427005695858,45.5337998404147,91062800,69.0,0.0235,0.8074,-0.8126,14.0,30.0,21.0,1.4536592993812603,0.8125512961495716,46.54890441894531
2019-04-03,46.54890441894531,46.822930291979866,46.02467531863321,46.0485052362601,93087200,42.0,0.0721,0.765,-0.3182,6.0,14.0,9.0,0.6855187556185527,0.7982549733466584,46.62991714477539
2019-04-04,46.62991714477539,46.79194893860823,46.02229064603285,46.41545880854789,76457200,99.0,0.0053,0.7842,-0.7845,12.0,55.0,33.0,0.17403787874565868,0.7696582925753788,46.94206619262695
2019-04-05,46.94206619262695,46.96589610699699,46.68709992541847,46.81100893546065,74106400,58.0,0.0407,0.9062,-0.9287,17.0,21.0,18.0,0.6694179766230546,0.27879618157852093,47.68073654174805
2019-04-08,47.68073654174805,47.71171105862545,46.784784370030366,46.803847568996,103526800,77.0,0.007400000000000004,0.836,-0.7003,20.0,26.0,19.0,1.5735786875889834,0.9269266885950813,47.53777313232422
2019-04-09,47.53777313232422,48.33602791999754,47.47343527844449,47.73316823079818,143072800,45.0,0.0657,0.75,-0.7003,5.0,26.0,12.0,-0.2998347336741647,0.86259264155305,47.80466079711914
2019-04-10,47.80466079711914,47.833257424849805,47.223245724372106,47.34238803810109,86781200,37.0,-0.0233,0.7906,-0.5994,9.0,20.0,16.0,0.5614223115837147,0.610011700477699,47.40671920776367
2019-04-11,47.40671920776367,47.89520335222447,47.28519537386603,47.85946211752939,83603200,31.0,0.0622,0.8519,-0.802,7.0,13.0,9.0,-0.8324326179079411,0.6100079783584391,47.38765335083008
2019-04-12,47.38765335083008,47.69027578606465,46.75381913013985,47.46628769869107,111042800,42.0,-0.0084,0.5267,-0.5994,5.0,18.0,12.0,-0.040217625796956646,0.9364566559248004,47.47343826293945
2019-04-15,47.47343826293945,47.62117718246721,47.18273076972158,47.31855473245824,70146400,76.0,0.156,0.8316,-0.6808,12.0,27.0,13.0,0.18102798101073958,0.4384464127456269,47.47821044921875
2019-04-16,47.47821044921875,47.98337267920693,47.31379347996625,47.528251819139626,102785600,34.0,0.1392,0.6908,-0.5423,6.0,9.0,3.0,0.010052329163245943,0.6695791992406797,48.40274810791016
2019-04-17,48.40274810791016,48.462319253167394,47.325700783597725,47.54730369870625,115627200,22.0,0.0313,0.6597,-0.7889,5.0,8.0,6.0,1.9472883454195733,1.1366184695696688,48.576698303222656
2019-04-18,48.576698303222656,48.64579923684503,48.25739781446443,48.40036639173176,96783200,30.0,0.0638,0.7269,-0.6705,5.0,18.0,11.0,0.3593808246686425,0.3884014223805963,48.73634719848633
2019-04-22,48.73634719848633,48.83404475360525,48.214503361460345,48.33126412020742,77758000,81.0,0.525,0.8176,-0.8807,21.0,34.0,19.0,0.3286532449511492,0.6195413921449031,49.43928527832031
2019-04-23,49.43928527832031,49.50362313511346,48.58622601734535,48.71251655805477,93292000,42.0,0.1111,0.8126,-0.7906,8.0,19.0,8.0,1.4423282011086336,0.917397117768104,49.3630256652832
2019-04-24,49.3630256652832,49.677559364124285,49.33681422071865,49.41068184560052,70162400,51.0,0.133,0.8591,-0.765,14.0,26.0,11.0,-0.15424902000059637,0.3407451434056341,48.91505432128906
2019-04-25,48.91505432128906,49.50599901366292,48.87692791895943,49.28439611749792,74172800,51.0,0.1112,0.7845,-0.8176,8.0,32.0,12.0,-0.9075038208389175,0.629071094703491,48.68155288696289
2019-04-26,48.68155288696289,48.84835140848778,48.16209047885956,48.82452149001205,74596400,41.0,0.0811,0.8986,-0.7096,12.0,18.0,11.0,-0.4773610855923094,0.6862609296282187,48.75541305541992
2019-04-29,48.75541305541992,49.079480262865886,48.576699602106366,48.70537168868094,88818800,45.0,0.3571,0.7964,-0.765,10.0,25.0,12.0,0.15172106080620917,0.5027806607595195,47.81657028198242
2019-04-30,47.81657028198242,48.46708622241454,47.44484688744978,48.38607033097731,186139600,43.0,0.1025,0.8091,-0.7096,12.0,20.0,12.0,-1.9256175152701949,1.022239334964759,50.16367721557617
2019-05-01,50.16367721557617,51.30505889994742,49.8562880319381,50.01117521030859,259309200,26.0,-0.0062,0.8271,-0.7906,7.0,7.0,8.0,4.908563955449874,1.4487708680093192,49.83722305297852
2019-05-02,49.83722305297852,50.671219159962654,49.59417537681596,50.00164001010491,127985200,35.0,0.0972,0.765,-0.7579,10.0,18.0,12.0,-0.6507779746582898,1.0770437831466921,50.45675659179688
2019-05-03,50.45675659179688,50.47820133000278,50.09456303527242,50.251831720650216,83569600,33.0,-0.0288,0.8316,-0.7717,8.0,11.0,9.0,1.2431140839443966,0.3836382947303605,49.67757034301758
2019-05-06,49.67757034301758,49.76335294092036,48.490914101974354,48.6791573284068,129772400,72.0,0.1539,0.6124,-0.8126,13.0,39.0,22.0,-1.5442654292725178,1.2724388389460088,48.33841323852539
2019-05-07,48.33841323852539,49.42499041337888,47.854695800035216,49.05803373574075,155054800,64.0,0.0113,0.6908,-0.8316,15.0,28.0,17.0,-2.695697666462893,1.5702946133436626,48.347938537597656
2019-05-08,48.347938537597656,48.92935347903369,48.07391273228292,48.10965396395561,105358000,48.0,-0.0663,0.6908,-0.7717,9.0,23.0,21.0,0.019705444250450732,0.855440746750773,47.82848358154297
2019-05-09,47.82848358154297,48.05723475366527,46.86104872008744,47.75223076687932,139634400,54.0,0.0877,0.8442,-0.875,15.0,26.0,17.0,-1.0744097303150513,1.1961860335778312,47.165897369384766
2019-05-10,47.165897369384766,47.56536833430933,46.11101823277178,47.22330722271242,164834800,44.0,-0.0559,0.8074,-0.7717,11.0,17.0,15.0,-1.3853381134874554,1.4543501015375568,44.42463302612305
2019-05-13,44.42463302612305,45.32403198718554,43.73812387778256,44.90064671970861,229722400,88.0,-0.43000000000000005,0.802,-0.8316,33.0,31.0,38.0,-5.811962659786185,1.585908109402979,45.127891540527344
2019-05-14,45.127891540527344,45.37666024246978,44.35048432829495,44.58968654744338,146118800,60.0,-0.2427,0.6369,-0.872,23.0,29.0,39.0,1.5830373072316828,1.0261759141748357,45.66849136352539
2019-05-15,45.66849136352539,45.867029661329525,44.49640184388846,44.55620240407272,106178800,38.0,0.0735,0.743,-0.6908,11.0,20.0,11.0,1.1979283865113821,1.3706278174410684,45.46755599975586
2019-05-16,45.46755599975586,46.03924912918253,45.17094394873877,45.42689206250881,132125600,42.0,0.0837,0.7269,-0.8126,15.0,13.0,10.0,-0.43998686571462553,0.8683051804437625,45.20922088623047
2019-05-17,45.20922088623047,45.66370365738736,44.67340658397215,44.7140705245547,131516400,47.0,0.0043,0.8986,-0.8074,14.0,20.0,16.0,-0.5681746200010829,0.9902970734152063,43.795536041259766
2019-05-20,43.795536041259766,44.09693319133087,43.123378349333606,43.89839489959819,154449200,74.0,0.2622,0.9246,-0.8316,30.0,24.0,18.0,-3.126983427845964,0.973554841997263,44.635135650634766
2019-05-21,44.635135650634766,44.97001729820006,44.18064924329761,44.30503541950881,113459200,34.0,0.1153,0.7717,-0.765,12.0,12.0,7.0,1.9170894690820006,0.7893680549024538,43.72138595581055
2019-05-22,43.72138595581055,44.422250430132046,43.66637046156018,44.17108734343066,118994400,45.0,0.1004,0.7506,-0.891,9.0,18.0,5.0,-2.047153394976242,0.7558799685718682,42.97507858276367
2019-05-23,42.97507858276367,43.18557408801563,42.53255294513371,43.00856675291308,146118800,42.0,0.1611,0.7579,-0.765,21.0,12.0,11.0,-1.7069618373973139,0.6530211428819186,42.81002426147461
2019-05-24,42.81002426147461,43.56829490792796,42.726302019305706,43.104241988346736,94858800,48.0,0.2023,0.872,-0.7906,22.0,16.0,12.0,-0.3840698533481235,0.8419928886222507,42.63301849365234
2019-05-28,42.63301849365234,43.19753598272842,42.55647566713429,42.79806863981353,111792800,116.0,0.3468,0.8625,-0.8126,32.0,60.0,31.0,-0.413468039030207,0.6410603155941246,42.4296875
2019-05-29,42.4296875,42.900916127061286,42.09958729527348,42.20005178150852,113924800,54.0,-0.0941,0.7184,-0.7897,10.0,29.0,24.0,-0.4769331397039389,0.8013288317878065,42.64975738525391
2019-05-30,42.64975738525391,42.87221370220988,42.259856591093225,42.56603514665155,84873600,50.0,-0.0498,0.7003,-0.8519,19.0,23.0,23.0,0.5186695877831049,0.6123571111166584,41.87713623046875
2019-05-31,41.87713623046875,42.575606305283934,41.8579996140433,42.15460804379681,108174400,35.0,0.0526,0.7717,-0.7783,10.0,18.0,12.0,-1.8115487687446863,0.7176066912406327,41.45374298095703
2019-06-03,41.45374298095703,42.55885600339575,40.72896058962567,42.00390878409617,161584400,97.0,-0.21949999999999997,0.891,-0.8934,38.0,44.0,34.0,-1.011036779548613,1.8298954137700818,42.97028350830078
2019-06-04,42.97028350830078,43.01573251076257,41.74556939956014,41.96563498785348,123872000,70.0,0.0601,0.7783,-0.7906,17.0,34.0,22.0,3.658392266388133,1.2701631112024288,43.66395950317383
2019-06-05,43.66395950317383,44.250007699321216,43.32907794817692,44.08017256432873,119093600,30.0,0.1197,0.8225,-0.5994,12.0,13.0,8.0,1.6143156112503831,0.9209297511442927,44.30503845214844
2019-06-06,44.30503845214844,44.36483901115955,43.57068583552247,43.79314581301077,90105200,105.0,-0.1032,0.836,-0.8705,26.0,48.0,48.0,1.4682107538323663,0.794153175637085,45.48429489135742
2019-06-07,45.48429489135742,45.90768378892111,44.43659178289126,44.61359906723207,122737600,58.0,0.0168,0.75,-0.7351,19.0,23.0,21.0,2.6616756928958374,1.4710920060298491,46.065574645996094
2019-06-10,46.065574645996094,46.73294738855598,45.8359388555826,45.88138787190985,104883600,69.0,-0.044199999999999996,0.872,-0.8519,25.0,22.0,22.0,1.2779790387585477,0.8970085329733806,46.59897994995117
2019-06-11,46.59897994995117,46.88363115164734,46.30954733221378,46.61094078992602,107731600,29.0,0.01,0.8658,-0.9136,9.0,10.0,8.0,1.1579260826640736,0.5740838194335609,46.45068740844727
2019-06-12,46.45068740844727,46.87646713884036,46.259324870645045,46.393277552125554,73012800,28.0,-0.0161,0.7269,-0.6249,7.0,11.0,9.0,-0.3182313039108764,0.617142268195316,46.44111633300781
2019-06-13,46.44111633300781,47.07261014000274,46.30955801275047,46.57267830320191,86698400,45.0,0.035,0.6037,-0.7579,7.0,22.0,12.0,-0.020604809042545913,0.7630521272522657,46.10384368896485
2019-06-14,46.10384368896485,46.30716341463391,45.52018960598685,45.819192423091415,75046000,76.0,-0.021,0.8455,-0.8225,14.0,34.0,26.0,-0.7262371593838024,0.7869738086470619,46.37892150878906
2019-06-17,46.37892150878906,46.63486965392285,45.967493369838486,46.14210998057583,58676400,47.0,-0.41370000000000007,0.7351,-0.8548,13.0,21.0,20.0,0.5966483438560877,0.6673762840843622,47.469688415527344
2019-06-18,47.469688415527344,47.90981970395543,46.69467541849895,46.89560444365913,106204000,53.0,0.0701,0.7351,-0.765,9.0,24.0,12.0,2.351859144744406,1.215144285456475,47.3309440612793
2019-06-19,47.3309440612793,47.811742879326864,47.1969913965281,47.76389951339883,84496800,65.0,-0.0205,0.8176,-0.836,12.0,30.0,23.0,-0.2922798924516745,0.6147514827987663,47.71128845214844
2019-06-20,47.71128845214844,47.9863696146197,47.36922729322639,47.928959753349226,86056000,46.0,0.0419,0.8126,-0.6249,9.0,18.0,9.0,0.8035850507792652,0.6171423213933096,47.548622131347656
2019-06-21,47.548622131347656,48.04377253215675,47.39792354850374,47.55340719824624,191202400,39.0,-0.0003,0.6369,-0.5994,10.0,18.0,13.0,-0.34093885551618186,0.6458489836530106,47.50077819824219
2019-06-24,47.50077819824219,47.87871815109603,47.40270441017317,47.49120806529403,72881600,113.0,-0.15109999999999998,0.8316,-0.7579,18.0,52.0,41.0,-0.10062107157028377,0.4760137409228591,46.78076934814453
2019-06-25,46.78076934814453,47.663422274579474,46.713789383736064,47.46488403884307,84281200,36.0,0.1265,0.7269,-0.5677,7.0,21.0,9.0,-1.51578327220816,0.9496328908434108,47.792606353759766
2019-06-26,47.792606353759766,48.07725759186515,47.20656161939147,47.30702611814578,104270000,61.0,0.0932,0.7184,-0.8176,13.0,30.0,16.0,2.162933657813748,0.8706959724736762,47.77825164794922
2019-06-27,47.77825164794922,48.21599213856582,47.737587709468265,47.90980994600214,83598800,42.0,0.0776,0.8,-0.8126,6.0,19.0,9.0,-0.030035411135131973,0.47840442909755154,47.34290313720703
2019-06-28,47.34290313720703,47.720843084338505,47.13479837293914,47.52469551117032,124442400,53.0,-0.0413,0.8126,-0.7906,12.0,23.0,19.0,-0.9111855200353958,0.5860447113993672,48.21120834350586
2019-07-01,48.21120834350586,48.91446345681218,47.99592415477376,48.59871477331292,109012000,78.0,-0.2767,0.743,-0.8316,23.0,34.0,35.0,1.8340768072087732,0.9185393020384183,48.49345779418945
2019-07-02,48.49345779418945,48.58914085785711,48.16575196972495,48.17771280892537,67740800,46.0,0.0664,0.8271,-0.7003,11.0,19.0,12.0,0.5854436351658387,0.423388888132159,48.89532470703125
2019-07-03,48.89532470703125,48.90250048134883,48.48389661312159,48.62502504128212,45448000,65.0,0.1019,0.8228,-0.6249,15.0,27.0,14.0,0.8287033573628699,0.41860386822724394,48.852272033691406
2019-07-05,48.852272033691406,49.05559539591994,48.53413261923109,48.64177654625591,69062000,148.0,0.1966,0.8176,-0.8176,31.0,62.0,34.0,-0.08805069523069031,0.5214627766888498,47.84522247314453
2019-07-08,47.84522247314453,48.17531900929946,47.46010680601736,48.03419059493213,101354400,75.0,0.21509999999999999,0.8316,-0.7506,12.0,33.0,17.0,-2.061418064347864,0.7152122032820998,48.13706588745117
2019-07-09,48.13706588745117,48.201647872072776,47.555802476298,47.64909121513284,82312000,52.0,0.0132,0.7555,-0.7783,7.0,29.0,19.0,0.6099739936844317,0.6458453957747778,48.613059997558594
2019-07-10,48.613059997558594,48.73266109242535,48.21359277869593,48.28296345768267,71588400,55.0,0.035,0.8256,-0.836,9.0,27.0,16.0,0.9888307509650529,0.5190683137294201,48.259037017822266
2019-07-11,48.259037017822266,48.89053059042238,48.249470537148426,48.63219181300387,80767200,40.0,0.0293,0.8519,-0.7506,7.0,23.0,14.0,-0.7282466476171368,0.6410600532739537,48.62980651855469
2019-07-12,48.62980651855469,48.79724732350111,48.36668264654188,48.42648319473245,70380800,74.0,0.0483,0.7574,-0.9413,19.0,33.0,22.0,0.7682903009347042,0.4305646769592286,49.08668518066406
2019-07-15,49.08668518066406,49.244555859075206,48.797248912027776,48.81877623409258,67789600,57.0,0.2206,0.7964,-0.8126,13.0,30.0,15.0,0.9395033515814166,0.44730694704743,48.9168586730957
2019-07-16,48.9168586730957,49.30197443016253,48.67765643019548,48.938385998971945,67467200,42.0,0.0233,0.8074,-0.9001,14.0,16.0,14.0,-0.3459726541796604,0.6243179999670474,48.64177322387695
2019-07-17,48.64177322387695,49.05798275351496,48.62263660815599,48.80921404901501,56430000,35.0,0.043,0.7456,-0.7096,12.0,10.0,7.0,-0.5623530551238098,0.4353461453589702,49.1943359375
2019-07-18,49.1943359375,49.24696072484421,48.72549791841606,48.7972593238797,74162400,48.0,0.1981,0.765,-0.8392,17.0,16.0,9.0,1.13598390231342,0.521462806428147,48.45998001098633
2019-07-19,48.45998001098633,49.39526162771868,48.40496451880691,49.22542643455206,83717200,47.0,0.052,0.7269,-0.7351,5.0,29.0,13.0,-1.49276519851117,0.9902971089117685,49.56748962402344
2019-07-22,49.56748962402344,49.5698803325022,48.70396937143094,48.7135358552826,89111600,79.0,0.2736,0.7739,-0.7579,14.0,38.0,18.0,2.2854107921340905,0.8659109610712648,49.95499038696289
2019-07-23,49.95499038696289,49.97173629421098,49.5842262186613,49.86409602597792,73420800,43.0,0.0439,0.8126,-0.802,10.0,17.0,12.0,0.7817639462452064,0.3875100755496774,49.914337158203125
2019-07-24,49.914337158203125,50.029153225625926,49.555533753812014,49.67513488860905,59966400,36.0,0.1593,0.6124,-0.6249,4.0,26.0,8.0,-0.08137971490906892,0.47361947181391173,49.51964569091797
2019-07-25,49.51964569091797,50.050674922943,49.4502750016344,49.9669526841349,55638400,42.0,0.1173,0.8091,-0.765,8.0,24.0,10.0,-0.7907376712910863,0.6003999213086004,49.69186401367188
2019-07-26,49.69186401367188,50.16787403340951,49.548341240422246,49.62966910862703,70475600,38.0,0.031,0.8668,-0.6369,10.0,17.0,12.0,0.34777777657948317,0.6195327929872647,50.15592193603516
2019-07-29,50.15592193603516,50.385557683272346,49.85931350619357,49.86409857278544,86693600,100.0,0.1147,0.8176,-0.891,16.0,42.0,24.0,0.9338710301461051,0.5262441770787731,49.94062805175781
2019-07-30,49.94062805175781,50.27072820965178,49.58900057485391,49.9358429864438,135742800,28.0,0.0395,0.872,-0.7351,8.0,12.0,9.0,-0.42924918128695033,0.6817276347978662,50.95964431762695
2019-07-31,50.95964431762695,52.95219944273716,50.54343475015479,51.768149068134655,277125600,36.0,0.0648,0.8387,-0.8402,8.0,20.0,10.0,2.0404554480433212,2.4087646925823734,49.85691833496094
2019-08-01,49.85691833496094,52.15326117014312,49.45266963798026,51.16535480637104,216071600,68.0,0.0115,0.8567,-0.7845,11.0,37.0,24.0,-2.1639200929127855,2.7005915321628606,48.80203628540039
2019-08-02,48.80203628540039,49.3785108420285,48.23034314505546,49.16323031133008,163448400,93.0,-0.0079,0.6901,-0.9042,19.0,45.0,30.0,-2.1158187966480058,1.14816769697304,46.24735641479492
2019-08-05,46.24735641479492,47.51751962109188,46.0655640412733,47.35964892958403,209572000,78.0,-0.20390000000000003,0.8176,-0.8402,15.0,42.0,29.0,-5.234781302291125,1.4519555798185806,47.12284469604492
2019-08-06,47.12284469604492,47.37879286336873,46.41480440834536,46.95779455449021,143299200,46.0,-0.0384,0.891,-0.8225,20.0,21.0,22.0,1.8930558395548136,0.9639884550233688,47.61081314086914
2019-08-07,47.61081314086914,47.73519932999547,46.36218078247986,46.74251147526255,133457600,121.0,0.0256,0.6808,-0.8957,21.0,73.0,38.0,1.0355241666154535,1.3730185475156063,48.66089630126953
2019-08-08,48.66089630126953,48.684817978543656,47.69452112832416,47.88827430446387,108038000,76.0,0.0189,0.7184,-0.8555,16.0,36.0,23.0,2.205556030503919,0.9902968502194938,48.25992584228516
2019-08-09,48.25992584228516,48.68491980321308,47.851734087471264,48.3343596886464,98478800,31.0,-0.0242,0.8316,-0.8591,9.0,17.0,13.0,-0.8240096041426725,0.8331857157418128,48.13747024536133
2019-08-12,48.13747024536133,48.51444641488046,47.81812205634959,47.930974561632105,89927600,87.0,-0.1354,0.7964,-0.8934,17.0,39.0,29.0,-0.2537417842787937,0.6963243585308732,50.17600631713867
2019-08-13,50.17600631713867,50.9371579045492,48.13746218750722,48.26712420599327,188874000,66.0,-0.0547,0.8979,-0.8074,10.0,34.0,26.0,4.2348217747769645,2.7996957170419847,48.68251419067383
2019-08-14,48.68251419067383,49.56852452960049,48.644095544305394,48.780960598066514,146189600,66.0,-0.0246,0.7269,-0.8442,19.0,30.0,25.0,-2.9765065737300644,0.9244289852950942,48.43999481201172
2019-08-15,48.43999481201172,49.256370752440425,47.94296327976374,48.85298602812595,108909600,23.0,-0.0267,0.5106,-0.872,6.0,13.0,8.0,-0.4981652708244244,1.313407472676687,49.58293151855469
2019-08-16,49.58293151855469,49.74140568988817,48.9442352501892,49.04988469774485,110481600,67.0,0.0063,0.824,-0.7906,20.0,26.0,23.0,2.3594897377229973,0.7971704396989665,50.50736618041992
2019-08-19,50.50736618041992,51.07882804853604,50.43052887765902,50.57219353284465,97654400,70.0,0.4485,0.8272,-0.7724,14.0,30.0,10.0,1.8644211496839258,0.6482991708770172,50.5097541809082
2019-08-20,50.5097541809082,51.22768744778922,50.50015135220696,50.634612936844775,107537200,38.0,0.0912,0.8176,-0.7701,11.0,15.0,8.0,0.004728024185118862,0.7275360955822592,51.05722427368164
2019-08-21,51.05722427368164,51.29973516626406,50.80751034118719,51.14126462439481,86141600,47.0,-0.0065,0.7783,-0.8481,12.0,22.0,15.0,1.0838898380154394,0.4922248250768675,51.01399612426758
2019-08-22,51.01399612426758,51.48941498513007,50.60340461002002,51.18927616775154,89014800,61.0,-0.0429,0.7456,-0.8126,16.0,23.0,24.0,-0.08466607816818295,0.8860103751100468,48.65610504150391
2019-08-23,48.65610504150391,50.91555099493653,48.26232304973978,50.28645752648354,187272000,75.0,0.0979,0.8402,-0.7783,21.0,37.0,22.0,-4.622047402481389,2.653227945196754,49.58053207397461
2019-08-26,49.58053207397461,49.74860907635114,49.23717136701609,49.42926093993379,104174400,96.0,0.08510000000000001,0.836,-0.8225,36.0,29.0,29.0,1.8999199210091966,0.5114377093350484,49.02108383178711
2019-08-27,49.02108383178711,50.07517143093124,48.86981266397356,49.909494183098246,103493200,92.0,0.055,0.8591,-0.886,29.0,35.0,26.0,-1.1283627238061866,1.20535876695768,49.35002899169922
2019-08-28,49.35002899169922,49.395650682194926,48.81938556724892,49.00667191279658,63755200,65.0,0.0118,0.9124,-0.7717,13.0,32.0,25.0,0.6710279214569459,0.5762651149460041,50.18560791015625
2019-08-29,50.18560791015625,50.26004541127674,49.621349155907794,50.06315259687426,83962000,50.0,0.1183,0.7845,-0.7906,11.0,23.0,10.0,1.6931680396734539,0.6386962553689486,50.12077331542969
2019-08-30,50.12077331542969,50.53136108890802,49.75100031000365,50.46173050840228,84573600,67.0,0.1057,0.8316,-0.7269,15.0,33.0,15.0,-0.1291896171560447,0.7803607789043738,49.39085006713867
2019-09-03,49.39085006713867,49.698191966663735,49.03548668277615,49.56613013550739,80092000,155.0,-0.1235,0.8271,-0.8316,45.0,69.0,55.0,-1.4563287834713168,0.6627052838875827,50.22883987426758
2019-09-04,50.22883987426758,50.29847047880786,49.77983330506893,50.03675026808803,76752400,62.0,0.1418,0.8442,-0.8271,19.0,26.0,12.0,1.696649897683078,0.5186371737389308,51.21088790893555
2019-09-05,51.21088790893555,51.3765651308316,50.7858902958723,50.90354603728645,95654800,59.0,0.1368,0.8256,-0.8807,19.0,25.0,13.0,1.9551477540118878,0.5906748349593016,51.206085205078125
2019-09-06,51.206085205078125,51.4846149241543,51.02600190350711,51.39577500112992,77449200,36.0,0.0253,0.5719,-0.8207,10.0,14.0,10.0,-0.009378286636940736,0.4586130206471921,51.424591064453125
2019-09-09,51.424591064453125,51.96964425782235,50.68024889301668,51.58546505309072,109237600,75.0,-0.2041,0.7783,-0.8481,27.0,32.0,33.0,0.42671854038420776,1.2893953648056709,52.03206634521485
2019-09-10,52.03206634521485,52.05127566981013,50.83391449199176,51.3501518092004,127111600,31.0,-0.0713,0.802,-0.8442,7.0,13.0,13.0,1.181293362158864,1.2173611778183684,53.68642425537109
2019-09-11,53.68642425537109,53.715240070323695,52.27937347467052,52.3610140092654,177158400,38.0,0.0375,0.7603,-0.6808,11.0,14.0,9.0,3.179496849462282,1.4358665956531738,53.56637573242188
2019-09-12,53.56637573242188,54.36594600540606,53.51115121424335,53.976967258907166,128906800,55.0,0.0441,0.8591,-0.7717,14.0,25.0,16.0,-0.22361057681578034,0.8547947911627105,52.5242919921875
2019-09-13,52.5242919921875,53.01411692029238,52.10890090309722,52.82443080357143,159053200,47.0,-0.0278,0.7783,-0.8625,12.0,22.0,18.0,-1.9454064718506747,0.9052160171951584,52.80042266845703
2019-09-16,52.80042266845703,52.855650852329696,52.23856364566221,52.27938208778277,84632400,74.0,-0.0068999999999999895,0.6908,-0.886,19.0,32.0,28.0,0.5257199398529755,0.6170872066674846,52.992523193359375
2019-09-17,52.992523193359375,53.0213390190065,52.61314718594896,52.81484331025919,73274800,37.0,-0.0568,0.7579,-0.9042,12.0,15.0,15.0,0.363823839268429,0.40819183305753626,53.48954391479492
2019-09-18,53.48954391479492,53.508753239988586,52.6899736146539,53.07895237436418,101360000,45.0,-0.0275,0.7003,-0.8176,12.0,16.0,14.0,0.9379072583919346,0.8187796253346846,53.054931640625
2019-09-19,53.054931640625,53.72723955353573,52.91326335687285,53.307045276064855,88242400,67.0,-0.0035,0.8176,-0.9153,21.0,25.0,22.0,-0.8125181902134515,0.8139761966628853,52.27938079833984
2019-09-20,52.27938079833984,53.43911767399923,52.2169532408371,53.15578837786671,221652400,79.0,0.1468,0.8402,-0.5719,17.0,42.0,16.0,-1.461788411185727,1.2221644331621278,52.51708984375
2019-09-23,52.51708984375,52.78601305088982,52.26016925822585,52.57231436011538,76662000,90.0,0.0695,0.7096,-0.8658,18.0,49.0,31.0,0.4546898639199437,0.5258437926639701,52.267364501953125
2019-09-24,52.267364501953125,53.4223015730861,52.14971244827716,53.07173787565593,124763200,48.0,0.0892,0.7845,-0.6369,12.0,18.0,11.0,-0.4755125284738093,1.2725891248089454,53.07175064086914
2019-09-25,53.07175064086914,53.18460313928031,52.137718705201,52.47627620043449,87613600,49.0,0.0531,0.8091,-0.8591,11.0,15.0,10.0,1.5389835446666833,1.0468844340793098,52.79802322387695
2019-09-26,52.79802322387695,53.050140581036125,52.54350607497872,52.82443558822323,75334000,55.0,0.1253,0.836,-0.7783,7.0,24.0,6.0,-0.515768584391485,0.5066345060574022,52.54111099243164
2019-09-27,52.54111099243164,53.05494858356497,52.17133785844145,52.95409870061891,101408000,39.0,0.0902,0.8689,-0.6369,7.0,22.0,8.0,-0.48659441349904187,0.8836107251235248,53.77766799926758
2019-09-30,53.77766799926758,53.924135874983264,53.01411301418795,53.04052537419581,103909600,118.0,0.06360000000000002,0.8143,-0.8625,25.0,55.0,40.0,2.3535037297061745,0.9100228607953156,53.92654800415039
2019-10-01,53.92654800415039,54.7981524200202,53.83290482702586,54.041803963537824,139223200,71.0,0.047,0.8091,-0.5994,9.0,39.0,18.0,0.27684354941690525,0.9652475929943449,52.5747184753418
2019-10-02,52.5747184753418,53.68403038252034,52.3274007167669,53.55917160743665,138449200,23.0,-0.0822,0.6369,-0.8176,8.0,9.0,10.0,-2.506797818218498,1.356629665753438,53.02132415771485
2019-10-03,53.02132415771485,53.05493955837704,51.65509168829448,52.44745522730388,114426000,54.0,-0.1279,0.8091,-0.8442,21.0,22.0,26.0,0.8494685189470275,1.39984787008256,54.50760269165039
2019-10-04,54.50760269165039,54.62285862206544,53.75845746297006,54.17865175845741,138478800,102.0,-0.0294,0.765,-0.8316,22.0,55.0,41.0,2.8031712854143853,0.8644011590953866,54.519622802734375
2019-10-07,54.519622802734375,55.20874044968746,54.22668698362583,54.32993665616627,122306000,79.0,0.07089999999999999,0.8455,-0.8807,21.0,36.0,24.0,0.022052173440800793,0.9820534660616289,53.88091659545898
2019-10-08,53.88091659545898,54.75972389234403,53.86411072762326,54.22187750074084,111820000,17.0,0.0138,0.8126,-0.6808,6.0,7.0,6.0,-1.1715161889259473,0.8956131647207641,54.51240539550781
2019-10-09,54.51240539550781,54.69488845447693,54.17865121925164,54.51240539550781,74770400,47.0,0.0557,0.8271,-0.8807,15.0,14.0,11.0,1.1720082729662629,0.5162372352252902,55.24714279174805
2019-10-10,55.24714279174805,55.33118311286881,54.57723466918612,54.7285021178788,113013600,69.0,-0.0295,0.6705,-0.6326,11.0,38.0,28.0,1.3478352145891215,0.7539484436826882,56.71663284301758
2019-10-11,56.71663284301758,57.059989886560345,55.78019754791175,55.93386847365883,166795600,49.0,0.0324,0.8176,-0.7269,18.0,17.0,17.0,2.6598480518869927,1.2797923386485976,56.63499069213867
2019-10-14,56.63499069213867,57.17764399561088,56.34685817252537,56.40208268669869,96427600,90.0,-0.007200000000000012,0.9042,-0.836,16.0,40.0,20.0,-0.14394745736207026,0.8307858230855061,56.5029411315918
2019-10-15,56.5029411315918,57.06239672411496,56.39729167013194,56.75985808213798,87360000,55.0,0.044,0.8091,-0.8807,20.0,17.0,15.0,-0.2331589692751601,0.6651050539830194,56.27482223510742
2019-10-16,56.27482223510742,56.483721327443455,55.99389276314205,56.03471119953323,73903200,48.0,0.0521,0.8176,-0.8126,15.0,22.0,15.0,-0.4037292429664885,0.48982856430140487,56.49332427978516
2019-10-17,56.49332427978516,56.70221970877233,56.07073017522385,56.44770259671815,67585200,40.0,0.0086,0.872,-0.765,13.0,12.0,12.0,0.38827673904482385,0.631489533548482,56.76466369628906
2019-10-18,56.76466369628906,57.04559323208137,56.25562569383232,56.32765975363138,97433600,40.0,0.1012,0.8668,-0.6808,11.0,19.0,13.0,0.4803035048178028,0.7899675382490514,57.74910354614258
2019-10-21,57.74910354614258,57.8643594805564,56.98315242424609,57.03117389835004,87247200,61.0,-0.135,0.8316,-0.7184,16.0,27.0,27.0,1.7342476564656817,0.8812070563103092,57.61705780029297
2019-10-22,57.61705780029297,58.15490428802028,57.53541724657344,57.90519037069038,82293600,47.0,0.1334,0.8575,-0.7003,13.0,19.0,10.0,-0.22865419156524736,0.6194870414468454,58.39021301269531
2019-10-23,58.39021301269531,58.40462275566765,57.91959732879052,58.13089626006461,75828800,29.0,0.0422,0.8481,-0.6249,10.0,14.0,12.0,1.3418859655801585,0.48502542687712946,58.48624801635742
2019-10-24,58.48624801635742,58.77918378053314,58.06125044639696,58.70954952666312,69275200,37.0,0.0472,0.6808,-0.8316,12.0,20.0,11.0,0.16447106237003073,0.7179333341361769,59.206581115722656
2019-10-25,59.206581115722656,59.242596306464485,58.318170993988126,58.385401792575365,73477200,26.0,0.1443,0.7269,-0.4019,2.0,13.0,3.0,1.2316281584070277,0.9244253124763588,59.79966354370117
2019-10-28,59.79966354370117,59.8476850256048,59.24020430320351,59.40828132176833,96572800,32.0,0.4788,0.7644,-0.5994,6.0,17.0,4.0,1.001717067261998,0.6074807224012844,58.4166145324707
2019-10-29,58.4166145324707,59.967733495416816,58.24373795075097,59.7804471734003,142839600,48.0,0.1662,0.8074,-0.7579,13.0,18.0,8.0,-2.3128040013465023,1.723995544665847,58.40941619873047
2019-10-30,58.40941619873047,58.89924482176762,57.91719144782321,58.76958279527963,124522000,41.0,0.0781,0.7506,-0.7778,10.0,16.0,9.0,-0.012322408270049046,0.9820533739444102,59.73004150390625
2019-10-31,59.73004150390625,59.82848794342759,56.96876359562889,59.3650752357083,139162000,64.0,0.119,0.9236,-0.872,12.0,35.0,18.0,2.2609801486159764,2.8597243477986964,61.42520904541016
2019-11-01,61.42520904541016,61.45161774300314,59.82606861277858,59.91730831812791,151125200,45.0,0.0623,0.8481,-0.9022,11.0,23.0,16.0,2.838048490880518,1.625549130224563,61.828590393066406
2019-11-04,61.828590393066406,61.91263071931628,61.31955618049986,61.78776829370831,103272000,89.0,0.3252,0.8868,-0.836,26.0,28.0,17.0,0.6567032557561747,0.593074538816424,61.73976516723633
2019-11-05,61.73976516723633,61.994282334049466,61.5452757723623,61.72055217675484,79897600,32.0,0.0277,0.8091,-0.8625,9.0,12.0,8.0,-0.14366367608477093,0.44900656168716324,61.76617431640625
2019-11-06,61.76617431640625,61.82620208877956,61.31716775147133,61.65332181124007,75864400,46.0,0.0504,0.7269,-0.7845,10.0,21.0,12.0,0.04277494269435689,0.5090343373082291,62.47902297973633
2019-11-07,62.47902297973633,62.7005915790344,62.16112308276353,62.3128483676645,94940400,60.0,0.1514,0.8091,-0.7096,17.0,23.0,9.0,1.154108492584327,0.5394684962708709,62.650020599365234
2019-11-08,62.650020599365234,62.72226723714008,61.85768150693457,62.30081136770355,69986400,49.0,-0.0286,0.8563,-0.8562,9.0,23.0,16.0,0.2736880499625727,0.864585730205512,63.14613342285156
2019-11-11,63.14613342285156,63.211155396483534,62.20206904679184,62.20688303941407,81821200,58.0,-0.39,0.8316,-0.8313,19.0,23.0,24.0,0.7918797451941462,1.0090863496916924,63.08834838867188
2019-11-12,63.08834838867188,63.28824306358675,62.83788840147617,62.98960638714672,87388800,22.0,-0.0806,0.5423,-0.8779,5.0,9.0,9.0,-0.09151001185255803,0.45035466211057695,63.69281768798828
2019-11-13,63.69281768798828,63.76747499464725,62.87399063618842,62.88843996330908,102734400,37.0,0.0112,0.6808,-0.7096,8.0,16.0,12.0,0.9581314375079364,0.893484358458835,63.25212478637695
2019-11-14,63.25212478637695,63.79158615525712,63.12207343866122,63.51944479875991,89182800,63.0,-0.0124,0.8494,-0.8705,14.0,30.0,24.0,-0.6919036048462335,0.6695127165959036,64.00349426269531
2019-11-15,64.00349426269531,64.00830825530088,63.341206473883005,63.502559746650064,100206400,31.0,0.1847,0.8442,-0.6249,12.0,10.0,6.0,1.1878960253999038,0.6671017814178697,64.32618713378906
2019-11-18,64.32618713378906,64.40565840864545,63.63500091603317,64.01310132618642,86703200,69.0,-0.0695,0.8271,-0.8126,10.0,30.0,17.0,0.5041800839330701,0.7706574926122798,64.13115692138672
2019-11-19,64.13115692138672,64.54297759366457,63.914409585956776,64.51889292314802,76167200,47.0,0.0169,0.8126,-0.7684,11.0,24.0,16.0,-0.3031894491067999,0.6285680077077984,63.38458633422852
2019-11-20,63.38458633422852,64.08058712053418,62.71266287266692,63.95054310831765,106234400,52.0,-0.07,0.8074,-0.8126,10.0,24.0,21.0,-1.16413085775664,1.3679242478672577,63.10038375854492
2019-11-21,63.10038375854492,63.58204767524024,62.90048911733583,63.50497968466305,121395200,45.0,0.1051,0.7096,-0.8074,8.0,17.0,7.0,-0.4483780554865424,0.6815585579044097,63.04497146606445
2019-11-22,63.04497146606445,63.38213463998186,62.818588902947205,63.240044707745454,65325200,42.0,-0.0311,0.6249,-0.8834,7.0,19.0,13.0,-0.08781609426101733,0.5635457370346515,64.1504135131836
2019-11-25,64.1504135131836,64.16727351573608,63.22320891771047,63.26896758200509,84020400,54.0,0.48429999999999995,0.8091,-0.6249,15.0,18.0,7.0,1.7534182685992272,0.9440645980256122,63.64948272705078
2019-11-26,63.64948272705078,64.3406692976059,63.21839144748047,64.28768597078938,105207600,40.0,0.0941,0.8176,-0.802,12.0,15.0,11.0,-0.7808691459640693,1.1222778501254282,64.5044174194336
2019-11-27,64.5044174194336,64.53813741439751,63.89511298558591,63.96013495495072,65235600,38.0,0.2472,0.9022,-0.5719,8.0,19.0,5.0,1.3431918937174103,0.6430244288116,64.36231994628906
2019-11-29,64.36231994628906,64.54294385633477,64.03719543828564,64.20578069417058,46617600,101.0,0.1671,0.8091,-0.8834,19.0,52.0,25.0,-0.2202910728122065,0.5057484180491372,63.618160247802734
2019-12-02,63.618160247802734,64.60316190902952,63.4471716441627,64.36714398387619,94487200,65.0,0.32139999999999996,0.8091,-0.6705,14.0,34.0,13.0,-1.1562039701293214,1.1559902648668228,62.48384094238281
2019-12-03,62.48384094238281,62.50310426103313,61.7228112375816,62.20928904177194,114430400,47.0,0.0873,0.6908,-0.7717,13.0,15.0,11.0,-1.7830118019785068,0.7802930234515273,63.03535842895508
2019-12-04,63.03535842895508,63.41346639147771,62.78007712486416,62.87400512239632,67181600,33.0,0.0564,0.7783,-0.7003,11.0,12.0,9.0,0.8826561847899539,0.6333892666135554,63.96013259887695
2019-12-05,63.96013259887695,64.03479724931714,63.27376756537875,63.52904879073454,74424400,119.0,0.0045,0.7269,-0.7717,21.0,63.0,41.0,1.4670721210606752,0.7610296839383892,65.19561767578125
2019-12-06,65.19561767578125,65.26546100190234,64.37437981221761,64.41773515061479,106075600,55.0,0.0563,0.8091,-0.6381,12.0,21.0,16.0,1.9316487110065728,0.8910811896847264,64.2828598022461
2019-12-09,64.2828598022461,65.21728148518294,63.79878528754208,65.02461888758106,128042400,68.0,0.15760000000000002,0.7845,-0.6597,24.0,19.0,18.0,-1.4000294898260046,1.4184961976408559,64.6585693359375
2019-12-10,64.6585693359375,65.04149128263923,64.0275834068731,64.68746799612504,90420400,47.0,0.0756,0.8986,-0.9313,14.0,19.0,12.0,0.5844630043641663,1.0139078757661224,65.21004486083984
2019-12-11,65.21004486083984,65.2895234962379,64.66335914447087,64.73801643856866,78756800,54.0,0.144,0.8402,-0.6486,16.0,22.0,12.0,0.852904001072341,0.6261643517670308,65.37623596191406
2019-12-12,65.37623596191406,65.64115256416365,64.3791955584024,64.48997619221315,137310400,46.0,0.0861,0.8091,-0.7964,10.0,21.0,11.0,0.25485506324811613,1.2619570057612464,66.2649154663086
2019-12-13,66.2649154663086,66.3010387920999,65.24860425293159,65.37624490379989,133587600,49.0,0.0939,0.9175,-0.9506,14.0,18.0,12.0,1.35933109534212,1.052434539168317,67.39923095703125
2019-12-16,67.39923095703125,67.62321027270899,66.70564106368182,66.71045505717711,128186000,78.0,0.023999999999999994,0.8658,-0.8402,22.0,26.0,18.0,1.7117889349747673,0.9175692090271639,67.53167724609375
2019-12-17,67.53167724609375,67.85920511821561,67.14393404643634,67.32937932220554,114158400,50.0,0.1123,0.7783,-0.8316,14.0,16.0,9.0,0.19651008948000648,0.7152710717792701,67.3703384399414
2019-12-18,67.3703384399414,67.89053641959352,67.22102378228007,67.38478777135322,116028400,41.0,0.1475,0.8658,-0.743,14.0,17.0,10.0,-0.23890833566061476,0.6695126373134457,67.43775939941406
2019-12-19,67.43775939941406,67.71712534090744,67.1800748008847,67.31252943237541,98369200,44.0,0.0889,0.8091,-0.5423,7.0,19.0,9.0,0.10007513845691207,0.5370505400227472,67.2980728149414
2019-12-20,67.2980728149414,68.07114122602003,67.08613954782287,67.96999593464518,275978000,41.0,0.0772,0.8455,-0.5994,8.0,12.0,7.0,-0.20713408291834767,0.9850016781971647,68.39627838134766
2019-12-23,68.39627838134766,68.45648637288053,67.52205716835296,67.560591164887,98572000,68.0,0.2945,0.8091,-0.7783,12.0,41.0,17.0,1.6318529201068355,0.934429204527575,68.46128845214844
2019-12-24,68.46128845214844,68.61061041883474,68.13617123413715,68.56244109414793,48478800,44.0,0.0369,0.8192,-0.7845,14.0,17.0,14.0,0.0950491347472271,0.4744391846975873,69.81958770751953
2019-12-26,69.81958770751953,69.83644770700805,68.56485537418061,68.59375403067095,93121200,51.0,-0.2497,0.7964,-0.8176,14.0,22.0,14.0,1.9840398655665004,1.2715923328274386,69.79309844970703
2019-12-27,69.79309844970703,70.79737094783557,69.38850252439819,70.11099839799601,146266000,12.0,0.0041,0.6597,-0.6808,3.0,7.0,5.0,-0.03793957925312119,1.408868423437383,70.20732116699219
2019-12-30,70.20732116699219,70.4890977572307,68.69008295692782,69.71120798213394,144114400,13.0,0.2226,0.7003,-0.4215,1.0,6.0,3.0,0.5935009714229,1.7990148003028708,70.72029876708984
2019-12-31,70.72029876708984,70.72752343141342,69.72566166410049,69.82440364292783,100805600,8.0,0.2077,0.7003,-0.0772,2.0,2.0,1.0,0.730661121334486,1.0018617673129313,72.33386993408203
2020-01-02,72.33386993408203,72.39407791515757,71.09117632272992,71.34404690340438,135480400,81.0,0.1694,0.8316,-0.7814,16.0,31.0,15.0,2.2816237984320864,1.302901592427645,71.63063049316406
2020-01-03,71.63063049316406,72.3892495107853,71.40665858931894,71.56319785492231,146322800,32.0,0.2184,0.8555,-0.6124,14.0,10.0,6.0,-0.9722132129234007,0.9825909214663682,72.20140075683594
2020-01-06,72.20140075683594,72.23993474282962,70.50353879987532,70.7540060340311,118387200,80.0,-0.0889,0.7579,-0.836,21.0,35.0,28.0,0.796824291147824,1.736395942954303,71.86184692382812
2020-01-07,71.86184692382812,72.46633010238772,71.64268897397623,72.21104883104543,108872000,41.0,0.0884,0.872,-0.7906,15.0,17.0,11.0,-0.47028704353172524,0.8236411284114808,73.01783752441406
2020-01-08,73.01783752441406,73.31887745373415,71.56562119935828,71.56562119935828,132079200,43.0,-0.0923,0.6486,-0.8402,10.0,20.0,17.0,1.6086291266786734,1.75325625437587,74.56878662109375
2020-01-09,74.56878662109375,74.76144921222713,73.7427349209394,73.99319481949146,170108400,43.0,0.134,0.8455,-0.7959,12.0,18.0,10.0,2.1240687882068787,1.0187142912877363,74.73736572265625
2020-01-10,74.73736572265625,75.30091887725054,74.23643856809193,74.80239504412852,140644800,47.0,0.1181,0.8689,-0.8074,13.0,20.0,12.0,0.22607193867736353,1.0644803091586112,76.3341064453125
2020-01-13,76.3341064453125,76.36060178633993,74.93487315391599,75.05288582822318,121532000,75.0,0.0776,0.8126,-0.8271,30.0,22.0,18.0,2.136469097106808,1.4257286324239402,75.3033447265625
2020-01-14,75.3033447265625,76.48101668324267,75.18052540962947,76.27149402827726,161954400,80.0,0.0779,0.836,-0.7184,10.0,42.0,16.0,-1.350329186716115,1.3004912736132042,74.9806137084961
2020-01-15,74.9806137084961,75.98247543934815,74.54952248725758,75.10344034713454,121923600,44.0,-0.0113,0.743,-0.7964,12.0,21.0,17.0,-0.42857461277223674,1.4329529520905737,75.91986083984375
2020-01-16,75.91986083984375,76.03064882750155,75.1612416745226,75.52248959606675,108829200,45.0,0.1103,0.7717,-0.6696,8.0,20.0,7.0,1.252653299157025,0.8694071529789511,76.76038360595703
2020-01-17,76.76038360595703,76.76278692814752,75.86207762818306,76.16793161276121,137816400,46.0,0.1204,0.765,-0.7003,8.0,21.0,11.0,1.1071184230519115,0.9007092999644613,76.24015808105469
2020-01-21,76.24015808105469,76.83019183971173,76.1028821310267,76.38947268651397,110843200,107.0,0.3609,0.7906,-0.8074,23.0,50.0,26.0,-0.6777265829895796,0.7273097086850271,76.5123291015625
2020-01-22,76.5123291015625,77.06382908812623,76.41840109404252,76.72425508723063,101832400,49.0,0.0084,0.7717,-0.7992,6.0,27.0,16.0,0.35699167913378904,0.645427994083704,76.88079071044922
2020-01-23,76.88079071044922,76.96026202494508,76.01860816134078,76.56530142477,104472000,48.0,0.181,0.7717,-0.8689,15.0,21.0,9.0,0.4815715495964268,0.9416538636043015,76.65923309326172
2020-01-24,76.65923309326172,77.86820708363678,76.46897375596369,77.12644775977525,146537600,50.0,0.1594,0.6908,-0.5719,10.0,22.0,8.0,-0.2881833227001196,1.3992333276730875,74.405029296875
2020-01-27,74.405029296875,75.08416976822737,73.42484155700832,74.67234921705278,161940000,85.0,0.17320000000000002,0.6908,-0.6705,16.0,46.0,25.0,-2.9405509361727034,1.659328211219048,76.5099105834961
2020-01-28,76.5099105834961,76.68089922753784,75.18533472345831,75.2840767149778,162234000,42.0,0.0166,0.7579,-0.6124,7.0,15.0,11.0,2.828950282678666,1.4955645040795247,78.11141967773438
2020-01-29,78.11141967773438,78.95674202148273,77.39855929233421,78.13791500924663,216229200,35.0,0.216,0.7579,-0.6808,11.0,18.0,6.0,2.0932047652709507,1.5581827291485126,77.99824523925781
2020-01-30,77.99824523925781,78.05122856412287,76.76518678742532,77.19627805111793,126743200,58.0,0.1317,0.694,-0.6705,10.0,26.0,10.0,-0.14488846694054036,1.2860417766975445,74.5398941040039
2020-01-31,74.5398941040039,77.71164655303768,74.24607885109228,77.29019066933044,199588400,26.0,0.2054,0.7603,-0.5994,7.0,11.0,3.0,-4.433883255508498,3.465567701945403,74.335205078125
2020-02-03,74.335205078125,75.49842038984059,72.78424642943136,73.28517374937778,173788400,195.0,0.1397,0.8271,-0.7227,29.0,96.0,55.0,-0.2746033226091127,2.7141739604092265,76.78927612304688
2020-02-04,76.78927612304688,76.97953543976107,75.53213292898627,75.9367288800473,136616400,67.0,0.052,0.7003,-0.8316,12.0,27.0,16.0,3.301357738022914,1.4474025107747934,77.4154281616211
2020-02-05,77.4154281616211,78.21258127557842,76.81334832632962,77.91394467954083,118826800,47.0,0.1899,0.743,-0.4939,9.0,24.0,9.0,0.8154159932057148,1.3992329492487983,78.32096862792969
2020-02-06,78.32096862792969,78.32337929968051,77.12885469909907,77.68517600247516,105425600,121.0,0.2094,0.91,-0.7269,30.0,53.0,19.0,1.1697157631397337,1.1945246005814454,77.25634765625
2020-02-07,77.25634765625,78.06987612347613,76.76629893571341,77.82123085871221,117684000,59.0,0.073,0.743,-0.7003,13.0,34.0,22.0,-1.35930516479853,1.303577187762727,77.62329864501953
2020-02-10,77.62329864501953,77.62329864501953,75.7644959675757,75.84415588740227,109348800,83.0,0.5279,0.8481,-0.8591,22.0,38.0,21.0,0.4749784320665418,1.8588026774438333,77.15499114990234
2020-02-11,77.15499114990234,78.1906145236601,76.93772941121844,78.11819639978289,94323200,49.0,0.1861,0.8519,-0.6249,14.0,20.0,8.0,-0.6033079027713217,1.2528851124416605,78.98722839355469
2020-02-12,78.98722839355469,78.9920538114317,77.60398368209574,77.60398368209574,113730400,50.0,0.0897,0.7184,-0.8553,7.0,18.0,7.0,2.374748822266781,1.3880701293359579,78.42476654052734
2020-02-13,78.42476654052734,78.75066279160559,78.0578358133656,78.26061390209061,94747600,55.0,0.1164,0.8271,-0.891,10.0,28.0,11.0,-0.7120921501699851,0.6928269782399923,78.44404602050781
2020-02-14,78.44404602050781,78.69269125395607,77.93709735382313,78.39334599690582,80113600,48.0,0.1103,0.8455,-0.3612,9.0,14.0,9.0,0.024583407552136727,0.7555939001329364,77.0077133178711
2020-02-18,77.0077133178711,77.1887659353896,75.94794846047884,76.12900107799734,152531200,116.0,0.2461,0.8442,-0.6808,17.0,55.0,22.0,-1.8310283259244664,1.240817474910756,78.12297058105469
2020-02-19,78.12297058105469,78.35230676800651,77.24909141317079,77.24909141317079,93984000,38.0,0.2128,0.8091,-0.5859,11.0,18.0,6.0,1.448240981497606,1.1032153548357257,77.32152557373047
2020-02-20,77.32152557373047,78.37163210197758,76.81699322453267,77.88399976313329,100566000,60.0,0.0227,0.7783,-0.6249,11.0,25.0,18.0,-1.0258762581137337,1.5546388774449156,75.57136535644531
2020-02-21,75.57136535644531,77.35775721221363,74.95578935685651,76.91598466630131,129554000,15.0,0.0908,0.836,-0.2755,1.0,3.0,1.0,-2.263483815533718,2.401967855357114,71.981689453125
2020-02-24,71.981689453125,73.43011036441114,69.82113268068633,71.75960237227564,222195200,77.0,0.07960000000000002,0.824,-0.8074,18.0,33.0,24.0,-4.750047701783588,3.6089776837248024,69.54351043701172
2020-02-25,69.54351043701172,73.03179362770307,69.07277807692655,72.65037937541128,230673600,31.0,0.1145,0.8885,-0.6249,6.0,18.0,8.0,-3.3872211594881185,3.9590155507765132,70.64671325683594
2020-02-26,70.64671325683594,71.9092558646855,69.16208361597593,69.16932542429043,198054800,64.0,0.0343,0.7269,-0.7845,8.0,39.0,23.0,1.5863490538393643,2.7471722487095747,66.0286865234375
2020-02-27,66.0286865234375,69.04140503149553,65.89350114490772,67.85852928583456,320605600,53.0,0.0737,0.7269,-0.743,12.0,29.0,16.0,-6.536789215670391,3.1479038865878124,65.99005889892578
2020-02-28,65.99005889892578,67.20915102510166,61.88861568726967,62.10346834390764,426510000,76.0,-0.0948,0.7579,-0.802,20.0,38.0,32.0,-0.05850127655955273,5.320535337831991,72.13379669189453
2020-03-02,72.13379669189453,72.76868922917748,67.0425965295844,68.14339616645945,341397200,71.0,0.2384,0.7579,-0.8225,12.0,38.0,21.0,9.310095937903107,5.726092699593082,69.8428726196289
2020-03-03,69.8428726196289,73.38667475068135,68.99312746023453,73.30701482551375,319475600,49.0,0.0972,0.7269,-0.7096,11.0,23.0,13.0,-3.175937185243227,4.3935472904468185,73.08251190185547
2020-03-04,73.08251190185547,73.24183913660247,70.76262721041282,71.5616724101691,219178400,76.0,-0.0036,0.8834,-0.7003,16.0,41.0,27.0,4.638467979216654,2.479211926189649,70.71192169189453
2020-03-05,70.71192169189453,72.31242082695749,70.34740002247567,71.33956494467967,187572800,66.0,0.1696,0.8941,-0.8481,24.0,29.0,16.0,-3.2437174753167652,1.9650208044818243,69.77286529541016
2020-03-06,69.77286529541016,70.20497969740977,67.88992061879122,68.07579869358199,226176800,82.0,0.1076,0.9068,-0.8481,34.0,38.0,31.0,-1.3280029364440504,2.315059078618546,64.25436401367188
2020-03-09,64.25436401367188,67.13188921300795,63.48911178224734,63.67016438238683,286744800,131.0,0.0876,0.8442,-0.8957,56.0,58.0,54.0,-7.909237005494319,3.64277743076061,68.88207244873047
2020-03-10,68.88207244873047,69.14761776690831,65.02685833500999,66.9025682079639,285290000,14.0,-0.1803,0.6808,-0.8885,8.0,4.0,8.0,7.202169854290252,4.120759431898321,66.48973083496094
2020-03-11,66.48973083496094,67.88745846056905,65.62791900481083,66.96288676154127,255598800,60.0,0.0547,0.765,-0.8225,21.0,23.0,20.0,-3.4730976126628232,2.2595394557582154,59.92360305786133
2020-03-12,59.92360305786133,65.17895944928944,59.86808127193993,61.78482607622021,418474000,94.0,-0.0397,0.7269,-0.8225,26.0,44.0,38.0,-9.875401350921209,5.310878177349508,67.10292053222656
2020-03-13,67.10292053222656,67.57366022928257,61.06300489011421,63.94536649521935,370732000,84.0,0.0188,0.8225,-0.91,25.0,42.0,32.0,11.980784045033133,6.510655339168359,58.470340728759766
2020-03-16,58.470340728759766,62.54281272853614,57.93683739697829,58.40757346412376,322423600,156.0,-0.28040000000000004,0.8331,-0.8807,46.0,73.0,68.0,-12.864685672393271,4.60597533155785,61.041290283203125
2020-03-17,61.041290283203125,62.1879532458274,57.55059398806874,59.74978006097213,324056000,62.0,0.0125,0.7269,-0.8271,12.0,34.0,22.0,4.39701483247692,4.637359257758661,59.54700469970703
2020-03-18,59.54700469970703,60.35087884798524,57.24160039100893,57.88132191691277,300233600,78.0,0.0184,0.8074,-0.8625,22.0,38.0,23.0,-2.4479914768565814,3.1092784569763126,59.09075164794922
2020-03-19,59.09075164794922,61.03646337436918,58.56690646649194,59.72081496454535,271857200,79.0,-0.0497,0.8176,-0.8126,19.0,39.0,33.0,-0.7662065523844186,2.4695569078772337,55.33934020996094
2020-03-20,55.33934020996094,60.79264444451166,55.03999854094989,59.67011594836406,401693200,94.0,-0.0303,0.8555,-0.8481,24.0,38.0,30.0,-6.348559348742821,5.7526459035617705,54.1636962890625
2020-03-23,54.1636962890625,55.1606938155284,51.3247927605554,55.059304798459365,336752800,124.0,-0.2258,0.8074,-0.8658,29.0,52.0,48.0,-2.1244270647932773,3.835901054973,59.59769821166992
2020-03-24,59.59769821166992,59.79323446043245,56.56084169108887,57.05813231967632,287531200,93.0,0.003,0.8225,-0.7506,22.0,43.0,33.0,10.032553712004933,3.2323927693435834,59.26938629150391
2020-03-25,59.26938629150391,62.34245170831376,58.97487373705756,60.53192552123785,303602000,101.0,0.0488,0.7783,-0.8225,27.0,46.0,29.0,-0.5508802017822223,3.3675779712562033,62.38832092285156
2020-03-26,62.38832092285156,62.446255405203736,59.47216621048136,59.51079165439952,252087200,89.0,0.0915,0.8555,-0.8316,15.0,46.0,22.0,5.262302896149174,2.9740891947223744,59.80531311035156
2020-03-27,59.80531311035156,61.76792134587147,59.63874408177234,61.0147434951052,204216800,137.0,0.0647,0.8519,-0.8934,19.0,80.0,40.0,-4.140210498202235,2.129177264099134,61.51203155517578
2020-03-30,61.51203155517578,61.68342967850782,60.20603760216864,60.529521124828726,167976400,178.0,-0.1431,0.7269,-0.886,40.0,81.0,61.0,2.8537906685230707,1.4773920763391786,61.38648986816406
2020-03-31,61.38648986816406,63.365997685508034,60.83367751467448,61.702731524008335,197002000,90.0,0.0338,0.8091,-0.872,18.0,49.0,30.0,-0.2040928966865807,2.5323201708335574,58.15652084350586
2020-04-01,58.15652084350586,60.04188167908633,57.72682288768837,59.50596558883749,176218400,90.0,-0.0618,0.8074,-0.9201,22.0,46.0,40.0,-5.261693626064967,2.3150587913979592,59.12695693969727
2020-04-02,59.12695693969727,59.18006600388776,57.18848714731951,58.01891576899804,165934000,77.0,-0.0586,0.7003,-0.936,24.0,28.0,29.0,1.668662571481483,1.9915788565682462,58.2772216796875
2020-04-03,58.2772216796875,59.31284110700112,57.68819653151743,58.61277240805976,129880000,84.0,-0.0363,0.891,-0.8625,12.0,49.0,37.0,-1.4371368052585654,1.6246445754836927,63.36118698120117
2020-04-06,63.36118698120117,63.515681414819454,60.20121554945302,60.568146275466354,201820400,134.0,-0.0433,0.7506,-0.8271,23.0,65.0,49.0,8.723760596304619,3.3144658653664365,62.62730026245117
2020-04-07,62.62730026245117,65.5893255452028,62.52349853876049,65.37205652922795,202887200,88.0,0.0139,0.8519,-0.8481,22.0,35.0,25.0,-1.158259107373949,3.065827006442305,64.230224609375
2020-04-08,64.230224609375,64.54404618126709,63.06183266990903,63.42634690897305,168895200,85.0,0.098,0.7269,-0.7003,19.0,33.0,18.0,2.5594658243393464,1.4822135113580615,64.69371795654297
2020-04-09,64.69371795654297,65.19584133375365,63.8995057906406,64.86511973614601,161834800,104.0,0.0165,0.7783,-0.7964,23.0,59.0,39.0,0.7216125274148943,1.2963355431130452,65.96351623535156
2020-04-13,65.96351623535156,66.07215077341053,64.17229875609489,64.77098217772529,131022800,252.0,-0.11779999999999999,0.7906,-0.9246,52.0,114.0,85.0,1.962784515896221,1.899852017315638,69.29486846923828
2020-04-14,69.29486846923828,69.58455560243435,67.12223707141726,67.59297682109842,194994800,88.0,0.0079,0.7034,-0.6249,8.0,45.0,24.0,5.050295108588165,2.4623185310170896,68.66240692138672
2020-04-15,68.66240692138672,69.12107217268907,67.74507641878203,68.17235803124424,131154400,120.0,0.033,0.8555,-0.802,18.0,55.0,31.0,-0.9127105106380706,1.3759957539070342,69.20795440673828
2020-04-16,69.20795440673828,69.5724759670409,68.16026433690568,69.3745233735621,157125200,82.0,0.0594,0.7574,-0.6597,14.0,40.0,22.0,0.7945359182881084,1.4122116301352179,68.26891326904297
2020-04-17,68.26891326904297,69.27074378183441,66.83497575491855,68.72516946310567,215250000,162.0,0.0793,0.8286,-0.7506,47.0,65.0,43.0,-1.3568398975882578,2.4357680269158664,66.85186767578125
2020-04-20,66.85186767578125,67.99853426971617,66.83255863780644,67.09810395402242,130015200,193.0,0.1867,0.8442,-0.8807,45.0,86.0,48.0,-2.0756820716879454,1.1659756319097312,64.78545379638672
2020-04-21,64.78545379638672,66.92911797835283,64.07572694243713,66.69495629705587,180991600,79.0,-0.128,0.7269,-0.9217,28.0,35.0,37.0,-3.091033880184535,2.853391035915706,66.65151977539062
2020-04-22,66.65151977539062,67.08604320648949,65.7100474299754,66.05041994300701,116862400,88.0,0.0016,0.8225,-0.8979,23.0,37.0,26.0,2.8803780318784833,1.3759957765140882,66.39320373535156
2020-04-23,66.39320373535156,68.01543553598502,66.35457829164004,66.59598178954948,124814400,86.0,0.1051,0.8271,-0.8519,22.0,42.0,19.0,-0.3875621154769804,1.6608572443449816,68.30994415283203
2020-04-24,68.30994415283203,68.31960235496462,66.86876505886688,66.91704870248016,126161200,104.0,0.0225,0.8668,-0.8225,29.0,40.0,29.0,2.886952744622384,1.4508372960977312,68.35823059082031
2020-04-27,68.35823059082031,68.68895219864656,67.58091104598891,68.02750161594408,117087600,170.0,0.1152,0.888,-0.8271,39.0,83.0,55.0,0.07068727487209436,1.1080411526576484,67.25018310546875
2020-04-28,67.25018310546875,69.00035846269303,67.15845596472252,68.81930583953189,112004800,97.0,0.0594,0.7783,-0.7003,27.0,37.0,28.0,-1.6209423148825008,1.8419024979705085,69.45901489257812
2020-04-29,69.45901489257812,69.92733815857098,68.53202656102843,68.73480456789414,137280800,89.0,0.0728,0.8126,-0.8555,24.0,37.0,26.0,3.284499290723497,1.3953115975425447,70.92435455322266
2020-04-30,70.92435455322266,71.10058178322025,69.60870972779222,69.99736587702316,183064000,116.0,0.1195,0.7783,-0.8402,26.0,62.0,26.0,2.109646477006266,1.4918720554280327,69.78251647949219
2020-05-01,69.78251647949219,72.17965163700352,69.00519685948858,69.1017567929507,240616800,68.0,-0.0027,0.7269,-0.7845,20.0,24.0,20.0,-1.6099379133209024,3.1744547775149385,70.76983642578125
2020-05-04,70.76983642578125,70.89777995985193,69.11863770856678,69.80663901583497,133568000,187.0,0.0752,0.8271,-0.9186,48.0,75.0,51.0,1.414852883070239,1.7791422512851511,71.83203125
2020-05-05,71.83203125,72.66245995311394,71.0836788601292,71.2285224464027,147751200,83.0,0.014,0.8074,-0.802,25.0,35.0,31.0,1.5009146238916582,1.578781092984741,72.57315063476562
2020-05-06,72.57315063476562,73.20321036598678,72.14827802802382,72.53210878963873,142333600,61.0,0.0242,0.8602,-0.8122,17.0,24.0,19.0,1.0317394230246357,1.0549323379629527,73.32390594482422
2020-05-07,73.32390594482422,73.66911859215423,72.89662434827942,73.19837876119128,115215200,76.0,-0.025,0.7906,-0.802,18.0,41.0,31.0,1.0344808010842366,0.7724942438748172,75.06914520263672
2020-05-08,75.06914520263672,75.122398042806,73.65553308459083,73.98231154076618,133838400,77.0,0.0608,0.8779,-0.6996,19.0,33.0,21.0,2.3801776996519752,1.4668649582151687,76.25035858154297
2020-05-11,76.25035858154297,76.7441494175839,74.36957144120983,74.57774424961227,145946400,96.0,-0.0398,0.8176,-0.7506,21.0,38.0,31.0,1.5735005050580453,2.37457797637407,75.37896728515625
2020-05-12,75.37896728515625,77.38319884408511,75.25793879153254,76.93296900656856,162301200,69.0,0.0123,0.8271,-0.7335,20.0,33.0,23.0,-1.1428028832872195,2.1252600525525764,74.46883392333984
2020-05-13,74.46883392333984,76.47791143801962,73.39410026175051,75.55809041384309,200622400,106.0,0.0678,0.8658,-0.8807,26.0,37.0,24.0,-1.2074102293991418,3.0838111762691085,74.92633056640625
2020-05-14,74.92633056640625,74.98684482021679,72.98745151047878,73.7087840752181,158929200,91.0,0.0868,0.7964,-0.765,18.0,46.0,23.0,0.6143464573882929,1.9993933097380108,74.48334503173828
2020-05-15,74.48334503173828,74.52933644505968,72.66791783323735,72.70180935336562,166348400,81.0,0.0227,0.8555,-0.7964,16.0,27.0,20.0,-0.591228118765752,1.8614186118223301,76.23827362060547
2020-05-18,76.23827362060547,76.61104348348049,75.11513293810333,75.80499689236754,135178400,166.0,0.0959,0.8374,-0.8957,34.0,67.0,45.0,2.356135573824436,1.495910545377157,75.7977294921875
2020-05-19,75.7977294921875,77.0999898949941,75.76626090152799,76.25521336264156,101729600,83.0,0.0411,0.8658,-0.7579,15.0,43.0,26.0,-0.5778516583550997,1.33372899346611,77.27185821533203
2020-05-20,77.27185821533203,77.34204942619355,76.6158784313997,76.65460843756124,111504800,80.0,0.0557,0.7506,-0.8225,19.0,38.0,25.0,1.944819103448836,0.7261709947938613,76.69576263427734
2020-05-21,76.69576263427734,77.67367499164858,76.45854411277335,77.1338852173559,102688800,61.0,0.0641,0.8316,-0.8402,20.0,22.0,16.0,-0.7455438426875793,1.2151308788752289,77.1895523071289
2020-05-22,77.1895523071289,77.27185079219365,76.33266854723075,76.43432834001963,81803200,133.0,-0.0617,0.7964,-0.8807,36.0,68.0,61.0,0.6438291450418188,0.9391822449628933,76.66669464111328
2020-05-26,76.66669464111328,78.48453717513182,76.61101888750217,78.30541740950063,125522000,170.0,-0.007300000000000008,0.7906,-0.8176,45.0,73.0,55.0,-0.6773684396240931,1.8735182876296506,77.00074005126953
2020-05-27,77.00074005126953,77.1459757123096,75.7856167074525,76.52389490649263,112945200,88.0,-0.0214,0.7964,-0.926,27.0,34.0,31.0,0.43571124556753826,1.3603590048571021,77.03462982177734
2020-05-28,77.03462982177734,78.29090607267398,76.4004417495467,76.67638285095582,133560800,66.0,0.0788,0.7603,-0.6249,20.0,20.0,16.0,0.04401226596686403,1.8904643231272757,76.95958709716797
2020-05-29,76.95958709716797,77.73658783652532,76.60376308600569,77.27668110998019,153532400,84.0,0.0643,0.7269,-0.6652,11.0,43.0,22.0,-0.09741427301330763,1.1328247505196316,77.90603637695312
2020-06-01,77.90603637695312,78.02706486056282,76.78288850329889,76.91360133395523,80791200,138.0,0.2274,0.8555,-0.8555,31.0,63.0,31.0,1.2298003607921881,1.2441763572639246,78.2667007446289
2020-06-02,78.2667007446289,78.29090791932163,77.19922860751555,77.63977407114822,87642800,70.0,0.0532,0.743,-0.91,19.0,31.0,23.0,0.4629479106480039,1.0916793118060752,78.69757080078125
2020-06-03,78.69757080078125,78.9589964979716,78.0149682866651,78.58622664893751,104491200,55.0,-0.0101,0.8176,-0.765,14.0,22.0,20.0,0.5505151642436035,0.9440282113065024,78.01981353759766
2020-06-04,78.01981353759766,78.81859867793425,77.64704369151033,78.52087329742372,87560400,70.0,0.0254,0.7783,-0.802,18.0,35.0,23.0,-0.8612175144507295,1.1715549864239136,80.24189758300781
2020-06-05,80.24189758300781,80.3024118345787,78.24008880036028,78.26913445919533,137250400,72.0,0.0575,0.7964,-0.7906,17.0,31.0,17.0,2.8481022251345633,2.062323034218423,80.71633911132812
2020-06-08,80.71633911132812,80.75023064294642,79.2301127155256,79.93933807530591,95654400,126.0,-0.0577,0.7501,-0.8957,16.0,55.0,34.0,0.5912640934612856,1.520117927420813,83.26517486572266
2020-06-09,83.26517486572266,83.65730597576551,80.36533708864444,80.3968056767083,147712400,76.0,0.0159,0.7269,-0.8349,25.0,36.0,29.0,3.157769272562083,3.2919688871210724,85.40739440917969
2020-06-10,85.40739440917969,85.8745626649843,83.77350959383725,84.2116321903992,166651600,65.0,-0.0215,0.7351,-0.8225,19.0,35.0,30.0,2.5727677230146684,2.1010530711470494,81.30695343017578
2020-06-11,81.30695343017578,84.97653882509627,81.20529361612985,84.5529390302518,201662400,70.0,0.0287,0.7351,-0.8126,19.0,36.0,27.0,-4.801037436359479,3.7712452089664197,82.0089111328125
2020-06-12,82.0089111328125,84.18742419889422,80.90029328946143,83.44189186655679,200146000,59.0,0.0988,0.891,-0.4767,9.0,28.0,13.0,0.8633427683888639,3.28713090943279,83.02310943603516
2020-06-15,83.02310943603516,83.67424321088224,80.5032957450343,80.66547714891838,138808800,131.0,-0.1005,0.7579,-0.9062,29.0,50.0,38.0,1.236692804736994,3.170947465847945,85.22342681884766
2020-06-16,85.22342681884766,85.4945368687229,83.4418908130573,85.07335265810912,165428800,67.0,-0.0235,0.8074,-0.836,19.0,23.0,21.0,2.6502468984346272,2.0526460556656048,85.10482025146484
2020-06-17,85.10482025146484,86.02705683600927,84.98379175074255,85.96654258564811,114406400,52.0,0.1299,0.6908,-0.6908,12.0,24.0,11.0,-0.1391713192135824,1.043265085266711,85.13871002197266
2020-06-18,85.13871002197266,85.55504835135272,84.53114459703605,85.06125001022909,96820400,74.0,0.0137,0.8442,-0.7351,20.0,28.0,23.0,0.039821211545576496,1.0239037543166774,84.65218353271484
2020-06-19,84.65218353271484,86.3078527061597,83.54598114965047,85.84310735238266,264476000,57.0,0.073,0.8256,-0.7184,13.0,20.0,13.0,-0.5714515631400241,2.7618715565092202,86.86698150634766
2020-06-22,86.86698150634766,87.00979422869749,84.99830144840965,85.04429286253834,135445200,112.0,-0.02650000000000001,0.7964,-0.8555,28.0,40.0,38.0,2.6163506730773056,2.0114927802878384,88.72115325927734
2020-06-23,88.72115325927734,90.13718820813904,87.68998805980996,88.10874933547481,212155600,60.0,0.1032,0.8555,-0.8957,15.0,32.0,16.0,2.134495432875383,2.447200148329074,87.15504455566406
2020-06-24,87.15504455566406,89.26820486684538,86.78227469992099,88.35080675031271,192623200,68.0,0.0834,0.8207,-0.7845,23.0,25.0,20.0,-1.765203275746996,2.4859301669243905,88.31206512451172
2020-06-25,88.31206512451172,88.35079512662277,86.55231359048508,87.3099530977363,137522400,54.0,-0.0522,0.7845,-0.8807,21.0,19.0,22.0,1.3275428573829684,1.798481536137686,85.5986099243164
2020-06-26,85.5986099243164,88.42825657527817,85.45095132716905,88.20798383985682,205256800,59.0,0.0396,0.802,-0.836,13.0,23.0,17.0,-3.0725758664680747,2.9773052481091185,87.57138061523438
2020-06-29,87.57138061523438,87.66578639039905,85.02978213117639,85.5066347136651,130646000,117.0,-0.0277,0.775,-0.8591,23.0,47.0,37.0,2.3046760837147184,2.636004259222659,88.30238342285156
2020-06-30,88.30238342285156,88.58801627360432,87.14051287267962,87.15987418081895,140223200,76.0,0.0787,0.8537,-0.7475,21.0,30.0,20.0,0.8347508084051158,1.4475034009247025,88.13536071777344
2020-07-01,88.13536071777344,88.92204587845694,88.08695375546539,88.37984062385425,110737200,70.0,0.0975,0.7269,-0.8271,19.0,28.0,16.0,-0.18914858082403896,0.8350921229915542,88.13536071777344
2020-07-02,88.13536071777344,89.67484690422407,88.02160103220285,89.04065881814572,114041600,47.0,0.1438,0.8316,-0.6249,11.0,26.0,11.0,0.0,1.6532458720212162,90.49300384521484
2020-07-06,90.49300384521484,90.9601720457748,89.52961440129422,89.56108299075036,118655600,159.0,0.1038,0.891,-0.7964,35.0,52.0,32.0,2.6750252205707037,1.4305576444805723,90.21222686767578
2020-07-07,90.21222686767578,91.64762315168352,90.10088271239697,90.87062222466152,112424400,64.0,0.1275,0.8256,-0.9245,19.0,25.0,14.0,-0.3102747898824587,1.5467404392865518,92.31327056884766
2020-07-08,92.31327056884766,92.34473915860562,91.10056271828748,91.18770707353976,117092000,66.0,0.1817,0.8555,-0.6249,15.0,31.0,10.0,2.3290010391315397,1.2441764403181423,92.7102508544922
2020-07-09,92.7102508544922,93.25729463316677,91.664562876346,93.2040417994558,125642800,73.0,0.1044,0.7783,-0.8658,19.0,26.0,15.0,0.43003598854021163,1.5927317568207684,92.8724136352539
2020-07-10,92.8724136352539,92.93051232943124,91.69602034280253,92.30600122922262,90257200,59.0,0.0378,0.8126,-0.8402,16.0,19.0,17.0,0.17491353897447492,1.2344919866287114,92.4439926147461
2020-07-13,92.4439926147461,96.7792345052281,92.230981266241,94.1746987408597,191649200,144.0,0.2011,0.8176,-0.7351,21.0,64.0,31.0,-0.46130062064542177,4.548253238987101,93.97377014160156
2020-07-14,93.97377014160156,94.1649898089578,90.89480551473416,91.82671884066302,170989200,81.0,0.0206,0.8047,-0.8555,16.0,33.0,21.0,1.6548155089219474,3.2701842942236397,94.62006378173828
2020-07-15,94.62006378173828,96.09418977539168,93.42430181349536,95.84487140313816,153198000,70.0,0.0866,0.8126,-0.891,13.0,28.0,13.0,0.6877383329016995,2.669887961896322,93.4557876586914
2020-07-16,93.4557876586914,94.31024858615012,92.8579065641584,93.49451766571708,110577600,74.0,0.1357,0.7964,-0.7197,15.0,31.0,15.0,-1.2304748871576843,1.4523420219917256,93.26697540283205
2020-07-17,93.26697540283205,94.06092201052024,92.79496133182224,93.90600938284572,92186800,57.0,0.045,0.7003,-0.6249,14.0,21.0,14.0,-0.20203377510328302,1.2659606786980078,95.23248291015624
2020-07-20,95.23248291015624,95.37045717183656,93.01040144233043,93.35412562962276,90318000,97.0,0.2757,0.8555,-0.7096,21.0,38.0,19.0,2.1073992148184395,2.3600557295061293,93.9181137084961
2020-07-21,93.9181137084961,96.09662665534265,93.66879530005892,96.02158957813296,103433200,67.0,0.1609,0.7906,-0.5267,16.0,26.0,11.0,-1.3801689943337303,2.427831355283729,94.18193817138672
2020-07-22,94.18193817138672,94.86211761268852,93.53322731563136,93.620364272229,89001600,92.0,0.1278,0.7717,-0.8316,22.0,31.0,16.0,0.2809090307216877,1.328890297057157,89.89512634277344
2020-07-23,89.89512634277344,93.99314942038048,89.08665688068213,93.9156894105172,197004400,70.0,0.1682,0.8316,-0.6249,12.0,33.0,10.0,-4.55162838209211,4.906492539698348,89.67241668701172
2020-07-24,89.67241668701172,90.016140810345,86.31266499943915,88.0966309470678,185438800,62.0,-0.0189,0.7269,-0.91,17.0,29.0,24.0,-0.24774385978669766,3.703475810905843,91.79768371582033
2020-07-27,91.79768371582033,91.88966654711751,90.50994623863684,90.7326345162056,121214000,122.0,0.1308,0.7269,-0.8225,22.0,52.0,29.0,2.370034295190826,1.379720308480671,90.28968048095705
2020-07-28,90.28968048095705,91.54595685387366,90.28483461346656,91.3692525913136,103625600,97.0,0.094,0.8519,-0.794,17.0,39.0,20.0,-1.6427464984101747,1.2611222404071043,92.0203857421875
2020-07-29,92.0203857421875,92.20435141750036,90.73506372270916,90.771370793628,90329200,63.0,0.0581,0.8265,-0.7184,13.0,30.0,18.0,1.9168361788537647,1.4692876947912055,93.1338348388672
2020-07-30,93.1338348388672,93.23791755492836,90.78830239250956,91.19495629734762,158130000,64.0,0.1074,0.8578,-0.6249,10.0,37.0,18.0,1.210002639849006,2.4496151624187945,102.8838882446289
2020-07-31,102.8838882446289,103.03396237192648,97.62156512089064,99.61611941491957,374336800,86.0,0.0793,0.7269,-0.6808,15.0,52.0,25.0,10.468862817289203,5.412397251035841,105.47632598876952
2020-08-03,105.47632598876952,108.09053834247212,104.4645296144692,104.7622549635953,308151200,117.0,0.2993,0.8074,-0.6705,17.0,66.0,30.0,2.5197703822939843,3.6260087280029154,106.18071746826172
2020-08-04,106.18071746826172,107.26997389606046,104.94380243901392,105.6651349105181,173071600,66.0,0.1584,0.8519,-0.8481,17.0,30.0,12.0,0.6678195063100745,2.3261714570465415,106.5655746459961
2020-08-05,106.5655746459961,106.88509160009556,105.43758834706335,105.9023409518437,121776800,68.0,0.0101,0.9022,-0.7622,8.0,38.0,23.0,0.3624548664868499,1.4475032530322096,110.28357696533205
2020-08-06,110.28357696533205,110.77737527223312,106.30900549573542,106.89720218347466,202428800,130.0,0.0638,0.8176,-0.8442,18.0,65.0,33.0,3.488933768420921,4.4683697764976955,107.77618408203124
2020-08-07,107.77618408203124,110.26174118969138,106.98080610359244,109.80585245809036,198045600,67.0,0.1021,0.7351,-0.6369,12.0,40.0,20.0,-2.2735868315996055,3.2809350860989355,109.34270477294922
2020-08-10,109.34270477294922,110.35875275642206,106.69710077257368,109.21903076531764,212403600,106.0,0.2038,0.7269,-0.8779,24.0,51.0,26.0,1.4534942986343502,3.6616519838483867,106.09088134765624
2020-08-11,106.09088134765624,109.10507306907006,105.83141158748523,108.60796447088038,187902400,66.0,0.0287,0.743,-0.6597,12.0,27.0,19.0,-2.9739738303030006,3.273661481584824,109.61673736572266
2020-08-12,109.61673736572266,109.8737798216829,106.98568204543376,107.17967383850517,165598000,52.0,0.0457,0.7579,-0.6908,5.0,27.0,13.0,3.3234298492745173,2.8880977762491398,111.55669403076172
2020-08-13,111.55669403076172,112.55819321018032,110.5066931989482,110.99410742435848,210082000,54.0,0.0726,0.8176,-0.7506,9.0,24.0,12.0,1.7697631873193176,2.051500011232122,111.4572525024414
2020-08-14,111.4572525024414,111.54697388434197,109.65067355223329,111.38208013380518,165565200,91.0,0.0373,0.8074,-0.802,16.0,47.0,26.0,-0.08913990252605863,1.8963003321086802,111.16625213623048
2020-08-17,111.16625213623048,112.60181637912858,110.54062239475888,112.57756555807369,119561600,99.0,0.06839999999999999,0.7096,-0.7959,15.0,43.0,25.0,-0.26108697251849833,2.0611939843696945,112.09255981445312
2020-08-18,112.09255981445312,112.51692321018118,110.58425076333872,110.91889279659108,105633600,53.0,0.162,0.7269,-0.5994,11.0,23.0,9.0,0.833263387423977,1.93267244684246,112.23321533203124
2020-08-19,112.23321533203124,113.64452867430332,112.13864675565404,112.49995954797272,145538000,60.0,0.097,0.743,-0.8519,12.0,27.0,11.0,0.1254815821950528,1.5058819186492798,114.72362518310548
2020-08-20,114.72362518310548,114.8375973733061,112.2574641314498,112.27444044495672,126907200,67.0,0.0791,0.7506,-0.5574,14.0,30.0,19.0,2.218959729262515,2.580133241856302,120.63561248779295
2020-08-21,120.63561248779295,121.11817195845911,115.66934527196244,115.6814669811538,338054800,62.0,0.0948,0.7269,-0.743,14.0,24.0,13.0,5.153243105115979,5.448826686496673,122.07846069335938
2020-08-24,122.07846069335938,124.91806397068724,120.2161130032418,124.83318239328597,345937600,77.0,0.2276,0.8176,-0.7717,24.0,22.0,15.0,1.1960383636402838,4.701950967445441,121.07696533203124
2020-08-25,121.07696533203124,121.42130925505194,119.35768781992572,120.95329871627834,211495600,85.0,0.032,0.6908,-0.6908,13.0,40.0,23.0,-0.8203702402864721,2.0636214351262225,122.72350311279295
2020-08-26,122.72350311279295,123.17939196014704,121.32673854222942,122.391288286882,163022400,72.0,0.0842,0.8934,-0.7003,16.0,33.0,19.0,1.3599100177696055,1.8526534179176224,121.25642395019533
2020-08-27,121.25642395019533,123.65710756851144,120.11427449940824,123.32489273389696,155552400,80.0,0.0734,0.8519,-0.8176,18.0,37.0,20.0,-1.1954345544139655,3.542833069103196,121.05997467041016
2020-08-28,121.05997467041016,122.64587607239328,120.8368775011556,122.22878715620412,187630000,58.0,0.1245,0.8126,-0.8225,16.0,22.0,12.0,-0.16201144103166198,1.8089985712376802,125.1654052734375
2020-08-31,125.1654052734375,127.06656032182518,122.2166916072517,123.7492518971319,225702700,129.0,0.1164,0.8591,-0.8467,26.0,52.0,32.0,3.3912369585443303,4.849868714573475,130.1510467529297
2020-09-01,130.1510467529297,130.75244043183687,126.61064913629612,128.77368605712132,151948100,59.0,0.1243,0.8074,-0.9325,11.0,24.0,10.0,3.9832423892212976,4.141791295540756,127.45451354980467
2020-09-02,127.45451354980467,133.8369410345014,123.1866360174791,133.45865195686625,200119000,61.0,0.1216,0.891,-0.5267,15.0,27.0,17.0,-2.0718490326427697,10.65030501702229,117.25041198730467
2020-09-03,117.25041198730467,124.97140134269284,116.8818246649217,123.09935930505593,257599600,56.0,0.019,0.8176,-0.872,12.0,23.0,15.0,-8.006073130170165,8.089576677771149,117.3280258178711
2020-09-04,117.3280258178711,119.98575186395644,107.56039029271544,116.4647497583728,332607200,56.0,0.1084,0.8689,-0.8718,12.0,27.0,12.0,0.0661949320696742,12.425361571240998,109.43241119384766
2020-09-08,109.43241119384766,115.4171459794859,109.29661549435876,110.5284785969539,231366600,221.0,0.2438,0.8816,-0.8126,56.0,84.0,55.0,-6.7295214156929966,6.120530485127134,113.79729461669922
2020-09-09,113.79729461669922,115.56264615107492,111.79915150644727,113.73909857280783,176940500,68.0,0.0814,0.8555,-0.6249,13.0,24.0,15.0,3.9886569026790886,3.7634946446276416,110.08230590820312
2020-09-10,110.08230590820312,116.88182317054356,109.122034080383,116.74602745349068,182274400,78.0,0.089,0.8516,-0.7096,16.0,30.0,16.0,-3.2645668080328316,7.759789090160552,108.63704681396484
2020-09-11,108.63704681396484,111.77006490232608,106.69709954942977,111.12987875287996,180860300,64.0,0.1423,0.8481,-0.7964,18.0,20.0,11.0,-1.3128895532434348,5.072965352896318,111.89615631103516
2020-09-14,111.89615631103516,112.44904097306566,109.41302623599448,111.275373792275,140150100,111.0,0.2532,0.7845,-0.8689,20.0,47.0,21.0,2.999998244292623,3.0360147370711843,112.0707778930664
2020-09-15,112.0707778930664,115.26199270136142,110.19872809368098,114.77700578338916,184642000,72.0,0.1712,0.7096,-0.5859,21.0,30.0,12.0,0.15605681891865952,5.063264607680438,108.76314544677734
2020-09-16,108.76314544677734,112.51694623083202,108.6758513682307,111.77006975767836,154679000,61.0,0.0541,0.7783,-0.7351,18.0,21.0,18.0,-2.9513781455546617,3.8410948626013237,107.02690887451172
2020-09-17,107.02690887451172,108.83106079074912,105.44585419536304,106.4255298359746,178011000,53.0,0.1527,0.7506,-0.6914,19.0,22.0,13.0,-1.5963464141585004,3.38520659538608,103.63197326660156
2020-09-18,103.63197326660156,107.55066740012516,102.90449308489,107.08508422800398,287104900,73.0,0.0695,0.7579,-0.8555,12.0,35.0,15.0,-3.1720392970432276,4.646174315235157,106.77471160888672
2020-09-21,106.77471160888672,106.88140931284494,100.0042916137138,101.40105617439414,195713800,122.0,0.2239,0.8176,-0.8625,27.0,56.0,29.0,3.0325952919956656,6.877117699131134,108.45276641845705
2020-09-22,108.45276641845705,109.47124185175878,105.882341811166,109.29664627463028,183055400,81.0,0.0426,0.7456,-0.765,11.0,41.0,22.0,1.571584492512601,3.588900040592776,103.9035873413086
2020-09-23,103.9035873413086,108.74375412227576,103.5640906197424,108.26846907252016,150718700,68.0,0.0572,0.7964,-0.6597,15.0,18.0,12.0,-4.194617829844727,5.179663502533359,104.97054290771484
2020-09-24,104.97054290771484,106.93958810787352,101.84722676940336,102.01212050333626,167743300,62.0,-0.0249,0.8481,-0.8225,16.0,22.0,20.0,1.0268707690538559,5.092361338470155,108.9086456298828
2020-09-25,108.9086456298828,109.06384497371614,104.4370662899755,105.17424837255976,149981400,38.0,0.1547,0.9117,-0.8591,10.0,19.0,8.0,3.7516265164315277,4.626778683740639,111.5081787109375
2020-09-28,111.5081787109375,111.85736984450416,109.39363569114488,111.55668035738763,137672400,95.0,0.3227,0.8176,-0.6249,17.0,35.0,14.0,2.3868932223149786,2.463734153359283,110.66427612304688
2020-09-29,110.66427612304688,111.8476450098202,110.1598931452358,111.11047045765872,99382200,40.0,0.1415,0.6705,-0.5574,12.0,16.0,7.0,-0.7568077944114515,1.6877518645843992,112.3326416015625
2020-09-30,112.3326416015625,113.73910777869786,110.2084044241761,110.37329816208845,142675200,38.0,0.0937,0.6486,-0.6597,7.0,13.0,5.0,1.5075917332713518,3.530703354521762,113.283203125
2020-10-01,113.283203125,114.18527875349272,112.35202947628338,114.10767909935542,116120400,62.0,0.1216,0.7269,-0.6597,13.0,24.0,10.0,0.8462024126603351,1.8332492772093474,109.6264419555664
2020-10-02,109.6264419555664,111.90588643755387,108.85046731090772,109.5003480183916,144712000,28.0,0.2301,0.7579,-0.4215,10.0,7.0,3.0,-3.2279817912622244,3.0554191266461572,113.00192260742188
2020-10-05,113.00192260742188,113.14742012517608,110.1405034929378,110.4896945754234,106243800,76.0,0.20029999999999998,0.7096,-0.7506,23.0,26.0,21.0,3.079075259255082,3.006916632238287,109.76222229003906
2020-10-06,109.76222229003906,112.63334341918222,108.87954271233733,112.22594886007512,161498200,48.0,0.1676,0.8074,-0.4019,10.0,21.0,9.0,-2.8669426525049557,3.753800706844899,111.62457275390624
2020-10-07,111.62457275390624,112.08046156708008,110.7030933186814,111.17838574960965,96849000,61.0,0.1568,0.8957,-0.8126,15.0,26.0,9.0,1.6967135185601778,1.3773682483986818,111.5178680419922
2020-10-08,111.5178680419922,112.90493061170088,111.1492733309645,112.7594330889432,83477200,61.0,0.0846,0.765,-0.7845,14.0,24.0,14.0,-0.09559249301610562,1.7556572807363722,113.45781707763672
2020-10-09,113.45781707763672,113.48691510258756,111.46936816913345,111.81855926916631,100506900,21.0,0.123,0.8658,-0.7964,8.0,5.0,5.0,1.7395858347238446,2.0175469334541134,120.66471862792967
2020-10-12,120.66471862792967,121.42129686008032,115.69845107798898,116.4550293101396,240226800,68.0,0.26880000000000004,0.7543,-0.8442,15.0,24.0,9.0,6.352053772867339,5.7228457820913405,117.46379089355467
2020-10-13,117.46379089355467,121.62497815056648,116.0573322604358,121.5085786649449,262330500,51.0,0.1079,0.743,-0.6597,16.0,21.0,12.0,-2.652745368134557,5.567645890130677,117.55110931396484
2020-10-14,117.55110931396484,119.33585728240598,116.0282509755602,117.36681195189108,150712000,53.0,0.0745,0.7906,-0.6597,13.0,19.0,12.0,0.07433645700172242,3.307606306845784,117.08551788330078
2020-10-15,117.08551788330078,117.56080289760202,114.602387718432,115.15527240046332,112559200,48.0,0.023,0.5978,-0.7901,4.0,25.0,12.0,-0.3960757438881579,2.958415179170018,115.44625091552734
2020-10-16,115.44625091552734,117.90029026113083,115.24255735409358,117.63839325335096,115393800,18.0,0.1248,0.7269,-0.3612,3.0,6.0,3.0,-1.4000595440055164,2.657732907037257,112.49755859375
2020-10-19,112.49755859375,116.8042370043639,112.18716729027952,116.3580499681446,120639300,58.0,0.374,0.7906,-0.6369,11.0,24.0,11.0,-2.554168973347537,4.61706971408438,113.9815902709961
2020-10-20,113.9815902709961,115.40745252774086,112.15803531937776,112.71091992910422,124423700,22.0,0.1446,0.7096,-0.6369,8.0,7.0,4.0,1.3191678964387332,3.2494172083630986,113.36083221435548
2020-10-21,113.36083221435548,115.14558032107824,112.95343762450592,113.16683302863848,89946000,39.0,0.0394,0.6908,-0.8519,8.0,19.0,11.0,-0.5446125599447571,2.1921426965723185,112.2744369506836
2020-10-22,112.2744369506836,114.49567723930028,111.14926409518417,113.92338900408984,101988000,31.0,0.1784,0.7096,-0.5719,11.0,10.0,6.0,-0.9583515244644736,3.346413144116113,111.58577728271484
2020-10-23,111.58577728271484,113.05043966735408,110.84859518576692,112.89524032049675,82572600,14.0,0.1583,0.765,-0.5994,5.0,5.0,4.0,-0.6133717404178451,2.201844481587159,111.59546661376952
2020-10-26,111.59546661376952,113.05042702646372,109.49061825916864,110.58669317293084,111850700,60.0,0.628,0.7672,-0.765,13.0,26.0,8.0,0.00868330291783348,3.559808767295081,113.09893798828124
2020-10-27,113.09893798828124,113.7585204355671,111.10079442752372,112.02226653167769,92276800,33.0,0.2256,0.836,-0.6249,11.0,12.0,5.0,1.3472512998357056,2.657726008043383,107.86106872558594
2020-10-28,107.86106872558594,111.96406058991155,107.76407283902444,111.59547326085324,143937800,56.0,0.0191,0.7579,-0.7906,11.0,30.0,18.0,-4.631227627652901,4.199987750887118,111.85736083984376
2020-10-29,111.85736083984376,113.41901900582576,108.83104039265947,108.99594153712782,146129200,46.0,0.036,0.802,-0.7964,11.0,24.0,17.0,3.7050366378484245,4.587978613166285,105.59134674072266
2020-10-30,105.59134674072266,108.6273620211758,104.4855772187525,107.72528610585144,190272600,28.0,0.1091,0.765,-0.5719,3.0,17.0,6.0,-5.601789682927283,4.141784802423302,105.50403594970705
2020-11-02,105.50403594970705,107.356689266343,104.09757704674024,105.8338308554218,122866900,62.0,0.40750000000000003,0.8957,-0.6597,11.0,26.0,10.0,-0.08268744902932834,3.2591122196027555,107.12388610839844
2020-11-03,107.12388610839844,108.14235394209176,105.46523215040254,106.36730788899447,107624400,33.0,0.0899,0.7783,-0.4019,2.0,17.0,7.0,1.5353442587386468,2.677121791689217,111.49846649169922
2020-11-04,111.49846649169922,112.1192490266788,108.97653651830576,110.71279021468384,138235500,31.0,0.0793,0.6908,-0.5574,5.0,15.0,8.0,4.0836647569657325,3.1427125083730374,115.45597076416016
2020-11-05,115.45597076416016,116.0282591074031,113.3608313760952,114.40839736997158,126387100,45.0,0.1475,0.802,-0.4939,7.0,17.0,5.0,3.5493800022402766,2.667427731307896,115.32479095458984
2020-11-06,115.32479095458984,115.8203256136095,112.83736946099638,114.96527887670224,114457900,13.0,0.0929,0.6908,-0.3612,1.0,3.0,1.0,-0.11361890485358517,2.982956152613113,113.02200317382812
2020-11-09,113.02200317382812,118.53124107554255,112.75966168887598,117.08348880826458,154515300,76.0,0.439,0.8689,-0.7003,19.0,29.0,7.0,-1.9967846997168692,5.771579386666573,112.68192291259766
2020-11-10,112.68192291259766,114.25598657554706,110.8940882741732,112.27383288243148,138023400,26.0,0.1857,0.7906,-0.5719,8.0,11.0,6.0,-0.30089739314513864,3.3618983013738557,116.10212707519533
2020-11-11,116.10212707519533,116.23815709626824,113.1386074297292,113.86734286251138,112295000,29.0,0.1431,0.6908,-0.5859,6.0,9.0,3.0,3.0352731602304672,3.0995496665390334,115.83002471923828
2020-11-12,115.83002471923828,117.11259831587536,115.20817130347952,116.22840350190612,103162300,34.0,0.0325,0.8074,-0.7783,4.0,21.0,10.0,-0.23436466050342775,1.9044270123958427,115.87862396240234
2020-11-13,115.87862396240234,116.27699537989376,114.5280352176776,116.05352071993178,81581900,10.0,0.1553,0.7712,-0.6597,3.0,3.0,1.0,0.04195737960157597,1.7489601622161643,116.88915252685548
2020-11-16,116.88915252685548,117.55958400464418,114.80010971790968,115.54827474511946,91183000,43.0,0.11610000000000001,0.7579,-0.6344,6.0,14.0,6.0,0.8720577876218272,2.759474286734502,116.00495147705078
2020-11-17,116.00495147705078,117.24865863043144,115.58714291023576,116.16041857776304,74271000,24.0,0.0163,0.4215,-0.6705,1.0,14.0,6.0,-0.7564440589143295,1.6615157201956805,114.68350982666016
2020-11-18,114.68350982666016,116.42275908285534,114.65436159878703,115.2470669424712,76322100,69.0,0.0969,0.7964,-0.5106,10.0,31.0,17.0,-1.1391252128164941,1.768397484068302,115.2762222290039
2020-11-19,115.2762222290039,115.68431227037438,113.49810608907283,114.25598971249796,74113000,73.0,0.0591,0.8591,-0.7003,13.0,34.0,21.0,0.5168244355614915,2.186206181301543,114.0130615234375
2020-11-20,114.0130615234375,115.40251710432108,113.96448361868472,115.27620565626935,73604300,55.0,0.1009,0.802,-0.7269,14.0,20.0,10.0,-1.0957686512809706,1.4380334856363532,110.6220245361328
2020-11-23,110.6220245361328,114.28513837643996,110.52486130551306,113.85761126601786,127959300,87.0,0.3097,0.8225,-0.7717,22.0,40.0,22.0,-2.9742530741599382,3.7602770709269038,111.90460968017578
2020-11-24,111.90460968017578,112.56533009298217,109.39775804807978,110.68033950800988,113874200,70.0,0.0863,0.8074,-0.8532,14.0,29.0,15.0,1.1594301852829059,3.1675720449023856,112.74022674560548
2020-11-25,112.74022674560548,113.43981393627315,111.90460953598352,112.27384022721373,76499200,57.0,0.1525,0.7906,-0.8126,11.0,24.0,9.0,0.7467226487075873,1.5352044002896292,113.2843246459961
2020-11-27,113.2843246459961,114.15880846315034,112.92481998616722,113.26489496698316,46691300,98.0,0.1817,0.802,-0.7579,19.0,39.0,21.0,0.482612033075247,1.2339884769831144,115.67459106445312
2020-11-30,115.67459106445312,117.54015173092948,113.4980962071516,113.65356330256418,169410200,95.0,0.2485,0.7003,-0.8316,12.0,41.0,16.0,2.1099710184320886,4.042055523777876,119.24053192138672
2020-12-01,119.24053192138672,119.969267237973,116.60736920035772,117.57901628913945,127728200,64.0,0.0887,0.7579,-0.4404,6.0,28.0,10.0,3.082734785677066,3.3618980376152763,119.59032440185548
2020-12-02,119.59032440185548,119.87210294466338,117.4624149241799,118.56037345602128,89004200,47.0,0.061,0.8126,-0.5267,5.0,19.0,8.0,0.2933503187484643,2.409688020483486,119.45428466796876
2020-12-03,119.45428466796876,120.27046459048226,118.7449790955268,120.01783429457548,78967600,62.0,0.1737,0.765,-0.4144,12.0,27.0,9.0,-0.11375479961872603,1.5254854949554613,118.78384399414062
2020-12-04,118.78384399414062,119.37654924842552,118.07453843287112,119.123918956498,78260400,118.0,0.1444,0.7906,-0.5994,19.0,46.0,17.0,-0.56125293093644,1.3020108155543966,120.24130249023438
2020-12-07,120.24130249023438,121.03805264253546,118.78383215701942,118.84212859816324,86712000,107.0,0.4429,0.8402,-0.7783,19.0,55.0,15.0,1.2269837774955716,2.2542204855160435,120.85346221923828
2020-12-08,120.85346221923828,121.43645640289948,119.6000365852931,120.84375108576852,82225500,60.0,0.0888,0.7783,-0.6597,8.0,24.0,10.0,0.5091093628610821,1.8364198176063837,118.3271942138672
2020-12-09,118.3271942138672,122.37896123763356,117.56931058790568,120.99922399995596,115089200,61.0,0.1946,0.891,-0.6249,17.0,29.0,12.0,-2.090356336493049,4.809650649727885,119.74577331542967
2020-12-10,119.74577331542967,120.35791566525567,116.74338766599487,117.08346263085474,81312200,65.0,0.1017,0.8294,-0.5725,9.0,26.0,12.0,1.1988614375479045,3.614527999260801,118.93931579589844
2020-12-11,118.93931579589844,119.2793907717679,117.13205173775964,118.95874547462876,86939800,43.0,0.151,0.7003,-0.5719,10.0,19.0,8.0,-0.6734747266668784,2.1473390340082545,118.3271942138672
2020-12-14,118.3271942138672,119.85268001340197,118.0940009627436,119.12394461719592,79184500,103.0,0.08059999999999998,0.7351,-0.7935,15.0,48.0,25.0,-0.5146503306624362,1.7586790506583583,124.25422668457033
2020-12-15,124.25422668457033,124.27366377761383,120.61055011219938,120.81459511068267,157243700,63.0,0.0823,0.7717,-0.5574,7.0,32.0,13.0,5.009019701752138,3.663113665414457,124.18621063232422
2020-12-16,124.18621063232422,124.73033062366706,122.9716517851633,123.79755773169585,98208600,69.0,0.1104,0.8126,-0.6249,14.0,26.0,10.0,-0.054739427431127474,1.758678838503755,125.05097198486328
2020-12-17,125.05097198486328,125.9060261306018,124.4096813755594,125.24529842903368,94359800,59.0,0.1139,0.8834,-0.5719,11.0,27.0,13.0,0.6963424909544491,1.4963447550424007,123.0688247680664
2020-12-18,123.0688247680664,125.43964605507789,122.5441344465272,125.30361605465058,192541500,65.0,0.1189,0.7096,-0.6808,14.0,27.0,10.0,-1.585071419546269,2.8955116085506916,124.59432220458984
2020-12-21,124.59432220458984,124.67205576340992,119.94984955475292,121.47533543446605,121251600,121.0,0.3276,0.8519,-0.8442,28.0,52.0,25.0,1.2395482279109915,4.722206208656999,128.14080810546875
2020-12-22,128.14080810546875,130.599073771845,125.9740246713456,127.8784592702847,168904800,60.0,0.0608,0.8176,-0.6808,12.0,31.0,18.0,2.846426577172112,4.62504910049941,127.24693298339844
2020-12-23,127.24693298339844,128.6752408300138,127.0720287652214,128.41290674198933,88223700,46.0,0.1519,0.8176,-0.6124,9.0,23.0,7.0,-0.6975725651227282,1.6032120647923875,128.22828674316406
2020-12-24,128.22828674316406,129.67604646021374,127.38295839338778,127.59672197110412,54930100,56.0,0.1258,0.7351,-0.5574,10.0,26.0,12.0,0.7712199710885548,2.293088066825959,132.81446838378906
2020-12-28,132.81446838378906,133.446033182036,129.72462233987497,130.19102370668213,124486200,108.0,0.057199999999999994,0.7096,-0.7579,20.0,43.0,26.0,3.5765756192398745,3.7214108421610206,131.04600524902344
2020-12-29,131.04600524902344,134.8548591025245,130.53103360723338,134.135849925918,121047300,63.0,0.182,0.7351,-0.6908,22.0,24.0,11.0,-1.3315289789478046,4.323825495291118,129.9286651611328
2020-12-30,129.9286651611328,132.13430846309575,129.61773093964035,131.73592955161843,96452100,50.0,0.0648,0.6486,-0.6808,10.0,25.0,13.0,-0.8526319331652821,2.516577523455396,128.92784118652344
2020-12-31,128.92784118652344,130.9197204767935,127.98534242224186,130.27842990655225,99116600,46.0,0.2041,0.8779,-0.5719,8.0,26.0,6.0,-0.7702872752276768,2.9343780545516296,125.74085998535156
2021-01-04,125.74085998535156,129.82177500940742,123.16599358092328,129.73433032505793,143301900,113.0,0.12020000000000003,0.8455,-0.8074,15.0,42.0,18.0,-2.471910777254993,6.655781428484133,127.29550170898438
2021-01-05,127.29550170898438,128.0048148809108,124.78865000861988,125.23561427002338,97664900,43.0,0.1243,0.8689,-0.4404,4.0,24.0,7.0,1.2363854707323707,3.2161648722909177,123.01051330566406
2021-01-06,123.01051330566406,127.3343470647896,122.79674977159816,124.09876065496375,155088000,49.0,0.0776,0.7684,-0.6705,10.0,16.0,10.0,-3.366174252658516,4.537597293191439,127.20801544189452
2021-01-07,127.20801544189452,127.89789129191487,124.23477818150717,124.72060165088172,109578200,43.0,0.0404,0.6908,-0.6597,7.0,21.0,13.0,3.4123116987571978,3.663113110407707,128.30601501464844
2021-01-08,128.30601501464844,128.8695721666665,126.53761000388556,128.67523086681507,105158200,49.0,0.1366,0.7184,-0.5994,13.0,11.0,5.0,0.8631528201581418,2.3319621627809397,125.32302856445312
2021-01-11,125.32302856445312,126.47929089114106,124.85664214589356,125.5270809622862,100384500,80.0,0.1844,0.8487,-0.7579,13.0,34.0,17.0,-2.324899927610369,1.6226487452475027,125.14813995361328
2021-01-12,125.14813995361328,126.0129052139805,123.26314235039196,124.85664288048967,91951100,34.0,0.106,0.6369,-0.7096,6.0,17.0,7.0,-0.13955025891342343,2.7497628635885434,127.17889404296876
2021-01-13,127.17889404296876,127.72301407124304,124.84694682860504,125.10928088256377,88636800,50.0,0.121,0.8126,-0.6597,11.0,16.0,7.0,1.6226802013263653,2.876067242638001,125.2550277709961
2021-01-14,125.2550277709961,127.28576659581172,125.10927181431389,127.09144014639318,90221800,55.0,0.0575,0.6249,-0.8957,10.0,24.0,11.0,-1.512724486598127,2.176494781497837,123.53519439697266
2021-01-15,123.53519439697266,126.52786882491787,123.39916441507316,125.12869482471947,111598500,47.0,0.1174,0.7579,-0.8225,11.0,25.0,12.0,-1.373065340872237,3.1287044098447154,124.20565032958984
2021-01-19,124.20565032958984,125.0607045202907,123.34088500532488,124.15706500945308,90757300,159.0,0.2526,0.926,-0.8225,29.0,55.0,29.0,0.5427246347811776,1.7198195149658204,128.2865447998047
2021-01-20,128.2865447998047,128.7335089174472,124.90521758681017,125.01209934367104,104319500,51.0,0.0981,0.7269,-0.6597,9.0,20.0,6.0,3.285594865761632,3.828291330637043,132.9893798828125
2021-01-21,132.9893798828125,135.70999567011074,129.802377477343,130.00642996250977,120150900,60.0,0.1681,0.8176,-0.7096,14.0,20.0,8.0,3.6658833475846864,5.907618192767757,135.12698364257812
2021-01-22,135.12698364257812,135.88486727485233,131.19180950505606,132.41607964346215,114459400,59.0,0.1719,0.8074,-0.5411,11.0,25.0,8.0,1.6073492196513994,4.693057769796269,138.8677978515625
2021-01-25,138.8677978515625,140.97627022018892,132.6686847833474,139.01355380816258,157611700,99.0,0.2612,0.8591,-0.7184,16.0,44.0,17.0,2.7683695055897406,8.30758543684152,139.10104370117188
2021-01-26,139.10104370117188,140.20872113105705,137.3617865730404,139.52857092431395,98390600,24.0,-0.0073,0.5423,-0.7184,4.0,12.0,7.0,0.16796251774562343,2.846934558016642,138.0321502685547
2021-01-27,138.0321502685547,140.208644567784,136.42893888339475,139.36330171958025,140843800,36.0,0.1065,0.6705,-0.5106,4.0,19.0,6.0,-0.76842948419098,3.7797056843892562,133.20314025878906
2021-01-28,133.20314025878906,137.96422147707514,132.82419836085404,135.56425118143247,142621100,66.0,0.1415,0.7783,-0.765,11.0,33.0,10.0,-3.498467567425656,5.140023116221101,128.21856689453125
2021-01-29,128.21856689453125,132.86303917443942,126.51818434944722,131.97883669271752,177523800,114.0,0.1508,0.872,-0.8225,21.0,50.0,18.0,-3.7420839738265266,6.344854824992197,130.33668518066406
2021-02-01,130.33668518066406,131.5415324023742,127.21769281152132,129.95774356816557,106239800,116.0,0.2526,0.8316,-0.8225,21.0,45.0,21.0,1.6519591018944402,4.323839590852884,131.1626434326172
2021-02-02,131.1626434326172,132.4452098565485,130.79341280132044,131.8816527763116,83305400,53.0,0.0806,0.7906,-0.6124,9.0,22.0,11.0,0.6337112615747653,1.6517970552280588,130.1424102783203
2021-02-03,130.1424102783203,131.92052618668296,129.82176496768204,131.9108002272906,89880900,50.0,0.2167,0.8074,-0.8271,15.0,15.0,5.0,-0.7778382072796575,2.09876121900092,133.4945831298828
2021-02-04,133.4945831298828,133.5042942626405,130.7739685158837,132.43549143917588,84183100,52.0,0.2289,0.8316,-0.4215,10.0,24.0,5.0,2.575772835614165,2.7303257467568187,133.08106994628906
2021-02-05,133.08106994628906,133.72331912038942,132.20528641674758,133.6552098828253,75693800,79.0,0.2179,0.8481,-0.3612,11.0,37.0,5.0,-0.30976027183921007,1.5180327036418362,133.22698974609375
2021-02-08,133.22698974609375,133.27564766652046,131.29051736028654,132.370657861184,71297200,99.0,0.3916,0.7845,-0.7506,23.0,52.0,24.0,0.10964729984781485,1.9851303062339127,132.35121154785156
2021-02-09,132.35121154785156,134.1709170758531,132.1955269668042,132.9448026300194,76774200,54.0,0.1427,0.743,-0.5719,5.0,29.0,7.0,-0.6573579421941922,1.9753901090489023,131.74783325195312
2021-02-10,131.74783325195312,133.30479712135545,130.7844601873258,132.80850727822565,73046600,42.0,0.1775,0.8979,-0.6249,4.0,24.0,6.0,-0.45589178130061025,2.5203369340296433,131.49488830566406
2021-02-11,131.49488830566406,132.72098784651604,130.17147291387968,132.24416393424983,64280000,56.0,0.1169,0.7096,-0.8519,10.0,20.0,9.0,-0.19199173151130955,2.549514932636356,131.7283935546875
2021-02-12,131.7283935546875,131.88409294253404,130.09359452723146,130.7358433658653,60145100,67.0,0.1347,0.7845,-0.7906,16.0,33.0,14.0,0.17757743440234286,1.7904984153025794,129.60707092285156
2021-02-16,129.60707092285156,132.3512026514084,129.21782237561078,131.84520181246612,80576300,129.0,0.2703,0.8074,-0.7096,17.0,52.0,26.0,-1.6103761494330127,3.1333802757976343,127.32029724121094
2021-02-17,127.32029724121094,128.66317890424816,125.98715607320858,127.7192714814344,97918500,41.0,0.0852,0.8126,-0.743,6.0,18.0,7.0,-1.764389601090377,2.6760228310395746,126.22069549560548
2021-02-18,126.22069549560548,126.50288771185818,123.98256451257896,125.72440543319924,96856700,56.0,0.0143,0.8402,-0.8225,7.0,25.0,13.0,-0.8636499988075252,2.5203231992792183,126.37637329101562
2021-02-19,126.37637329101562,127.19378780631595,125.33516499223074,126.7364300489586,87668800,38.0,0.053,0.743,-0.7964,7.0,16.0,9.0,0.12333777341257957,1.8586228140852086,122.6104736328125
2021-02-22,122.6104736328125,126.23040308983671,122.22123254914696,124.56639727156256,103916400,82.0,0.009899999999999999,0.6486,-0.7906,12.0,42.0,22.0,-2.9799080003119927,4.009170540689752,122.47425842285156
2021-02-23,122.47425842285156,123.30139120748288,115.2052066551197,120.43075171253976,158273000,52.0,0.0665,0.743,-0.8176,9.0,19.0,8.0,-0.11109590063966834,8.096184552363184,121.97795867919922
2021-02-24,121.97795867919922,122.18230857916164,118.94189453786484,121.57899194807914,111039900,43.0,0.1563,0.8081,-0.34,5.0,17.0,3.0,-0.40522780055448626,3.240414041296802,117.73526763916016
2021-02-25,117.73526763916016,123.0581213384482,117.29737597808456,121.32600598694728,148199500,41.0,0.1376,0.8176,-0.7003,8.0,14.0,5.0,-3.4782440089830446,5.760745360363643,117.99798583984376
2021-02-26,117.99798583984376,121.49140765726708,117.93959485190196,119.29220185674814,164560400,57.0,-0.0532,0.7096,-0.7783,11.0,24.0,20.0,0.22314316343068352,3.551812805365117,124.35233306884766
2021-03-01,124.35233306884766,124.48856634693102,119.4868376397081,120.42101187120409,116307900,53.0,0.2467,0.7351,-0.6369,8.0,21.0,8.0,5.385131944225319,5.001728707222924,121.75415802001952
2021-03-02,121.75415802001952,125.25731317881322,121.6471165286429,124.95565484356456,102260900,8.0,0.1653,0.5423,-0.3182,1.0,4.0,1.0,-2.089365743857541,3.610196650170323,118.77645874023438
2021-03-03,118.77645874023438,122.32827149061752,118.56237577745944,121.45248092660913,112966300,28.0,0.1264,0.6908,-0.5719,5.0,16.0,6.0,-2.4456653704553855,3.7658957131580877,116.89838409423828
2021-03-04,116.89838409423828,120.27503892466773,115.42900990064756,118.47480719948628,178155000,25.0,0.0445,0.6124,-0.4404,2.0,11.0,6.0,-1.5811842396341036,4.846029024020169,118.15367889404295
2021-03-05,118.15367889404295,118.65969453198088,114.40724922583529,117.72552038212189,153766600,23.0,0.1095,0.5859,-0.4019,1.0,14.0,4.0,1.0738341761787895,4.252445306145589,113.22979736328124
2021-03-08,113.22979736328124,117.74497601487798,113.0838310321506,117.67685938357114,154376600,34.0,0.9143,0.8779,-0.6124,10.0,12.0,8.0,-4.167353549081887,4.661144982727379,117.83255767822266
2021-03-09,117.83255767822266,118.77646492277744,115.5944343694315,115.82797605727136,129525800,24.0,0.0016,0.5994,-0.5719,3.0,9.0,6.0,4.064972668081479,3.182030553345939,116.7524185180664
2021-03-10,116.7524185180664,118.88350022910564,116.23666982400522,118.4164168777091,111943300,22.0,0.1018,0.5719,-0.5719,3.0,10.0,4.0,-0.9166729310127519,2.646830405100417,118.67913055419922
2021-03-11,118.67913055419922,119.89550407261814,117.99796435354652,119.24352964854276,103026500,20.0,0.0783,0.5994,-0.3818,1.0,9.0,4.0,1.6502544962995191,1.8975397190716166,117.774169921875
2021-03-12,117.774169921875,117.91040318694742,115.95447955662657,117.16112022904916,88105100,27.0,0.02,0.6249,-0.4767,2.0,11.0,6.0,-0.7625271840957182,1.9559236303208536,120.6545639038086
2021-03-15,120.6545639038086,120.66429697426416,117.18060016691906,118.14397368976827,92403800,75.0,0.049800000000000004,0.7717,-0.8126,6.0,36.0,18.0,2.4456924500884103,3.4836968073450976,122.1920394897461
2021-03-16,122.1920394897461,123.79765430298438,121.36490683570096,122.31853968534864,115227900,19.0,0.1178,0.8481,-0.3089,3.0,5.0,2.0,1.2742788471418631,2.43274746728342,121.40383911132812
2021-03-17,121.40383911132812,122.47424657756945,119.04893377660936,120.71293967926184,111932600,25.0,0.0128,0.6486,-0.5994,4.0,9.0,5.0,-0.6450505136908813,3.4253128009600857,117.2876205444336
2021-03-18,117.2876205444336,119.86633436304557,117.08327064661763,119.57440169521924,121229700,37.0,0.0599,0.6705,-0.6249,6.0,16.0,8.0,-3.390517628622869,2.7830637164279324,116.76213836669922
2021-03-19,116.76213836669922,118.163403199646,116.46048007455592,116.67456302671786,185549500,42.0,0.0145,0.6808,-0.6486,9.0,17.0,10.0,-0.44802867966384774,1.7029231250900807,120.0706787109375
2021-03-22,120.0706787109375,120.53776947303844,117.02488167357409,117.09299830303092,111912300,29.0,0.1484,0.6808,-0.6369,10.0,10.0,9.0,2.8335729291352862,3.5128877994643517,119.24356079101562
2021-03-23,119.24356079101562,120.89782623844285,118.8543196786337,120.0123099463268,95467100,13.0,0.0764,0.8402,-0.5719,2.0,6.0,2.0,-0.688859202597758,2.0435065598091455,116.85946655273438
2021-03-24,116.85946655273438,119.5938800533793,116.8400078374971,119.51603034411634,88530500,30.0,0.0598,0.6808,-0.7096,7.0,16.0,9.0,-1.9993484113239202,2.753872215882197,117.34600830078124
2021-03-25,117.34600830078124,118.38723138862224,115.79878440882976,116.32425877519718,98844700,41.0,0.0244,0.8591,-0.8316,11.0,20.0,13.0,0.41634774006718,2.5884469797924794,117.94933319091795
2021-03-26,117.94933319091795,118.21207408800578,115.72093550893464,117.11246742653448,94071200,25.0,-0.0292,0.875,-0.7579,7.0,10.0,10.0,0.5141418092299066,2.4911385790711336,118.1244888305664
2021-03-29,118.1244888305664,119.28247903408416,117.4822473412622,118.37749665321655,80819200,46.0,0.1252,0.7351,-0.7351,8.0,19.0,11.0,0.1485007459643084,1.800231692821967,116.67456817626952
2021-03-30,116.67456817626952,117.16111766205536,115.66254435493632,116.87891806940084,85671900,22.0,0.055,0.7096,-0.6369,6.0,9.0,6.0,-1.227451368171928,1.4985733071190452,118.86405181884766
2021-03-31,118.86405181884766,120.19719278132602,117.8909527575786,118.37750228821312,118323800,31.0,0.0824,0.7096,-0.8176,7.0,13.0,8.0,1.8765731699733612,2.3062400237474208,119.69119262695312
2021-04-01,119.69119262695312,120.83944989383652,119.19490999339445,120.33344161440051,75089100,26.0,0.0651,0.743,-0.5994,3.0,12.0,6.0,0.695871287785188,1.6445399004420693,122.51316833496094
2021-04-05,122.51316833496094,122.7661761594041,119.75929632134556,120.53777850848311,88651200,96.0,0.048900000000000006,0.7003,-0.7906,12.0,42.0,26.0,2.3577137515900626,3.0068798380585378,122.81481170654295
2021-04-06,122.81481170654295,123.71006091586877,122.26987869637168,123.09701127942608,80171300,16.0,0.0032,0.7297,-0.4389,2.0,5.0,4.0,0.2462130199402779,1.440182219497089,124.4593734741211
2021-04-07,124.4593734741211,124.47883218903851,121.77361794195266,122.44505868103396,83466700,72.0,0.0592,0.7096,-0.5848,9.0,37.0,19.0,1.339058167924967,2.7052142470858485,126.85317993164062
2021-04-08,126.85317993164062,126.88237171232534,125.06268142419076,125.4811068462127,88844600,39.0,0.0599,0.8402,-0.636,9.0,20.0,14.0,1.9233637376595558,1.8196902881345807,129.4221649169922
2021-04-09,129.4221649169922,129.4610823431084,125.987126690143,126.3082511367721,106686700,25.0,-0.0041,0.5574,-0.765,4.0,11.0,6.0,2.0251640414027827,3.4739556529653868,127.7095184326172
2021-04-12,127.7095184326172,129.27620842056396,127.11592744716376,128.95508396794366,91420000,44.0,-0.010699999999999998,0.8225,-0.6249,6.0,21.0,14.0,-1.3233022994735277,2.160280973400205,130.813720703125
2021-04-13,130.813720703125,131.03754421397457,128.38097265896974,128.87726276289945,91266500,29.0,0.1466,0.802,-0.6486,9.0,11.0,8.0,2.430674164780955,2.656571555004831,128.478271484375
2021-04-14,128.478271484375,131.36837696548068,128.1182295730411,131.3099933958929,87222800,26.0,-0.0975,0.5106,-0.6344,4.0,14.0,12.0,-1.7853243575650435,3.2501473924395725,130.88182067871094
2021-04-15,130.88182067871094,131.36837019796266,130.04495491166549,130.22012045971883,89347100,38.0,-0.0513,0.7964,-0.8399,8.0,18.0,15.0,1.8707826362905688,1.3234152862971769,130.5509490966797
2021-04-16,130.5509490966797,131.0472241792983,129.6946173321828,130.68718234573052,84922400,38.0,-0.0513,0.7964,-0.8399,8.0,18.0,15.0,-0.25280178737998593,1.35260684711551,131.21266174316406
2021-04-19,131.21266174316406,131.82571884662076,129.75301328602865,129.91843832937323,94264200,114.0,-0.15389999999999998,0.7964,-0.8399,24.0,54.0,45.0,0.5068616130812886,2.0727055605921123,129.52920532226562
2021-04-20,129.52920532226562,131.88410306298763,128.26417368348118,131.38782793049364,94812300,38.0,-0.0513,0.7964,-0.8399,8.0,18.0,15.0,-1.282998453452333,3.619929379506459,129.9087371826172
2021-04-21,129.9087371826172,130.15201197134868,127.767922011443,128.79940473993418,68847100,38.0,-0.0513,0.7964,-0.8399,8.0,18.0,15.0,0.2930087152216432,2.3840899599056797,128.3907012939453
2021-04-22,128.3907012939453,130.54124205126504,127.8749599440914,129.46110142550572,84566500,38.0,-0.0513,0.7964,-0.8399,8.0,18.0,15.0,-1.1685402549467594,2.666282107173643,130.70663452148438
2021-04-23,130.70663452148438,131.48510166245782,128.60473760491465,128.60473760491465,78657500,38.0,-0.0513,0.7964,-0.8399,8.0,18.0,15.0,1.8038169463977294,2.8803640575431757,131.09591674804688
2021-04-26,131.09591674804688,131.42676689058607,129.9671181870508,131.20295824690538,66905100,114.0,-0.15389999999999998,0.7964,-0.8399,24.0,54.0,45.0,0.2978289724830496,1.4596487035352652,130.77479553222656
2021-04-27,130.77479553222656,131.76736083305914,130.5023289552631,131.3781122600293,66015800,38.0,-0.0513,0.7964,-0.8399,8.0,18.0,15.0,-0.24495134843709465,1.2650318777960479,129.98660278320312
2021-04-28,129.98660278320312,131.38786811328342,129.50005314627617,130.69696109558785,107760100,38.0,-0.0513,0.7964,-0.8399,8.0,18.0,15.0,-0.6027099838433303,1.8878149670072446,129.8892364501953
2021-04-29,129.8892364501953,133.38267277073504,128.88694577541443,132.79880749394718,151101000,38.0,-0.0513,0.7964,-0.8399,8.0,18.0,15.0,-0.0749048985995926,4.495726995320609,127.9236297607422
2021-04-30,127.9236297607422,129.96712921001927,127.54412165956818,128.2350137894491,109839500,38.0,-0.0513,0.7964,-0.8399,8.0,18.0,15.0,-1.513294513981378,2.4230075504510893,128.97454833984375
2021-05-03,128.97454833984375,130.46340362512916,128.28365629304724,128.48799878924353,75135100,114.0,-0.15389999999999998,0.7964,-0.8399,24.0,54.0,45.0,0.8215202938402388,2.1797473320819165,124.41069793701172
2021-05-04,124.41069793701172,127.95278490720769,123.2916326716947,127.66085225567952,137564700,38.0,-0.0513,0.7964,-0.8399,8.0,18.0,15.0,-3.5385666874416466,4.661152235512986,124.65398406982422
2021-05-05,124.65398406982422,126.9407577416854,124.5274764521898,125.7243840284682,84000900,38.0,-0.0513,0.7964,-0.8399,8.0,18.0,15.0,0.19555081423598963,2.4132812894956004,126.24988555908205
2021-05-06,126.24988555908205,126.25961120491856,123.71008883004946,124.44964624226807,78128300,38.0,-0.0513,0.7964,-0.8399,8.0,18.0,15.0,1.280265128440572,2.549522374869099,126.92243194580078
2021-05-07,126.92243194580078,127.94590938474946,126.2108524591679,127.54627247102638,78973300,38.0,-0.0513,0.7964,-0.8399,8.0,18.0,15.0,0.5327104921643677,1.73505692558156,123.64727783203124
2021-05-10,123.64727783203124,126.26935540308769,123.60828686336556,126.14264776926623,88071200,114.0,-0.15389999999999998,0.7964,-0.8399,24.0,54.0,45.0,-2.5804375661255263,2.661068539722123,122.73101806640624
2021-05-11,122.73101806640624,123.08192191649415,119.67029018955704,120.38186236478138,126142800,38.0,-0.0513,0.7964,-0.8399,8.0,18.0,15.0,-0.7410270421559062,3.4116317269371166,119.67030334472656
2021-05-12,119.67030334472656,121.49309231644544,119.16343556175418,120.284401882613,112172300,38.0,-0.0513,0.7964,-0.8399,8.0,18.0,15.0,-2.4938395932017854,2.329656754691257,121.8147430419922
2021-05-13,121.8147430419922,122.96495055227784,121.12267010296466,121.4345904055794,105861300,38.0,-0.0513,0.7964,-0.8399,8.0,18.0,15.0,1.7919564314032854,1.8422804493131792,124.23212432861328
2021-05-14,124.23212432861328,124.66101753625983,122.67252280548946,123.06242504546208,81918000,38.0,-0.0513,0.7964,-0.8399,8.0,18.0,15.0,1.984473493317429,1.9884947307703698,123.0819320678711
2021-05-17,123.0819320678711,123.72527195908786,122.00970635261076,123.61804864388507,74244600,114.0,-0.15389999999999998,0.7964,-0.8399,24.0,54.0,45.0,-0.9258412564046248,1.7155656064770994,121.69776916503906
2021-05-18,121.69776916503906,123.78373756646234,121.62953683178752,123.36459396598384,63342900,38.0,-0.0513,0.7964,-0.8399,8.0,18.0,15.0,-1.1245865900681218,2.1542007346748164,121.54181671142578
2021-05-19,121.54181671142578,121.76600548369002,119.75801895076616,120.050447495282,92612000,38.0,-0.0513,0.7964,-0.8399,8.0,18.0,15.0,-0.12814733966223235,2.0079865329238658,124.09564971923828
2021-05-20,124.09564971923828,124.49530152830624,121.94144912599474,122.06817161997536,76857100,38.0,-0.0513,0.7964,-0.8399,8.0,18.0,15.0,2.101197001091415,2.553852402311506,122.26312255859376
2021-05-21,122.26312255859376,124.76823446881733,122.04867596571786,124.5927788416249,79295400,38.0,-0.0513,0.7964,-0.8399,8.0,18.0,15.0,-1.476705400060796,2.7195585030994636,123.89097595214844
2021-05-24,123.89097595214844,124.70977148763244,122.76026751533502,122.82849985689472,63092900,114.0,-0.15389999999999998,0.7964,-0.8399,24.0,54.0,45.0,1.3314344992084948,1.9495039722974212,123.69603729248048
2021-05-25,123.69603729248048,125.08019086281092,123.13067931563904,124.59280739844196,72009500,38.0,-0.0513,0.7964,-0.8399,8.0,18.0,15.0,-0.15734694005740124,1.9495115471718805,123.64727783203124
2021-05-26,123.64727783203124,124.17364475386752,123.22813421483384,123.75450113667011,56575900,38.0,-0.0513,0.7964,-0.8399,8.0,18.0,15.0,-0.039418773241661764,0.9455105390336769,122.1169204711914
2021-05-27,122.1169204711914,124.41733561849657,121.92197306010468,123.24763627844212,94625600,38.0,-0.0513,0.7964,-0.8399,8.0,18.0,15.0,-1.237679783714074,2.4953625583918893,121.46382904052734
2021-05-28,121.46382904052734,122.6237861257757,121.40534630909178,122.3995899273286,71311100,38.0,-0.0513,0.7964,-0.8399,8.0,18.0,15.0,-0.5348083035046192,1.2184398166839117,121.14215850830078
2021-06-01,121.14215850830078,122.1851426884376,120.81074644955004,121.92196296159236,67637100,152.0,-0.2052,0.7964,-0.8399,32.0,72.0,60.0,-0.26482824950235795,1.374396238887556,121.90248107910156
2021-06-02,121.90248107910156,122.07793673418138,120.91798692698966,121.14217571934483,59278900,38.0,-0.0513,0.7964,-0.8399,8.0,18.0,15.0,0.6276283831847751,1.1599498071917225,120.42084503173828
2021-06-03,120.42084503173828,121.69776758173276,120.02119320163122,121.53206155124435,76229200,38.0,-0.0513,0.7964,-0.8399,8.0,18.0,15.0,-1.2154273106236957,1.6765743801015418,122.71151733398438
2021-06-04,122.71151733398438,122.97470451422886,120.72302254551224,120.93746915555828,75169300,38.0,-0.0513,0.7964,-0.8399,8.0,18.0,15.0,1.902222411445753,2.2516819687166247,122.72127532958984
2021-06-07,122.72127532958984,123.13066937489864,121.67829101219802,122.9844550910691,71057600,114.0,-0.15389999999999998,0.7964,-0.8399,24.0,54.0,45.0,0.007951980235820777,1.4523783627006281,123.54004669189452
2021-06-08,123.54004669189452,125.2166284911142,123.0234294041827,123.40358202860334,74403800,38.0,-0.0513,0.7964,-0.8399,8.0,18.0,15.0,0.6671796394762897,2.193199086931486,123.9202117919922
2021-06-09,123.9202117919922,124.524560673672,123.32561251203369,123.9981937322284,56877900,38.0,-0.0513,0.7964,-0.8399,8.0,18.0,15.0,0.3077262072320508,1.198948161638313,122.92595672607422
2021-06-10,122.92595672607422,124.953442364302,122.7602506959565,123.81297704481985,71186400,38.0,-0.0513,0.7964,-0.8399,8.0,18.0,15.0,-0.8023348665566421,2.1931916683455057,124.13465881347656
2021-06-11,124.13465881347656,124.22239035571975,122.91621888119516,123.33536251537063,53522400,38.0,-0.0513,0.7964,-0.8399,8.0,18.0,15.0,0.9832765345856087,1.3061714745245894,127.18560028076172
2021-06-14,127.18560028076172,127.24408300420586,123.8617007821636,124.59276457227712,96906500,114.0,-0.15389999999999998,0.7964,-0.8399,24.0,54.0,45.0,2.4577676343151333,3.382382222042267,126.36685943603516
2021-06-15,126.36685943603516,127.30262798000346,126.12317141530278,126.65928803562127,62746300,38.0,-0.0513,0.7964,-0.8399,8.0,18.0,15.0,-0.6437370605785531,1.1794565647006863,126.86395263671876
2021-06-16,126.86395263671876,127.58527439037437,125.2166344350542,127.07839924257492,91815000,38.0,-0.0513,0.7964,-0.8399,8.0,18.0,15.0,0.3933730749518416,2.3686399553201625,128.46255493164062
2021-06-17,128.46255493164062,129.20337594415264,126.37658632134162,126.52280804022224,96721700,38.0,-0.0513,0.7964,-0.8399,8.0,18.0,15.0,1.2600918241129744,2.8267896228110203,127.16613006591795
2021-06-18,127.16613006591795,128.1896075868194,126.95168347380675,127.40981802299594,108953300,38.0,-0.0513,0.7964,-0.8399,8.0,18.0,15.0,-1.0091850239258737,1.2379241130126388,128.9596710205078
2021-06-21,128.9596710205078,129.066894317528,125.94769141357573,127.01016734634604,79663300,114.0,-0.15389999999999998,0.7964,-0.8399,24.0,54.0,45.0,1.410392023143392,3.119202903952285,130.59725952148438
2021-06-22,130.59725952148438,130.69474066397615,128.29684436989922,128.7939773736595,74783600,38.0,-0.0513,0.7964,-0.8399,8.0,18.0,15.0,1.2698454392894298,2.3978962940769293,130.3243408203125
2021-06-23,130.3243408203125,130.92869718078555,129.86620618552573,130.3925806003398,60214200,38.0,-0.0513,0.7964,-0.8399,8.0,18.0,15.0,-0.20897735693066188,1.0624909952598216,130.04164123535156
2021-06-24,130.04164123535156,131.24058178501798,129.57374966230876,131.0553765632134,68711000,38.0,-0.0513,0.7964,-0.8399,8.0,18.0,15.0,-0.21692001907051006,1.6668321227092235,129.7492218017578
2021-06-25,129.7492218017578,130.5095270692511,129.45679326652197,130.09039090512184,70783700,38.0,-0.0513,0.7964,-0.8399,8.0,18.0,15.0,-0.2248659973958067,1.0527338027291364,131.37704467773438
2021-06-28,131.37704467773438,131.83517920756188,129.9831567614525,130.04163948891443,62111300,114.0,-0.15389999999999998,0.7964,-0.8399,24.0,54.0,45.0,1.25459162943089,1.8520224461093733,132.88792419433594
2021-06-29,132.88792419433594,133.0438880631515,130.9579196567259,131.3965550234282,64556100,38.0,-0.0513,0.7964,-0.8399,8.0,18.0,15.0,1.150033112944282,2.0859684064256214,133.5020751953125
2021-06-30,133.5020751953125,133.94071073471778,132.43958393501555,132.73201258579877,63261400,38.0,-0.0513,0.7964,-0.8399,8.0,18.0,15.0,0.46215711826338435,1.5011267997022344,133.80418395996094
2021-07-01,133.80418395996094,133.86266668828733,132.33229922059724,133.15110203776288,52485800,38.0,-0.0513,0.7964,-0.8399,8.0,18.0,15.0,0.22629518245798064,1.5303674676900982,136.42630004882812
2021-07-02,136.42630004882812,136.4652835854969,134.27209152787285,134.41829838230024,78852600,38.0,-0.0513,0.7964,-0.8399,8.0,18.0,15.0,1.9596667393090073,2.19319205762406,138.43423461914062
2021-07-06,138.43423461914062,139.53569387856405,136.53347186094717,136.53347186094717,108181800,152.0,-0.2052,0.7964,-0.8399,32.0,72.0,60.0,1.4718090057370459,3.002222017616873,140.91990661621094
2021-07-07,140.91990661621094,141.2318195282519,139.0581266890823,139.91589835234652,104911600,38.0,-0.0513,0.7964,-0.8399,8.0,18.0,15.0,1.795561628168696,2.173692839169604,139.62347412109375
2021-07-08,139.62347412109375,140.42276298269945,137.11835448019005,138.0053823208354,105575500,38.0,-0.0513,0.7964,-0.8399,8.0,18.0,15.0,-0.9199782530710632,3.3044085025094034,141.44622802734375
2021-07-09,141.44622802734375,141.97258743167365,139.04833216120844,139.1458132863032,99890800,38.0,-0.0513,0.7964,-0.8399,8.0,18.0,15.0,1.3054781208703847,2.92425527046521,140.85165405273438
2021-07-12,140.85165405273438,142.62570970674338,140.364278087154,142.51848639937432,76299700,114.0,-0.15389999999999998,0.7964,-0.8399,24.0,54.0,45.0,-0.4203533617696986,2.2614316195893878,141.96287536621094
2021-07-13,141.96287536621094,143.7369310790402,140.00362927408963,140.39352411006757,100827100,38.0,-0.0513,0.7964,-0.8399,8.0,18.0,15.0,0.7889302549904942,3.733301804950571,145.38424682617188
2021-07-14,145.38424682617188,145.79365573228569,143.95136027537654,144.36076918149035,127050800,38.0,-0.0513,0.7964,-0.8399,8.0,18.0,15.0,2.410046606294136,1.8422954569091416,144.7311553955078
2021-07-15,144.7311553955078,146.21278242197317,143.37625087333885,145.47197634550716,106820300,38.0,-0.0513,0.7964,-0.8399,8.0,18.0,15.0,-0.44921746676235275,2.8365315486343263,142.6938934326172
2021-07-16,142.6938934326172,145.97880173322068,142.19677544564345,144.71163648718607,93251400,38.0,-0.0513,0.7964,-0.8399,8.0,18.0,15.0,-1.4076181160327161,3.7820262875772244,138.85342407226562
2021-07-19,138.85342407226562,140.43253247911716,138.09311867670348,140.12060468938105,121434600,114.0,-0.15389999999999998,0.7964,-0.8399,24.0,54.0,45.0,-2.691404143489229,2.3394138024136737,142.4600067138672
2021-07-20,142.4600067138672,143.38603306380864,139.35056015600642,139.83793618290784,96350000,38.0,-0.0513,0.7964,-0.8399,8.0,18.0,15.0,2.597402740118615,4.035472907802216,141.72894287109375
2021-07-21,141.72894287109375,142.4405225803077,140.97839449756518,141.8556653977963,74993500,38.0,-0.0513,0.7964,-0.8399,8.0,18.0,15.0,-0.5131712819877898,1.4621280827425096,143.09359741210938
2021-07-22,143.09359741210938,144.4582442706814,142.12858757198936,142.2553100922622,77338200,38.0,-0.0513,0.7964,-0.8399,8.0,18.0,15.0,0.9628622872441817,2.329656698692048,144.80914306640625
2021-07-23,144.80914306640625,144.9651069434816,143.2105505102186,143.82464898024415,71447400,38.0,-0.0513,0.7964,-0.8399,8.0,18.0,15.0,1.198897564477397,1.7545564332629908,145.228271484375
2021-07-26,145.228271484375,146.04705940106285,143.97083337261068,144.52644902049065,72434100,114.0,-0.15389999999999998,0.7964,-0.8399,24.0,54.0,45.0,0.2894350516089661,2.0762260284521687,143.06436157226562
2021-07-27,143.06436157226562,145.44275893789174,141.87516288945258,145.35501995009983,104818600,38.0,-0.0513,0.7964,-0.8399,8.0,18.0,15.0,-1.4900059678409017,3.5675960484391567,141.31948852539062
2021-07-28,141.31948852539062,143.25924964240136,138.9410921453255,141.15378253150473,118931200,38.0,-0.0513,0.7964,-0.8399,8.0,18.0,15.0,-1.2196420042692613,4.318157497075845,141.96287536621094
2021-07-29,141.96287536621094,142.84990322262558,140.92964066468824,141.03686397561236,56699500,38.0,-0.0513,0.7964,-0.8399,8.0,18.0,15.0,0.455271136015134,1.920262557937349,142.1772918701172
2021-07-30,142.1772918701172,142.635426385787,140.4714762953773,140.73466343435456,70440600,38.0,-0.0513,0.7964,-0.8399,8.0,18.0,15.0,0.15103702524561502,2.1639500904097133,141.8458709716797
2021-08-02,141.8458709716797,143.23975875771586,141.58268384916155,142.6646588267022,62880000,114.0,-0.15389999999999998,0.7964,-0.8399,24.0,54.0,45.0,-0.23310396061014815,1.657074908554307,143.63943481445312
2021-08-03,143.63943481445312,144.30225894055675,141.51446802349406,142.12856645538005,64786600,38.0,-0.0513,0.7964,-0.8399,8.0,18.0,15.0,1.2644455777859998,2.7877909170626936,143.23977661132812
2021-08-04,143.23977661132812,144.05856456840556,142.5866946784069,143.55170433223327,56368300,38.0,-0.0513,0.7964,-0.8399,8.0,18.0,15.0,-0.2782371036486375,1.4718698899986578,143.3469696044922
2021-08-05,143.3469696044922,144.10727467156428,142.4794412652161,143.2689876907503,46397700,38.0,-0.0513,0.7964,-0.8399,8.0,18.0,15.0,0.0748346553589796,1.6278334063481736,142.66366577148438
2021-08-06,142.66366577148438,143.61059289976055,142.16580285802874,142.86867690985883,54126800,38.0,-0.0513,0.7964,-0.8399,8.0,18.0,15.0,-0.47667825479192905,1.4447900417318067,142.6148681640625
2021-08-09,142.6148681640625,143.21035833317768,142.05843483321482,142.72225212556916,48908700,114.0,-0.15389999999999998,0.7964,-0.8399,24.0,54.0,45.0,-0.034204649907176865,1.1519234999628623,142.1365203857422
2021-08-10,142.1365203857422,144.19632898598317,141.84365370926938,142.95653516321173,69023100,38.0,-0.0513,0.7964,-0.8399,8.0,18.0,15.0,-0.33541227817146524,2.3526752767137964,142.39031982421875
2021-08-11,142.39031982421875,143.22986295766566,142.0681679932176,142.57580253562702,48493500,38.0,-0.0513,0.7964,-0.8399,8.0,18.0,15.0,0.1785603290328064,1.1616949644480599,145.34823608398438
2021-08-12,145.34823608398438,145.5044336133679,142.37078584930737,142.71246608285676,72282600,38.0,-0.0513,0.7964,-0.8399,8.0,18.0,15.0,2.077329598962341,3.1336477640605267,145.55328369140625
2021-08-13,145.55328369140625,145.88519235268876,144.74302556240244,145.42637130499,59375000,38.0,-0.0513,0.7964,-0.8399,8.0,18.0,15.0,0.1410733373492068,1.1421667902863248,147.5251922607422
2021-08-16,147.5251922607422,147.59353426907154,142.9858112009547,145.0065628373872,103296000,114.0,-0.15389999999999998,0.7964,-0.8399,24.0,54.0,45.0,1.3547674908638063,4.607723068116826,146.61732482910156
2021-08-17,146.61732482910156,148.07187159409528,145.5434853619502,146.65636676617194,92229700,38.0,-0.0513,0.7964,-0.8399,8.0,18.0,15.0,-0.6153982365506905,2.5283862321450954,142.87847900390625
2021-08-18,142.87847900390625,147.13476660342323,142.6734678004844,146.23665278463994,86326000,38.0,-0.0513,0.7964,-0.8399,8.0,18.0,15.0,-2.5500709616365858,4.461298802938842,143.21035766601562
2021-08-19,143.21035766601562,144.4794367790495,141.06269334170713,141.5800847276963,86960300,38.0,-0.0513,0.7964,-0.8399,8.0,18.0,15.0,0.2322803716998667,3.416743437342376,144.66494750976562
2021-08-20,144.66494750976562,144.96757103229274,143.2884841694112,143.93278806010758,60549600,38.0,-0.0513,0.7964,-0.8399,8.0,18.0,15.0,1.0157015647864531,1.6790868628815474,146.1487274169922
2021-08-23,146.1487274169922,146.61730507779947,144.3720141553827,144.78202147056598,60131800,114.0,-0.15389999999999998,0.7964,-0.8399,24.0,54.0,45.0,1.0256665023338885,2.2452909224167854,146.06088256835938
2021-08-24,146.06088256835938,147.27139120779157,145.60206158624177,145.89492826143862,48606400,38.0,-0.0513,0.7964,-0.8399,8.0,18.0,15.0,-0.06010647522244339,1.6693296215497924,144.83087158203125
2021-08-25,144.83087158203125,146.74425443123712,144.28419502392072,146.24637657624294,58991300,38.0,-0.0513,0.7964,-0.8399,8.0,18.0,15.0,-0.842122110108745,2.4600594073164075,144.03033447265625
2021-08-26,144.03033447265625,145.57275146160703,144.00104929973693,144.82107882892396,48597200,38.0,-0.0513,0.7964,-0.8399,8.0,18.0,15.0,-0.5527392748731597,1.5717021618700926,145.06517028808594
2021-08-27,145.06517028808594,145.2115961914639,143.33727014912955,143.97180225819312,55802400,38.0,-0.0513,0.7964,-0.8399,8.0,18.0,15.0,0.7184846297959124,1.87432604233436,149.47764587402344
2021-08-30,149.47764587402344,149.83885461039787,145.07493307828,145.45565533870288,90956700,114.0,-0.15389999999999998,0.7964,-0.8399,24.0,54.0,45.0,3.0417195093589644,4.763921532117877,148.21836853027344
2021-08-31,148.21836853027344,149.1652959930352,147.69120535728086,149.02862681778208,86453100,38.0,-0.0513,0.7964,-0.8399,8.0,18.0,15.0,-0.8424519508497541,1.4740906357543224,148.88217163085938
2021-09-01,148.88217163085938,151.29341783710504,148.71621728375123,149.19456679893693,80313700,38.0,-0.0513,0.7964,-0.8399,8.0,18.0,15.0,0.4478548152757167,2.577200553353805,149.99502563476562
2021-09-02,149.99502563476562,151.0395800272227,148.77476016459727,150.20979354918074,71115500,38.0,-0.0513,0.7964,-0.8399,8.0,18.0,15.0,0.7474729792801948,2.264819862625444,150.62953186035156
2021-09-03,150.62953186035156,150.95168364480844,149.44830865067632,150.1023689782168,57808700,38.0,-0.0513,0.7964,-0.8399,8.0,18.0,15.0,0.42301817870342706,1.5033749941321162,152.96270751953125
2021-09-07,152.96270751953125,153.51914078415754,150.71741625258127,151.2836211735212,82278300,152.0,-0.2052,0.7964,-0.8399,32.0,72.0,60.0,1.5489496849414364,2.8017245315762693,151.42031860351562
2021-09-08,151.42031860351562,153.30440154284446,150.31719373274197,153.24583117728486,74420200,38.0,-0.0513,0.7964,-0.8399,8.0,18.0,15.0,-1.0083431059944359,2.9872078101024897,150.40504455566406
2021-09-09,150.40504455566406,152.39651120399355,150.28788894400816,151.79126431107525,57305700,38.0,-0.0513,0.7964,-0.8399,8.0,18.0,15.0,-0.6705005360013727,2.1086222599853954,145.42637634277344
2021-09-10,145.42637634277344,151.78151431271888,145.1627947987088,151.31293648668662,140893200,38.0,-0.0513,0.7964,-0.8399,8.0,18.0,15.0,-3.3101736897182654,6.618719514010081,145.9925537109375
2021-09-13,145.9925537109375,147.81806596111582,145.21158088499752,147.04686479158386,102404300,114.0,-0.15389999999999998,0.7964,-0.8399,24.0,54.0,45.0,0.3893223378058863,2.606485076118304,144.59658813476562
2021-09-14,144.59658813476562,147.47642687466802,143.4153793726529,146.77355269563384,109296300,38.0,-0.0513,0.7964,-0.8399,8.0,18.0,15.0,-0.9561895731585501,4.061047502015128,145.48492431640625
2021-09-15,145.48492431640625,145.8851749521173,142.88819590848047,145.02610332343372,83281300,38.0,-0.0513,0.7964,-0.8399,8.0,18.0,15.0,0.6143548704017121,2.996979043636827,145.25062561035156
2021-09-16,145.25062561035156,145.42635157507345,143.71798000246844,144.90896023332135,68034100,38.0,-0.0513,0.7964,-0.8399,8.0,18.0,15.0,-0.16104672505112827,1.7083715726050173,142.58555603027344
2021-09-17,142.58555603027344,145.27991132028194,142.29268938190515,145.27991132028194,129868800,38.0,-0.0513,0.7964,-0.8399,8.0,18.0,15.0,-1.8348076429133053,2.9872219383767913,139.53976440429688
2021-09-20,139.53976440429688,141.39456149508126,137.9094919328398,140.3793074328847,123478900,114.0,-0.15389999999999998,0.7964,-0.8399,24.0,54.0,45.0,-2.136115123280713,3.485069562241449,140.0181427001953
2021-09-21,140.0181427001953,141.16032435989862,139.38361057442205,140.50624891873463,75834000,38.0,-0.0513,0.7964,-0.8399,8.0,18.0,15.0,0.34282578728770385,1.7767137854765735,142.38058471679688
2021-09-22,142.38058471679688,142.94677480134484,140.28171911608493,141.01387841720836,76404300,38.0,-0.0513,0.7964,-0.8399,8.0,18.0,15.0,1.6872399326564258,2.665055685259915,143.33724975585938
2021-09-23,143.33724975585938,143.5813028239796,142.17555476827644,143.1615238009879,64838200,38.0,-0.0513,0.7964,-0.8399,8.0,18.0,15.0,0.6719069464178329,1.4057480557031568,143.42510986328125
2021-09-24,143.42510986328125,143.96202960944674,142.09746053449825,142.1950877231893,53477900,38.0,-0.0513,0.7964,-0.8399,8.0,18.0,15.0,0.06129607451763608,1.8645690749484913,141.91197204589844
2021-09-27,141.91197204589844,142.48794860245857,140.39885495340664,142.00959923062172,74150700,114.0,-0.15389999999999998,0.7964,-0.8399,24.0,54.0,45.0,-1.0550020277657057,2.0890936490519323,138.53431701660156
2021-09-28,138.53431701660156,141.3067568929059,138.31954907870838,139.8424381686271,108972300,38.0,-0.0513,0.7964,-0.8399,8.0,18.0,15.0,-2.380105765991647,2.987207814197518,139.4324188232422
2021-09-29,139.4324188232422,141.013878143942,138.65144592439347,139.08098176355122,74602000,38.0,-0.0513,0.7964,-0.8399,8.0,18.0,15.0,0.6482883273846163,2.3624322195485377,138.134033203125
2021-09-30,138.134033203125,140.94552924628812,137.91926531672686,140.24265523549735,89056700,38.0,-0.0513,0.7964,-0.8399,8.0,18.0,15.0,-0.9311934993849191,3.026263929561253,139.2567138671875
2021-10-01,139.2567138671875,139.52029542569983,135.80092800506898,138.5245544569587,94639600,38.0,-0.0513,0.7964,-0.8399,8.0,18.0,15.0,0.812747328105301,3.719367420630846,135.83018493652344
2021-10-04,135.83018493652344,138.82716398233575,134.9808849639791,138.3878565109193,98322000,114.0,-0.15389999999999998,0.7964,-0.8399,24.0,54.0,45.0,-2.4605843664615157,3.846279018356654,137.75331115722656
2021-10-05,137.75331115722656,138.8564357660988,136.04493972017434,136.17185207930245,80861100,38.0,-0.0513,0.7964,-0.8399,8.0,18.0,15.0,1.4158312613664181,2.811496045924457,138.62216186523438
2021-10-06,138.62216186523438,138.76858776803195,135.07850605934124,136.15234566592073,83221100,38.0,-0.0513,0.7964,-0.8399,8.0,18.0,15.0,0.630729454492851,3.6900817086907125,139.88145446777344
2021-10-07,139.88145446777344,140.7893396562003,139.32502120039112,139.65692980871162,61732700,38.0,-0.0513,0.7964,-0.8399,8.0,18.0,15.0,0.908435264314611,1.4643184558091775,139.500732421875
2021-10-08,139.500732421875,140.7502829805711,139.16882381318146,140.60385709315267,58773200,38.0,-0.0513,0.7964,-0.8399,8.0,18.0,15.0,-0.27217478353154245,1.5814591673896246,139.4128875732422
2021-10-11,139.4128875732422,141.36531233280488,138.43667519346084,138.88573944232053,64452200,114.0,-0.15389999999999998,0.7964,-0.8399,24.0,54.0,45.0,-0.06297088703961506,2.9286371393440334,138.14381408691406
2021-10-12,138.14381408691406,139.84242905892054,137.68499305819657,139.82290063970592,73035900,38.0,-0.0513,0.7964,-0.8399,8.0,18.0,15.0,-0.9102985444307654,2.157436000723976,137.55810546875
2021-10-13,137.55810546875,138.03644005527403,135.88877555756454,137.8802573777795,78762700,38.0,-0.0513,0.7964,-0.8399,8.0,18.0,15.0,-0.42398468728795935,2.147664497709485,140.3402557373047
2021-10-14,140.3402557373047,140.45741132647578,138.14377836199483,138.72951162040368,69907100,38.0,-0.0513,0.7964,-0.8399,8.0,18.0,15.0,2.022527323325729,2.313632964480945,141.3946075439453
2021-10-15,141.3946075439453,141.45317790755652,140.09624319922384,140.35006796929892,67940300,38.0,-0.0513,0.7964,-0.8399,8.0,18.0,15.0,0.7512825176934301,1.3569347083326875,143.06393432617188
2021-10-18,143.06393432617188,143.347029376178,139.75457479053856,140.03766984054468,85589200,114.0,-0.15389999999999998,0.7964,-0.8399,24.0,54.0,45.0,1.180615591515921,3.5924545856394445,145.22137451171875
2021-10-19,145.22137451171875,145.62162523479623,143.06395310397025,143.5130025382052,76378900,38.0,-0.0513,0.7964,-0.8399,8.0,18.0,15.0,1.5080252026538954,2.5576721308259778,145.7094268798828
2021-10-20,145.7094268798828,146.1877762179813,144.5965455732881,145.1627504339508,58418800,38.0,-0.0513,0.7964,-0.8399,8.0,18.0,15.0,0.3360747478152293,1.591230644693212,145.9241943359375
2021-10-21,145.9241943359375,146.08039186170322,144.35249211048287,145.2701339545865,61421000,38.0,-0.0513,0.7964,-0.8399,8.0,18.0,15.0,0.1473943454816551,1.727899751220349,145.15298461914062
2021-10-22,145.15298461914062,146.60753116579318,145.10417103326708,146.1291967533515,58883400,38.0,-0.0513,0.7964,-0.8399,8.0,18.0,15.0,-0.5285002396665295,1.5033601325260975,145.10421752929688
2021-10-25,145.10421752929688,145.8168484447923,144.1084766625064,145.14325947301697,50720600,114.0,-0.15389999999999998,0.7964,-0.8399,24.0,54.0,45.0,-0.03359702866028158,1.7083717822858944,145.7680206298828
2021-10-26,145.7680206298828,147.25185252804923,145.4653823192533,145.77777738990952,60893400,38.0,-0.0513,0.7964,-0.8399,8.0,18.0,15.0,0.45746644162973915,1.7864702087959188,145.30918884277344
2021-10-27,145.30918884277344,146.168245431377,144.95775186240334,145.80705169170784,56094900,38.0,-0.0513,0.7964,-0.8399,8.0,18.0,15.0,-0.31476848291326354,1.2104935689736465,148.94073486328125
2021-10-28,148.94073486328125,149.5264533730465,146.15852353048365,146.25615073002083,100077900,38.0,-0.0513,0.7964,-0.8399,8.0,18.0,15.0,2.499185391804226,3.3679298425628588,146.2366180419922
2021-10-29,146.2366180419922,146.373287179863,142.92725865743117,143.7179883048137,124953200,38.0,-0.0513,0.7964,-0.8399,8.0,18.0,15.0,-1.8155656501703699,3.4460285224318454,145.41661071777344
2021-11-01,145.41661071777344,146.13899838558393,144.2842007193759,145.44589589912687,74588300,114.0,-0.15389999999999998,0.7964,-0.8399,24.0,54.0,45.0,-0.5607400767318693,1.854797666208043,146.45135498046875
2021-11-02,146.45135498046875,147.96448683414823,145.11393416867705,145.12370582377017,69122000,38.0,-0.0513,0.7964,-0.8399,8.0,18.0,15.0,0.71157225958427,2.8505526654711844,147.8864288330078
2021-11-03,147.8864288330078,148.35500663634056,146.25615583539988,146.8125891838913,54511500,38.0,-0.0513,0.7964,-0.8399,8.0,18.0,15.0,0.9798979686671094,2.0988508009406814,147.3690185546875
2021-11-04,147.3690185546875,148.80403696262286,147.0566234619275,147.97426542713765,60394600,38.0,-0.0513,0.7964,-0.8399,8.0,18.0,15.0,-0.34987002012508706,1.7474135006953588,147.89694213867188
2021-11-05,147.89694213867188,148.79636649786093,146.70422366033108,148.49330137784227,65463900,38.0,-0.0513,0.7964,-0.8399,8.0,18.0,15.0,0.3582324081153221,2.092142837529849,147.07574462890625
2021-11-08,147.07574462890625,148.18047945260236,146.80200740282297,148.02405391839477,55020900,114.0,-0.15389999999999998,0.7964,-0.8399,24.0,54.0,45.0,-0.5552498232151759,1.3784720497793899,147.4374542236328
2021-11-09,147.4374542236328,148.0435844748696,146.70422637098488,146.8410949734435,56787900,38.0,-0.0513,0.7964,-0.8399,8.0,18.0,15.0,0.24593422636696172,1.339358103884706,144.61212158203125
2021-11-10,144.61212158203125,146.77270678727066,144.54369472155943,146.66516607718975,65187100,38.0,-0.0513,0.7964,-0.8399,8.0,18.0,15.0,-1.9162923400156573,2.229012065711231,144.56320190429688
2021-11-11,144.56320190429688,146.0883134852804,144.37744845730748,145.62883774477925,41000000,38.0,-0.0513,0.7964,-0.8399,8.0,18.0,15.0,-0.033828200014773824,1.7108650279729147,146.63577270507812
2021-11-12,146.63577270507812,147.03659252052734,144.18189439318962,145.11064651980587,63804000,38.0,-0.0513,0.7964,-0.8399,8.0,18.0,15.0,1.433677985462256,2.8546981273377128,146.64559936523438
2021-11-15,146.64559936523438,148.4835623175651,146.08833892721682,147.00732040338218,59222800,114.0,-0.15389999999999998,0.7964,-0.8399,24.0,54.0,45.0,0.006701407149822813,2.3952233903482636,147.62318420410156
2021-11-16,147.62318420410156,148.1022316953491,146.00030323462437,146.58689139053743,59256200,38.0,-0.0513,0.7964,-0.8399,8.0,18.0,15.0,0.666630872729046,2.1019284607247357,150.05755615234375
2021-11-17,150.05755615234375,151.53378312081145,147.61346287620162,147.62323387898405,88807000,38.0,-0.0513,0.7964,-0.8399,8.0,18.0,15.0,1.6490444650458569,3.920320244609826,154.33958435058594
2021-11-18,154.33958435058594,155.12169711619316,149.62738067059388,150.27262482103686,137827700,38.0,-0.0513,0.7964,-0.8399,8.0,18.0,15.0,2.853590520889804,5.4943164455992815,156.9596405029297
2021-11-19,156.9596405029297,157.41913113659675,153.02953515610952,154.12448394226502,117305600,38.0,-0.0513,0.7964,-0.8399,8.0,18.0,15.0,1.697591815714783,4.389595980487229,157.41909790039062
2021-11-22,157.41909790039062,161.99443143444842,157.39954098546454,158.064326917399,117467900,114.0,-0.15389999999999998,0.7964,-0.8399,24.0,54.0,45.0,0.29272327331328896,4.594890448983875,157.80043029785156
2021-11-23,157.80043029785156,158.18170822428823,155.50297681960475,157.5169071447605,96041900,38.0,-0.0513,0.7964,-0.8399,8.0,18.0,15.0,0.2422402380314992,2.678731404683475,158.31858825683594
2021-11-24,158.31858825683594,158.5141127351861,156.07001946190547,157.15519747194452,69463600,38.0,-0.0513,0.7964,-0.8399,8.0,18.0,15.0,0.3283628301940178,2.444093273280629,153.30328369140625
2021-11-26,153.30328369140625,156.8618824271744,152.8633499442556,156.00157185337474,76959800,76.0,-0.1026,0.7964,-0.8399,16.0,36.0,30.0,-3.167855790435359,3.9985324829188187,156.6565399169922
2021-11-29,156.6565399169922,157.5852919747901,155.23895449884512,155.80598568259293,88748200,114.0,-0.15389999999999998,0.7964,-0.8399,24.0,54.0,45.0,2.1873348990592456,2.3463374759449778,161.60342407226562
2021-11-30,161.60342407226562,161.8185054389282,156.34373142534065,156.41217318635103,174048100,38.0,-0.0513,0.7964,-0.8399,8.0,18.0,15.0,3.1577897468529903,5.474774013587563,161.0852813720703
2021-12-01,161.0852813720703,166.49161375206606,160.8506430799377,163.73466976035556,152052500,38.0,-0.0513,0.7964,-0.8399,8.0,18.0,15.0,-0.3206260654252002,5.640970672128361,160.0978546142578
2021-12-02,160.0978546142578,160.52801734787488,154.27114554315142,155.1901268526862,136739200,38.0,-0.0513,0.7964,-0.8399,8.0,18.0,15.0,-0.6129838489289163,6.25687180472346,158.2207794189453
2021-12-03,158.2207794189453,161.27101721338744,156.14819360952984,160.35203598315746,118023100,38.0,-0.0513,0.7964,-0.8399,8.0,18.0,15.0,-1.1724549337873147,5.122823603857597,161.62295532226562
2021-12-06,161.62295532226562,164.12570364495514,160.60620449270007,160.61597549233863,107497000,114.0,-0.15389999999999998,0.7964,-0.8399,24.0,54.0,45.0,2.1502712322708506,3.519499152255065,167.35189819335938
2021-12-07,167.35189819335938,167.74296195252498,164.5754126322905,165.29886939857903,120405400,38.0,-0.0513,0.7964,-0.8399,8.0,18.0,15.0,3.5446343990373164,3.1675493202344853,171.1647186279297
2021-12-08,171.1647186279297,172.02504411674911,166.882663021836,168.28069194116756,116998900,38.0,-0.0513,0.7964,-0.8399,8.0,18.0,15.0,2.278325179296714,5.142381094913105,170.6562957763672
2021-12-09,170.6562957763672,172.79732298545696,170.0306087537727,170.9984746601922,108923700,38.0,-0.0513,0.7964,-0.8399,8.0,18.0,15.0,-0.29703717894555837,2.7667142316842614,175.43698120117188
2021-12-10,175.43698120117188,175.61296364291238,170.78343380069845,171.29180928871014,115402700,38.0,-0.0513,0.7964,-0.8399,8.0,18.0,15.0,2.8013530957389454,4.82952984221393,171.80990600585938
2021-12-13,171.80990600585938,178.0570049030749,171.60459570289865,177.06958213379667,153237000,114.0,-0.15389999999999998,0.7964,-0.8399,24.0,54.0,45.0,-2.0674518966747213,6.452409200176248,170.43145751953125
2021-12-14,170.43145751953125,173.76520322122326,168.35887188331523,171.3308817563336,139380400,38.0,-0.0513,0.7964,-0.8399,8.0,18.0,15.0,-0.8023102499579493,5.4063313379080284,175.29034423828125
2021-12-15,175.29034423828125,175.4858686850592,168.45665517933287,171.19404218690133,131063300,38.0,-0.0513,0.7964,-0.8399,8.0,18.0,15.0,2.8509330316518477,7.029213505726318,168.40774536132812
2021-12-16,168.40774536132812,177.08916675225177,166.9315188519041,175.27076132354634,150185800,38.0,-0.0513,0.7964,-0.8399,8.0,18.0,15.0,-3.9263993158671906,10.157647900347683,167.3128204345703
2021-12-17,167.3128204345703,169.59071677301714,165.89524955752734,166.12987292514003,195432700,38.0,-0.0513,0.7964,-0.8399,8.0,18.0,15.0,-0.6501630458911389,3.695467215489799,165.95387268066406
2021-12-20,165.95387268066406,166.76531314131543,163.7150906232475,164.51674516713837,107499100,114.0,-0.15389999999999998,0.7964,-0.8399,24.0,54.0,45.0,-0.8122197392743669,3.050222518067926,169.1214141845703
2021-12-21,169.1214141845703,169.3267095815399,165.33794920445052,167.72338564818045,91185900,38.0,-0.0513,0.7964,-0.8399,8.0,18.0,15.0,1.9086879099238452,3.9887603770893634,171.712158203125
2021-12-22,171.712158203125,171.92723953166936,168.30019977990446,169.17029609354066,92135300,38.0,-0.0513,0.7964,-0.8399,8.0,18.0,15.0,1.5318840792847732,3.6270397517648973,172.33782958984375
2021-12-23,172.33782958984375,172.89508977696892,171.350421702329,171.91745288802375,68356600,38.0,-0.0513,0.7964,-0.8399,8.0,18.0,15.0,0.3643722106029479,1.5446680746399295,176.29733276367188
2021-12-27,176.29733276367188,176.38531653879255,173.11024059629176,173.12978260127787,74919600,152.0,-0.2052,0.7964,-0.8399,32.0,72.0,60.0,2.297524103240467,3.2750759425007914,175.28053283691406
2021-12-28,175.28053283691406,177.27492068975482,174.5375340801528,176.1310871789595,79144300,38.0,-0.0513,0.7964,-0.8399,8.0,18.0,15.0,-0.5767528701757785,2.7373866096020265,175.3685302734375
2021-12-29,175.3685302734375,176.59057652650236,174.1562550200767,175.31964543980357,62348900,38.0,-0.0513,0.7964,-0.8399,8.0,18.0,15.0,0.050203770549539506,2.434321506425647,174.2149658203125
2021-12-30,174.2149658203125,176.53197639110655,174.10742511941015,175.45656938208302,59773000,38.0,-0.0513,0.7964,-0.8399,8.0,18.0,15.0,-0.6577944465442798,2.4245512716964015,173.59902954101562
2021-12-31,173.59902954101562,175.2218958133562,173.29594950484335,174.1073900997929,64062300,38.0,-0.0513,0.7964,-0.8399,8.0,18.0,15.0,-0.35354957962231426,1.925946308512863,177.9397430419922
2022-01-03,177.9397430419922,178.79029755777358,173.73591497728762,173.8532266687499,104487900,153.0,0.096,0.7096,-0.9131,27.0,54.0,34.0,2.5004249807462298,5.054382580485964,175.68136596679688
2022-01-04,175.68136596679688,178.84891521802436,175.11433471652768,178.54585013474667,99310400,113.0,0.1041,0.7579,-0.6486,15.0,40.0,15.0,-1.2691808117663461,3.73458050149668,171.00830078125
2022-01-05,171.00830078125,176.1408961877194,170.73456355297645,175.59342173117227,94537600,87.0,0.0803,0.765,-0.8126,15.0,35.0,18.0,-2.6599663315630573,5.406332634742938,168.1536102294922
2022-01-06,168.1536102294922,171.37981619996555,167.80166021603034,168.83795333412328,96904000,119.0,0.088,0.836,-0.7506,23.0,51.0,24.0,-1.6693286458705159,3.578155983935204,168.31976318359375
2022-01-07,168.31976318359375,170.2457092977057,167.2052575825263,169.0236630282213,86709100,98.0,0.0608,0.765,-0.7965,23.0,35.0,22.0,0.09881022112745441,3.0404517151794153,168.33932495117188
2022-01-10,168.33932495117188,168.64239004792708,164.40921985835627,165.2988731483881,106765600,206.0,0.1147,0.8555,-0.8074,48.0,71.0,50.0,0.011621788914228937,4.233170189570814,171.1647186279297
2022-01-11,171.1647186279297,171.26247339503044,166.9999896269401,168.46644539148625,76138300,94.0,0.0752,0.7579,-0.7425,13.0,40.0,17.0,1.678391948867164,4.262483768090334,171.60464477539062
2022-01-12,171.60464477539062,173.21774007794218,170.91053076473975,172.18144710369126,74805200,99.0,0.1032,0.8126,-0.6486,17.0,36.0,15.0,0.2570191748553219,2.307209313202435,168.33932495117188
2022-01-13,168.33932495117188,172.6702498945838,167.94826118313495,171.8490383580425,84505800,99.0,0.1001,0.8519,-0.6361,18.0,37.0,16.0,-1.9028155260556345,4.721988711448859,169.1996612548828
2022-01-14,169.1996612548828,169.89377524696252,167.26392904254132,167.50833831927105,80440800,93.0,0.0983,0.7906,-0.7579,18.0,40.0,18.0,0.511072682488467,2.6298462044211988,166.00277709960938
2022-01-18,166.00277709960938,168.6814931182034,165.6214992398613,167.67452813175186,90956700,282.0,0.1922,0.91,-0.8271,55.0,93.0,56.0,-1.8894152219711802,3.0599938783421123,162.5126190185547
2022-01-19,162.5126190185547,167.25416515581253,162.22911080921511,166.1983152453234,94815000,104.0,0.0077,0.6908,-0.6908,16.0,51.0,30.0,-2.10246969480542,5.025054346597415,160.83102416992188
2022-01-20,160.83102416992188,165.8854046223724,160.5084022366735,163.24578825290368,91420500,119.0,0.1412,0.802,-0.4404,11.0,52.0,12.0,-1.0347472453451911,5.377002385698887,158.77804565429688
2022-01-21,158.77804565429688,162.6103813121943,158.67050497614542,160.74309086318223,122848900,107.0,0.1695,0.7184,-0.875,20.0,50.0,15.0,-1.2764816528532341,3.939876336048883,158.00570678710938
2022-01-24,158.00570678710938,158.67050778679211,151.24045969712583,156.44149634340394,162294600,164.0,0.2579,0.7456,-0.8225,30.0,68.0,31.0,-0.48642673740240117,7.430048089666286,156.20684814453125
2022-01-25,156.20684814453125,159.1202024043847,153.5085752311325,155.4247355135648,115798400,113.0,0.0672,0.7964,-0.6808,13.0,57.0,27.0,-1.1384770076702577,5.611627173252202,156.11888122558594
2022-01-26,156.11888122558594,160.71377291639465,154.29070450112417,159.84367643647036,108275300,36.0,0.0491,0.5719,-0.7063,10.0,17.0,12.0,-0.05631438057307481,6.423068415270478,155.6593780517578
2022-01-27,155.6593780517578,160.1760566161972,154.74039680395836,158.8171416631375,121954600,102.0,0.119,0.7003,-0.5719,14.0,42.0,14.0,-0.2943290204367788,5.435659812238839,166.52090454101562
2022-01-28,166.52090454101562,166.5404614570555,159.15929945417386,162.00422657695262,179935700,130.0,0.1329,0.7964,-0.6597,14.0,69.0,23.0,6.977752722130415,7.381162002881638,170.8714141845703
2022-01-31,170.8714141845703,171.0864955438015,165.71926239899202,166.35473547583268,115541600,153.0,0.3189,0.8316,-0.6597,30.0,72.0,33.0,2.61259068676456,5.367233144809489,170.7052001953125
2022-02-01,170.7052001953125,170.93005253238587,168.4566320719076,170.1186120178827,86213900,196.0,0.075,0.7717,-0.8173,18.0,79.0,28.0,-0.0972743100717044,2.4734204604782803,171.90771484375
2022-02-02,171.90771484375,171.94682868403083,169.4538509394799,170.84209391826516,84914300,115.0,0.1574,0.7845,-0.6486,20.0,40.0,12.0,0.7044393768096402,2.4929777445509274,169.03343200683594
2022-02-03,169.03343200683594,172.2987509371964,168.27087633720052,170.57810026310062,89418100,105.0,0.2143,0.743,-0.8481,18.0,45.0,8.0,-1.671991765771852,4.027874599995869,168.7495880126953
2022-02-04,168.7495880126953,170.4234840013588,167.07569202403184,168.05457472378333,82465400,92.0,0.1527,0.7474,-0.7579,9.0,50.0,14.0,-0.16792180740266005,3.347791977326949,168.03501892089844
2022-02-07,168.03501892089844,170.27665387927516,167.3400055860888,169.20967525085985,77251200,155.0,0.336,0.8074,-0.765,22.0,67.0,26.0,-0.42344938450641356,2.9366482931863516,171.13804626464844
2022-02-08,171.13804626464844,171.64706939744136,167.80983647215697,168.1035042386361,74829200,94.0,0.0665,0.6808,-0.8126,12.0,38.0,16.0,1.8466551577625223,3.8372329252843826,172.5574188232422
2022-02-09,172.5574188232422,172.9196005956565,171.20655609241282,172.33228001362485,71285000,84.0,0.1344,0.7184,-0.7003,15.0,36.0,14.0,0.8293728890645502,1.7130445032436796,168.48526000976562
2022-02-10,168.48526000976562,171.77430598076174,167.92730472233933,170.46260694632986,90865900,119.0,0.1575,0.8761,-0.5574,17.0,48.0,13.0,-2.359886257714505,3.8470012584224094,165.07876586914062
2022-02-11,165.07876586914062,169.42500712943504,164.49143031742815,168.6908451580762,98670700,98.0,0.0903,0.8481,-0.7964,16.0,43.0,15.0,-2.021835109152903,4.933576812006891,165.31370544433594
2022-02-14,165.31370544433594,165.99892030677,163.04269054419584,163.83558309476695,86185500,139.0,0.0761,0.765,-0.8885,21.0,55.0,33.0,0.14231968233973102,2.956229762574168,169.14111328125
2022-02-15,169.14111328125,169.29773807776493,166.654758116967,167.35955476472148,62527400,81.0,0.0534,0.7783,-0.7845,16.0,37.0,23.0,2.315239275912795,2.6429799607979305,168.90618896484375
2022-02-16,168.90618896484375,169.67949961629867,166.4589825612284,168.22097415914394,61177400,79.0,0.0461,0.6808,-0.8176,14.0,27.0,14.0,-0.13889249742350396,3.2205170550702746,165.31370544433594
2022-02-17,165.31370544433594,168.27971865617212,164.91235997613748,167.4182971510757,69589300,74.0,0.1186,0.7003,-0.8591,10.0,35.0,11.0,-2.126910530943038,3.3673586800346413,163.76705932617188
2022-02-18,163.76705932617188,166.93862933962222,162.68049906023276,166.23384762062662,82772700,85.0,0.1095,0.802,-0.7579,16.0,32.0,13.0,-0.9355825120530237,4.258130279389462,160.85000610351562
2022-02-22,160.85000610351562,163.16995323151656,158.72581758393332,161.49605730830203,91162800,172.0,0.24659999999999999,0.7783,-0.7845,32.0,52.0,31.0,-1.7812209822040015,4.444135647583238,156.6897430419922
2022-02-23,156.6897430419922,162.64133603328534,156.37649344425944,162.04421705709984,90009200,63.0,0.101,0.7906,-0.8316,11.0,23.0,9.0,-2.5864239376192977,6.264842589025903,159.30335998535156
2022-02-24,159.30335998535156,159.4110376690062,148.79015546543386,149.35790916683425,141147500,57.0,-0.1071,0.7351,-0.9231,16.0,17.0,22.0,1.668020441299034,10.620882203572336,161.36880493164062
2022-02-25,161.36880493164062,161.6330924831591,157.47284137265066,160.38012393186045,91974200,80.0,-0.0824,0.802,-0.9118,30.0,28.0,32.0,1.2965482626851044,4.160251110508426,161.63308715820312
2022-02-28,161.63308715820312,161.92675492011216,158.99989062280463,159.61659142915732,95056600,108.0,-0.21660000000000001,0.5267,-0.8402,30.0,54.0,42.0,0.1637752889565247,2.9268642973075316,159.7536163330078
2022-03-01,159.7536163330078,163.08182569745117,158.5495950755146,161.22194003999604,83474400,44.0,-0.1141,0.7096,-0.7579,9.0,10.0,14.0,-1.162800796693142,4.532230621936577,163.0426788330078
2022-03-02,163.0426788330078,163.82578787806702,159.50891214996344,160.91850544375748,79724800,78.0,-0.0834,0.7184,-0.8934,25.0,24.0,29.0,2.058834457395897,4.316875728103582,162.71966552734375
2022-03-03,162.71966552734375,165.34307890598984,162.0540324670775,164.91236813214016,76678400,82.0,0.0025,0.8625,-0.8126,20.0,26.0,22.0,-0.19811579886693798,3.289046438912351,159.7242889404297
2022-03-04,159.7242889404297,162.0540345545001,158.67689221468046,161.01642127862274,83737200,80.0,-0.0588,0.802,-0.8689,23.0,32.0,29.0,-1.8408202703751986,3.377142339819642,155.93600463867188
2022-03-07,155.93600463867188,161.53521443024337,155.68148559760553,159.91026569329455,96418800,129.0,-0.2425,0.824,-0.8625,36.0,45.0,44.0,-2.3717646995884745,5.853728832637842,154.1152801513672
2022-03-08,154.1152801513672,159.44040392728598,152.50991327214726,155.46614292973925,131148300,78.0,-0.0972,0.8126,-0.8625,17.0,25.0,26.0,-1.1676100664010147,6.930490655138726,159.5089569091797
2022-03-09,159.5089569091797,159.95924959082657,156.04371820337047,158.0699979293642,91454900,82.0,-0.0233,0.6124,-0.802,15.0,30.0,21.0,3.499767675544563,3.915531387456099,155.17250061035156
2022-03-10,155.17250061035156,157.00300660733848,152.6861300144377,156.81701649151432,105342000,72.0,-0.0134,0.7184,-0.9325,15.0,30.0,22.0,-2.7186287107984763,4.316876592900769,151.46250915527344
2022-03-11,151.46250915527344,155.91642822664025,151.2373703266691,155.57381332247203,96970100,62.0,0.0223,0.7184,-0.9022,12.0,26.0,13.0,-2.3908820444894174,4.679057899971156,147.43930053710938
2022-03-14,147.43930053710938,150.86538982544317,146.9302923114544,148.2517749321591,108732100,134.0,-0.1182,0.8658,-0.9022,34.0,63.0,50.0,-2.656240571083912,3.9350975139887794,151.81488037109375
2022-03-15,151.81488037109375,152.2847547162285,147.204352250739,147.7133603864597,92964300,86.0,0.0044,0.7506,-0.7351,14.0,27.0,19.0,2.967716082512939,5.080402465489499,156.21986389160156
2022-03-16,156.21986389160156,156.62120932527256,151.19820652447248,153.73350876565036,102300200,78.0,-0.069,0.802,-0.8885,23.0,26.0,30.0,2.901549248492863,5.423002800800077,157.22813415527344
2022-03-17,157.22813415527344,157.60011436017203,154.30128444798586,155.26058530967927,75615400,70.0,-0.0534,0.7184,-0.8074,13.0,19.0,19.0,0.645417451119723,3.2988299121861644,160.51718139648438
2022-03-18,160.51718139648438,161.00662274780382,156.38629519642316,157.1204572234023,123511700,24.0,-0.048,0.5719,-0.6486,3.0,8.0,7.0,2.0918948500417756,4.6203275513806545,161.88760375976562
2022-03-21,161.88760375976562,162.83712104497158,159.56764191840216,160.05708320205216,95811400,110.0,-0.1535,0.7184,-0.802,24.0,40.0,28.0,0.8537543154936378,3.269479126569422,165.2549285888672
2022-03-22,165.2549285888672,165.8422490479218,161.42749494397242,162.01481540302703,81532000,67.0,0.0517,0.7269,-0.8316,14.0,28.0,16.0,2.0800387125987196,4.414754103949377,166.61563110351562
2022-03-23,166.61563110351562,168.99430889731204,164.1096788423283,164.44251031244588,98062700,76.0,0.0404,0.7717,-0.7184,17.0,29.0,20.0,0.823396025926515,4.884630054983745,170.3941192626953
2022-03-24,170.3941192626953,170.46263328488442,166.61563143205333,167.4476727675763,90131400,80.0,0.0242,0.7579,-0.7184,9.0,34.0,19.0,2.26778732232642,3.8470018528310845,171.03038024902344
2022-03-25,171.03038024902344,171.57855215101324,169.1019802060181,170.20812239603873,80546200,79.0,0.0116,0.7184,-0.8356,11.0,31.0,19.0,0.37340548434492415,2.476571944995129,171.8917999267578
2022-03-28,171.8917999267578,172.0190445148475,168.36781639958284,168.53422465828777,90371900,145.0,-0.011799999999999998,0.8316,-0.9217,32.0,48.0,34.0,0.5036647152863338,3.651228115264672,175.18080139160156
2022-03-29,175.18080139160156,175.2297335624975,172.6161193391935,172.95873415482575,100589400,91.0,-0.0012,0.7506,-0.6705,13.0,25.0,20.0,1.9134138255839872,2.613614223304012,174.01597595214844
2022-03-30,174.01597595214844,175.81711647524634,172.96856432856262,174.77950323773482,92633200,91.0,-0.0012,0.7506,-0.6705,13.0,25.0,20.0,-0.664927566377127,2.8485521466837156,170.9226837158203
2022-03-31,170.9226837158203,174.2704602652505,170.71711180695456,174.08447018974397,103049300,91.0,-0.0012,0.7506,-0.6705,13.0,25.0,20.0,-1.7775909478441987,3.553348458295943,170.62901306152344
2022-04-01,170.62901306152344,171.18698327855927,168.30906622272897,170.35492714540266,78751300,81.0,0.0628,0.8625,-0.8481,17.0,26.0,16.0,-0.17181490947399958,2.877917055830295,174.67184448242188
2022-04-04,174.67184448242188,174.720791608407,170.75631338866327,170.88357292891146,76468400,147.0,0.10200000000000001,0.8402,-0.8658,27.0,49.0,27.0,2.369369281553957,3.9644782197437394,171.3632049560547
2022-04-05,171.3632049560547,174.53479031608524,170.73672061862993,173.7516811601631,73401800,89.0,0.0657,0.8555,-0.6908,7.0,29.0,10.0,-1.8942031190952169,3.798069697455304,168.20138549804688
2022-04-06,168.20138549804688,169.9633770244397,166.53728819844997,168.72019203962893,89058800,81.0,0.0835,0.7845,-0.7096,15.0,30.0,12.0,-1.8450982279531014,3.426088825989723,168.50485229492188
2022-04-07,168.50485229492188,169.69909027693134,166.26321768469555,167.5455515170426,77594700,78.0,0.0391,0.8591,-0.6908,7.0,29.0,16.0,0.18041872602678755,3.435872592235796,166.49815368652344
2022-04-08,166.49815368652344,168.15246782773184,165.62694868711696,168.15246782773184,76575500,98.0,0.0876,0.836,-0.7579,19.0,39.0,19.0,-1.1908847615178852,2.5255191406148754,162.24978637695312
2022-04-11,162.24978637695312,165.46052001953282,162.0050657338506,165.1472853633742,72246700,130.0,-0.12089999999999998,0.8316,-0.7845,21.0,41.0,29.0,-2.551600252318098,3.455454285682208,164.1194610595703
2022-04-12,164.1194610595703,166.28278325109693,163.1209966207163,164.47185939466212,79265200,113.0,0.077,0.836,-0.7269,19.0,40.0,18.0,1.1523433863101618,3.161786630380618,166.8015594482422
2022-04-13,166.8015594482422,167.4280436035417,163.24822639803168,163.85512872257044,70618900,95.0,0.1067,0.8442,-0.802,24.0,29.0,14.0,1.63423543518606,4.179817205510034,161.79949951171875
2022-04-14,161.79949951171875,167.65322825491936,161.55477886000992,167.01694559853848,75329400,62.0,0.0511,0.891,-0.6124,7.0,29.0,15.0,-2.998808855906143,6.098449394909437,161.5841522216797
2022-04-18,161.5841522216797,163.0818413516457,160.11582837374732,160.45842830966066,69023900,195.0,0.0754,0.8957,-0.8625,34.0,73.0,47.0,-0.13309515214134926,2.966012977898373,163.86495971679688
2022-04-19,163.86495971679688,164.27610359926777,160.44866861751814,161.53522902332887,67723800,93.0,0.0529,0.8313,-0.8481,16.0,34.0,20.0,1.411529202435724,3.827434981749633,163.69854736328125
2022-04-20,163.69854736328125,165.31371275678185,162.59242008519655,165.19623667762264,67929800,81.0,0.0881,0.8176,-0.6249,14.0,35.0,18.0,-0.10155456895923898,2.721292671585303,162.90565490722656
2022-04-21,162.90565490722656,167.90774603308134,162.4064301142371,165.34307817395856,87227800,106.0,0.0783,0.8402,-0.5773,13.0,47.0,24.0,-0.4843613268571634,5.501315918844227,158.3734130859375
2022-04-22,158.3734130859375,164.32502122927878,158.08954369720692,162.94480808191494,84882400,101.0,0.1291,0.802,-0.836,14.0,54.0,18.0,-2.782126761572601,6.2354775320718545,159.4404296875
2022-04-25,159.4404296875,159.72429911751857,155.11376965466397,157.71758646013552,96046400,149.0,0.034,0.8555,-0.9371,27.0,51.0,32.0,0.6737346760238738,4.6105294628546005,153.48880004882812
2022-04-26,153.48880004882812,158.91180327087787,153.4104876456948,158.82370741856425,95623200,92.0,0.028,0.8316,-0.8402,19.0,31.0,20.0,-3.7328233813324174,5.501315625183082,153.26364135742188
2022-04-27,153.26364135742188,156.4156292897006,152.09876878373368,152.61757531774515,88063200,91.0,0.1086,0.7579,-0.9371,18.0,29.0,12.0,-0.14669388993504562,4.316860505966929,160.18434143066406
2022-04-28,160.18434143066406,161.0457628626786,155.57379800357486,155.88704759214835,130216800,102.0,0.0132,0.7269,-0.8225,16.0,45.0,28.0,4.5155524245327205,5.4719648591037355,154.32089233398438
2022-04-29,154.32089233398438,162.69034461110863,153.9293451254628,158.42241431732143,131747600,102.0,0.0132,0.7269,-0.8225,16.0,45.0,28.0,-3.6604383701372534,8.76099948564584,154.62432861328125
2022-05-02,154.62432861328125,154.8886162063275,150.03336604127583,153.40072515321864,123055300,220.0,0.24670000000000003,0.8737,-0.8225,30.0,91.0,41.0,0.1966268304359975,4.855250165051672,156.11219787597656
2022-05-03,156.11219787597656,157.31623426694395,153.0189401124905,154.81028218380573,88966500,63.0,0.0541,0.6808,-0.6361,6.0,27.0,14.0,0.9622478403230383,4.2972941544534535,162.51409912109375
2022-05-04,162.51409912109375,162.964376768375,155.8968429541357,156.29818841895514,108256500,98.0,0.1139,0.91,-0.7579,19.0,41.0,19.0,4.100833459665454,7.067533814239283,153.45944213867188
2022-05-05,153.45944213867188,160.61507214954577,151.67786848905013,160.38993331507154,130525300,101.0,0.0698,0.8807,-0.743,16.0,41.0,21.0,-5.571613190111591,8.93720366049564,154.18487548828125
2022-05-06,154.18487548828125,156.3023722983105,151.14587460582203,152.93986371222095,116124600,89.0,0.0729,0.8847,-0.8316,20.0,36.0,18.0,0.47271991837025684,5.156497692488472,149.06761169433594
2022-05-09,149.06761169433594,152.76342612282588,148.5088364921623,151.88112823098254,131577900,143.0,0.1292,0.8689,-0.802,36.0,57.0,33.0,-3.318914243527249,4.254589630663588,151.4693603515625
2022-05-10,151.4693603515625,153.65548649022554,149.92045170349726,152.4594939260044,115366700,91.0,0.0666,0.7184,-0.7351,11.0,40.0,22.0,1.6111807453864424,3.735034786728278,143.6170196533203
2022-05-11,143.6170196533203,152.3908891933398,142.94059580220576,150.4792663261752,142689800,106.0,0.1057,0.8671,-0.8316,13.0,41.0,15.0,-5.184111611758835,9.45029339113404,139.75453186035156
2022-05-12,139.75453186035156,143.3228989996902,136.06853101088905,139.96040581157675,182602000,109.0,0.0659,0.7783,-0.7906,17.0,48.0,25.0,-2.6894359751319707,7.254367988801164,144.21498107910156
2022-05-13,144.21498107910156,145.18550397266762,140.29369821646105,141.74456868725608,113990900,86.0,0.097,0.8173,-0.8307,15.0,42.0,20.0,3.191631183171273,4.8918057562065655,142.67591857910156
2022-05-16,142.67591857910156,144.61696502202452,141.3426813570236,142.68573136301794,86643800,155.0,0.09330000000000001,0.7579,-0.7003,25.0,56.0,32.0,-1.0672001538840292,3.2742836650009224,146.3031005859375
2022-05-17,146.3031005859375,146.8226694807634,143.7934664467187,145.9305738468132,78336300,98.0,0.0621,0.8834,-0.8293,16.0,42.0,21.0,2.5422524298134963,3.0292030340447127,138.048828125
2022-05-18,138.048828125,144.46012170643934,137.14691952570857,143.96016331731076,109742900,80.0,0.0245,0.6808,-0.8316,11.0,28.0,19.0,-5.641898516080312,7.313202180730769,134.64706420898438
2022-05-19,134.64706420898438,138.87224434894858,133.91182362893937,137.127274568989,136095600,93.0,0.0889,0.8225,-0.7351,11.0,34.0,14.0,-2.464174424527099,4.9604207200092105,134.88235473632812
2022-05-20,134.88235473632812,137.93115346240322,130.00036063657,136.3528361484188,137426100,90.0,0.1031,0.7783,-0.7717,22.0,34.0,18.0,0.1747461251576654,7.930792825833208,140.29371643066406
2022-05-23,140.29371643066406,140.4407585737006,134.941158046499,135.07840236616943,117726300,146.0,0.012099999999999993,0.7269,-0.765,29.0,58.0,43.0,4.011912236344206,5.499600527201608,137.59783935546875
2022-05-24,137.59783935546875,139.17615657107172,134.62746828487894,138.03898075989613,104132700,83.0,0.0743,0.8788,-0.6808,7.0,42.0,17.0,-1.9215950249116598,4.548688286192771,137.7546844482422
2022-05-25,137.7546844482422,138.99968110716551,135.61757730341805,135.70580258630076,92482700,104.0,0.1005,0.8934,-0.8316,23.0,39.0,19.0,0.11398804916422645,3.3821038037474693,140.95054626464844
2022-05-26,140.95054626464844,141.49952360823443,134.44121569632296,134.68629593603174,90601500,83.0,0.1091,0.7739,-0.765,10.0,38.0,11.0,2.3199659809804984,7.05830791191147,146.6951904296875
2022-05-27,146.6951904296875,146.73439667634008,142.4013809336445,142.5288274126525,90978500,95.0,0.1294,0.836,-0.6369,14.0,44.0,13.0,4.075645194203736,4.333015742695579,145.9109649658203
2022-05-31,145.9109649658203,147.69515625482543,143.95032308788612,146.13644955191023,103718400,130.0,0.5744,0.802,-0.6369,31.0,50.0,26.0,-0.5345952117244646,3.7448331669393156,145.7835235595703
2022-06-01,145.7835235595703,148.75389460714223,144.7737792988703,146.95009283292427,74286600,76.0,0.0569,0.7003,-0.5574,10.0,34.0,18.0,-0.08734189804026071,3.980115308271934,148.23434448242188
2022-06-02,148.23434448242188,148.29316134885798,143.96994216366954,144.92085472708317,72348100,90.0,0.1107,0.7506,-0.7845,22.0,40.0,18.0,1.6811371155054378,4.323219185188435,142.51905822753906
2022-06-03,142.51905822753906,145.05808578629097,141.6171647882395,144.0091352358549,88570300,83.0,0.1201,0.7506,-0.5994,17.0,33.0,15.0,-3.8555749511615667,3.4409209980514674,143.2640838623047
2022-06-06,143.2640838623047,145.6462712304333,142.0484806619193,144.13656879270374,71598400,169.0,0.022899999999999997,0.7814,-0.8176,30.0,57.0,41.0,0.5227550925688496,3.597790568514,145.7835235595703
2022-06-07,145.7835235595703,146.06781003090646,141.26424373812603,141.50932395629872,67808200,81.0,0.0334,0.7184,-0.765,9.0,38.0,20.0,1.7585982678583578,4.803566292780431,145.04827880859375
2022-06-08,145.04827880859375,146.9206802540853,144.55811838609154,145.6560729457736,53950200,102.0,0.0541,0.6841,-0.7845,12.0,45.0,21.0,-0.5043400879771731,2.362561867993776,139.8329620361328
2022-06-09,139.8329620361328,145.03846322934638,139.7251261469218,144.1855888973648,69473000,96.0,0.0838,0.8316,-0.875,22.0,37.0,20.0,-3.595573015618536,5.313337082424567,134.431396484375
2022-06-10,134.431396484375,137.98995082700978,134.36276684809005,137.51940103001422,91437900,81.0,0.0577,0.802,-0.7184,18.0,27.0,16.0,-3.862870007975694,3.6271839789197315,129.28469848632812
2022-06-13,129.28469848632812,132.53935542645704,128.853354985689,130.25520640425938,122207100,124.0,-0.017099999999999994,0.7184,-0.7951,16.0,49.0,28.0,-3.828494036841368,3.6860004407680265,130.14735412597656
2022-06-14,130.14735412597656,131.25512116222714,128.89254498690727,130.51008291043752,84784300,87.0,0.0465,0.8402,-0.802,21.0,28.0,19.0,0.6672526986940097,2.362576175319873,132.7648468017578
2022-06-15,132.7648468017578,134.63726323315953,129.5592083618082,131.64728162043858,91533000,72.0,0.0662,0.7783,-0.7096,15.0,31.0,19.0,2.011176249689739,5.078054871351327,127.50054168701172
2022-06-16,127.50054168701172,129.784691319241,126.50061011925013,129.48079421494845,108123900,92.0,0.1286,0.8442,-0.6705,22.0,32.0,17.0,-3.965134778942403,3.2840811999908794,128.9710235595703
2022-06-17,128.9710235595703,130.4611156124141,127.25546187351353,127.5103548974603,134520300,102.0,0.1286,0.85,-0.8979,22.0,39.0,16.0,1.1533142158472787,3.2056537389005655,133.19619750976562
2022-06-21,133.19619750976562,134.36278178825876,130.69639115129178,130.79441426737327,81000500,186.0,0.096,0.8807,-0.9136,44.0,70.0,43.0,3.276064524868838,3.6663906369669803,132.68643188476562
2022-06-22,132.68643188476562,135.04899374439103,131.27476747959807,132.1374396483602,73409200,88.0,0.0766,0.743,-0.6808,19.0,33.0,18.0,-0.38271785120789215,3.774226264792958,135.54901123046875
2022-06-23,135.54901123046875,135.86270622381755,132.9609639616573,134.12754853756152,72433800,70.0,0.0732,0.7964,-0.8519,13.0,25.0,15.0,2.157401706445161,2.9017422621602407,138.8722686767578
2022-06-24,138.8722686767578,139.1173489130396,137.01946268880786,137.14689423988725,89116800,78.0,0.0463,0.8442,-0.6249,13.0,38.0,20.0,2.4517017248017137,2.097886224231729,138.8722686767578
2022-06-27,138.8722686767578,140.6662578013618,138.19584483125837,139.89179587794544,70207900,120.0,0.13449999999999998,0.7845,-0.7845,27.0,45.0,25.0,0.0,2.470412970103439,134.73532104492188
2022-06-28,134.73532104492188,140.59763645444562,134.61768731128618,139.33302894232776,67083400,68.0,0.0759,0.7003,-0.6486,11.0,27.0,13.0,-2.9789587735944534,5.979949143159445,136.49008178710938
2022-06-29,136.49008178710938,137.90174634957765,133.98046254650382,134.75492447437682,66242400,68.0,0.0759,0.7003,-0.6486,11.0,27.0,13.0,1.3023761910230247,3.921283803073834,134.02947998046875
2022-06-30,134.02947998046875,135.64700354645933,131.13753620204082,134.5490488814723,98964500,68.0,0.0759,0.7003,-0.6486,11.0,27.0,13.0,-1.8027696770513746,4.5094673444185105,136.19595336914062
2022-07-01,136.19595336914062,136.3037892489926,132.99031531614665,133.36282702594735,71051600,89.0,0.07,0.8402,-0.8126,14.0,37.0,17.0,1.6164155743852548,3.3134739328459375,138.7742462158203
2022-07-05,138.7742462158203,138.82326526029516,134.23535494237336,135.05883599741875,73353800,203.0,0.1356,0.8402,-0.875,43.0,79.0,48.0,1.893075956296264,4.587910317921796,140.10745239257812
2022-07-06,140.10745239257812,141.28383440664965,138.30366564043456,138.56835645511603,74064300,84.0,0.1094,0.7184,-0.7184,16.0,28.0,12.0,0.9607014364065858,2.980168766215087,143.46994018554688
2022-07-07,143.46994018554688,143.66600133351363,140.46034846155806,140.470146283479,66253700,76.0,0.0566,0.8176,-0.7424,10.0,31.0,14.0,2.3999350038477196,3.2056528719555786,144.1463623046875
2022-07-08,144.1463623046875,144.646335480772,142.14651447587394,142.4013924960781,64547800,79.0,0.1205,0.7269,-0.802,8.0,38.0,11.0,0.4714730613714746,2.4998210048980525,142.01907348632812
2022-07-11,142.01907348632812,143.7542455393016,140.95052737444695,142.8033331399919,63141600,125.0,0.1805,0.7964,-0.7783,24.0,44.0,25.0,-1.475783907652728,2.8037181648546436,142.98960876464844
2022-07-12,142.98960876464844,145.52863633565593,142.19555121961218,142.89157069008422,77588800,76.0,0.0679,0.743,-0.5994,10.0,30.0,15.0,0.6833837557838729,3.3330851160437476,142.6268768310547
2022-07-13,142.6268768310547,143.5679764107693,139.32318560371215,140.1760748610569,71185600,94.0,0.103,0.7579,-0.5994,13.0,40.0,17.0,-0.2536771285183259,4.244790807057143,145.54823303222656
2022-07-14,145.54823303222656,146.0187828364424,140.43095716603992,141.24462523992875,78140700,65.0,0.1501,0.7783,-0.7845,13.0,28.0,11.0,2.0482508388880216,5.587825670402481,147.21478271484375
2022-07-15,147.21478271484375,147.8912065060331,145.2835494113212,146.83245817528143,76259900,79.0,0.1043,0.8126,-0.7783,16.0,30.0,14.0,1.1450153999795987,2.6076570947118967,144.17578125
2022-07-18,144.17578125,148.58722466683977,143.81305239727462,147.77355664160174,81420900,145.0,0.2682,0.8625,-0.8225,25.0,59.0,30.0,-2.0643317259315785,4.774172269565156,148.02842712402344
2022-07-19,148.02842712402344,148.25389669881054,144.01891901249385,145.0090375439563,82982400,88.0,0.0846,0.7184,-0.6597,13.0,38.0,16.0,2.6721865771221154,4.234977686316682,150.0283203125
2022-07-20,150.0283203125,150.69494637561027,147.41086501912858,148.14610577429508,64823400,110.0,0.1375,0.7645,-0.6705,16.0,51.0,20.0,1.3510196840779587,3.2840813564816926,152.29286193847656
2022-07-21,152.29286193847656,152.50853373902038,148.94996398855773,151.45958316742,65086600,80.0,0.1483,0.8481,-0.7096,16.0,34.0,12.0,1.509409437671283,3.5585697504626523,151.05763244628906
2022-07-22,151.05763244628906,153.2045374479934,150.3910214648786,152.3320525114364,66675400,87.0,0.2356,0.8126,-0.8074,16.0,44.0,7.0,-0.8110882391103247,2.8135159831147973,149.9400634765625
2022-07-25,149.9400634765625,151.9889303599999,149.28325033510924,150.97920113195147,53623900,140.0,0.3673,0.7456,-0.7283,25.0,64.0,23.0,-0.739829528391378,2.705680024890654,148.61663818359375
2022-07-26,148.61663818359375,150.0773065915356,147.83237855759032,149.2636385384265,55138700,95.0,0.1266,0.8225,-0.6705,18.0,35.0,11.0,-0.8826362096182594,2.2449280339452855,153.70452880859375
2022-07-27,153.70452880859375,154.23391054533735,149.16565257909815,149.57738561961435,78620700,80.0,0.1092,0.8126,-0.8462,10.0,39.0,13.0,3.423500011293945,5.0682579662392016,154.25350952148438
2022-07-28,154.25350952148438,154.53779601902812,151.37136349671525,153.89078059336344,81378700,109.0,0.1785,0.7845,-0.5994,19.0,50.0,15.0,0.357166257328867,3.166432522312874,159.3119354248047
2022-07-29,159.3119354248047,160.409904944982,156.36117506106663,158.0669387195233,101786900,107.0,0.1283,0.8689,-0.836,14.0,63.0,23.0,3.2792938838229757,4.048729883915371,158.33160400390625
2022-08-01,158.33160400390625,160.37067302404677,157.72380990621818,157.84144361325252,67829400,299.0,0.42869999999999997,0.8689,-0.836,43.0,165.0,59.0,-0.6153534060611254,2.6468631178285875,156.8611297607422
2022-08-02,156.8611297607422,159.2139087149108,156.4886180191764,156.94937000342367,59907000,92.0,0.1113,0.8271,-0.7717,21.0,35.0,16.0,-0.9287307183016846,2.7252906957343725,162.86070251464844
2022-08-03,162.86070251464844,163.3116417148104,157.58657171952115,157.67479700322565,82507500,87.0,0.1407,0.8316,-0.7003,13.0,40.0,13.0,3.824767017206443,5.72506999528926,162.5469970703125
2022-08-04,162.5469970703125,163.89984462441896,161.19414951620604,162.7430582477967,55474100,86.0,0.0941,0.8024,-0.8885,13.0,39.0,16.0,-0.19262193978791808,2.7056951082129217,162.3212432861328
2022-08-05,162.3212432861328,162.81208464474912,160.0142829089203,160.22044287042655,56697000,126.0,0.1143,0.8555,-0.6808,16.0,51.0,20.0,-0.13888523826868227,2.7978017358288128,161.85000610351562
2022-08-08,161.85000610351562,164.73615535552312,161.1922805564501,163.32253000929188,60276900,140.0,0.3748,0.8074,-0.765,15.0,62.0,18.0,-0.2903114669880358,3.5438747990730235,161.89910888671875
2022-08-09,161.89910888671875,162.78263230320212,160.25970057725633,161.0156004495246,63135500,60.0,0.0351,0.7506,-0.8519,12.0,25.0,16.0,0.03033845001632063,2.5229317259457957,166.13995361328125
2022-08-10,166.13995361328125,166.23811287684435,163.8428051524665,164.60851631297595,70170500,75.0,0.1647,0.7184,-0.5994,6.0,35.0,6.0,2.619436731754865,2.395307724377858,165.40370178222656
2022-08-11,165.40370178222656,167.85790820975464,165.10919401506573,166.9449356294848,57149200,73.0,0.1227,0.836,-0.8834,21.0,26.0,14.0,-0.44315158096674967,2.7487141946889153,168.94761657714844
2022-08-12,168.94761657714844,169.01632658420414,166.29706102264856,166.70938098214606,68039400,63.0,0.1598,0.7603,-0.7184,13.0,24.0,8.0,2.1425849341557335,2.7192655615555736,170.01760864257812
2022-08-15,170.01760864257812,170.21394216296972,168.21131628811554,168.3782005294128,54091700,92.0,0.3568,0.8591,-0.8885,21.0,41.0,17.0,0.6333277066037146,2.002625874854175,169.86048889160156
2022-08-16,169.86048889160156,170.5280406515921,168.5155889203463,169.6150683141151,56377100,75.0,0.1938,0.7845,-0.6369,18.0,28.0,8.0,-0.09241381068173515,2.012451731245818,171.35269165039062
2022-08-17,171.35269165039062,172.92337473871223,169.40896440067246,169.6052979143018,79542000,70.0,0.1065,0.8555,-0.7101,11.0,27.0,13.0,0.878487262415284,3.5144103380397667,170.9600067138672
2022-08-18,170.9600067138672,171.69626861182405,169.94887490568271,170.5673396933382,62290100,69.0,0.1165,0.8122,-0.8107,12.0,28.0,13.0,-0.22916764991625094,1.747393706141338,168.3782196044922
2022-08-19,168.3782196044922,170.55755638009072,168.1720596481889,169.86055507755876,70346300,70.0,0.1478,0.7845,-0.7506,16.0,21.0,7.0,-1.5101702199252331,2.38549673190181,164.5005340576172
2022-08-22,164.5005340576172,166.74858025975374,164.0784028181707,166.58169604206546,69026800,105.0,0.058,0.93,-0.8126,21.0,44.0,27.0,-2.3029614851513447,2.6701774415830357,164.16676330566406
2022-08-23,164.16676330566406,165.61966421752064,163.59738564765863,164.01951691966545,54147100,68.0,0.0847,0.7184,-0.836,12.0,23.0,11.0,-0.20289949443946798,2.02227856986201,164.46131896972656
2022-08-24,164.46131896972656,165.03069679360976,163.20476617884324,164.25517396927194,53841500,85.0,0.0676,0.7184,-0.7184,13.0,27.0,14.0,0.17942466436648985,1.82593061476652,166.91549682617188
2022-08-25,166.91549682617188,167.0234825149317,165.26627719342727,165.68839353539587,51218200,77.0,0.0666,0.7964,-0.6705,16.0,26.0,13.0,1.492252325239507,1.757205321504415,160.62289428710938
2022-08-26,160.62289428710938,167.91680343416758,160.56399573070382,167.44560000363606,78961000,65.0,0.0726,0.7184,-0.8834,10.0,23.0,11.0,-3.7699330851321156,7.352807703463753,158.42393493652344
2022-08-29,158.42393493652344,159.91608162954805,156.89251255304256,158.19813716461735,73314000,139.0,0.2034,0.8271,-0.7964,28.0,51.0,34.0,-1.3690198774872986,3.0235690765054812,155.99920654296875
2022-08-30,155.99920654296875,159.58234252318653,154.83100169515882,159.16022613846985,77906200,83.0,0.0102,0.8271,-0.7964,18.0,28.0,22.0,-1.5305316046632877,4.751340828027708,154.34014892578125
2022-08-31,154.34014892578125,157.6386032608909,154.2616125155062,157.37354474862363,87991100,83.0,0.0102,0.8271,-0.7964,18.0,28.0,22.0,-1.063503881816552,3.3769907453847168,155.06655883789062
2022-09-01,155.06655883789062,155.51812435449008,151.83681534634707,153.77073087696763,74229900,62.0,0.0559,0.8074,-0.8885,11.0,17.0,9.0,0.47065518412754415,3.6813090081430175,152.95599365234375
2022-09-02,152.95599365234375,157.4226533584457,152.13138370086696,156.82382625526336,76957800,75.0,0.1008,0.7184,-0.8074,15.0,36.0,15.0,-1.3610704986065314,5.291269657578738,151.6993865966797
2022-09-06,151.6993865966797,154.2124912520568,150.8747769402501,153.60385293125665,73714800,192.0,0.1047,0.9029,-0.9062,28.0,64.0,35.0,-0.8215480973699063,3.3377143118067067,153.10324096679688
2022-09-07,153.10324096679688,153.80022729759784,150.79628062278962,151.9841232844313,87449600,72.0,0.04,0.802,-0.8225,11.0,28.0,15.0,0.9254186200828851,3.003946674808219,151.63070678710938
2022-09-08,151.63070678710938,153.49589780674214,149.88329791132227,151.8074024718103,84923800,64.0,0.0754,0.7269,-0.7184,7.0,25.0,10.0,-0.9617916448985242,3.612599895419862,154.4873809814453
2022-09-09,154.4873809814453,154.92915012061422,151.91537744584716,152.62219009337275,68028800,69.0,0.1,0.802,-0.6249,8.0,32.0,11.0,1.8839681320926172,3.0137726747670683,160.4363555908203
2022-09-12,160.4363555908203,161.25115382171967,156.3820172588061,156.66669857838036,104956000,135.0,0.1253,0.7184,-0.8893,26.0,39.0,21.0,3.8507835213346553,4.869136562913582,151.02206420898438
2022-09-13,151.02206420898438,157.59933535695706,150.56067213786503,156.97105902298662,122656600,82.0,0.1209,0.8555,-0.8658,13.0,39.0,16.0,-5.867928966079427,7.0386632190920295,152.4651336669922
2022-09-14,152.4651336669922,154.22235404144757,150.79627611743592,151.95465448242936,87965400,84.0,0.0661,0.7184,-0.6808,16.0,26.0,14.0,0.955535514341066,3.4260779240116506,149.5789794921875
2022-09-15,149.5789794921875,152.3964188629796,148.60712326254628,151.81721471946022,90481100,75.0,0.0396,0.872,-0.7506,13.0,17.0,11.0,-1.8929929127983414,3.78929560043332,147.9395294189453
2022-09-16,147.9395294189453,148.57763194380593,145.6522077108374,148.44019701186863,162278800,71.0,0.1091,0.7184,-0.7096,12.0,22.0,8.0,-1.096043092958665,2.9254242329685383,151.6503143310547
2022-09-19,151.6503143310547,151.7288507316376,146.36887246061372,146.57501740526791,81474200,137.0,0.3327,0.8826,-0.8126,23.0,58.0,21.0,2.5083119614372373,5.359978271023891,154.02597045898438
2022-09-20,154.02597045898438,155.1843635395565,150.2759512881002,150.59008188296497,107689800,79.0,0.1444,0.8402,-0.4939,11.0,33.0,9.0,1.5665355778581525,4.908412251456298,150.9042510986328
2022-09-21,150.9042510986328,155.83230196535132,150.78645397951445,154.4579373320565,101696800,75.0,0.1246,0.765,-0.7845,11.0,33.0,12.0,-2.0267487041627508,5.045847985836872,149.9421844482422
2022-09-22,149.9421844482422,151.6404909111481,148.1457037475465,149.588778163199,86652500,92.0,0.0537,0.886,-0.8176,22.0,39.0,23.0,-0.6375344918293946,3.4947871636016146,147.6745147705078
2022-09-23,147.6745147705078,148.69547312127722,145.83877299693037,148.4206031759059,96029900,86.0,0.0066,0.7184,-0.7778,12.0,37.0,25.0,-1.5123627057181732,2.856700124346844,148.00828552246094
2022-09-26,148.00828552246094,150.95333323742267,146.8989794231201,146.91861726875362,93339400,153.0,0.3243,0.8658,-0.8176,28.0,65.0,31.0,0.22601784232831879,4.054353814302573,148.98013305664062
2022-09-27,148.98013305664062,151.88591989139582,147.20329010150107,149.9421927062511,84442700,73.0,0.0334,0.8126,-0.8442,10.0,24.0,15.0,0.6566169797515897,4.682629789894747,147.09530639648438
2022-09-28,147.09530639648438,147.8806554147203,142.18689375661808,144.93560783080054,146691400,67.0,0.1347,0.7351,-0.7506,6.0,32.0,7.0,-1.265153025094734,5.693761658102233,139.87013244628906
2022-09-29,139.87013244628906,144.03247205665744,138.1031007730531,143.42383363893248,128138200,67.0,0.1347,0.7351,-0.7506,6.0,32.0,7.0,-4.9118997248766005,5.929371283604354,135.6685333251953
2022-09-30,135.6685333251953,140.4787870882612,135.47219979960417,138.69211755301987,124925300,67.0,0.1347,0.7351,-0.7506,6.0,32.0,7.0,-3.003928749911766,5.006587288657045,139.84072875976562
2022-10-03,139.84072875976562,140.44938235522116,135.16792345973974,135.6784027716175,114311700,162.0,0.2804,0.8271,-0.7783,38.0,60.0,30.0,3.0752860168169027,5.281458895481421,143.42384338378906
2022-10-04,143.42384338378906,143.5416405102459,141.61753589548164,142.37343574191996,87830100,61.0,0.1414,0.8807,-0.7269,13.0,17.0,7.0,2.5622825737549704,1.9241046147642749,143.71832275390625
2022-10-05,143.71832275390625,144.6803824609242,140.39041942925496,141.43101553965928,79471000,36.0,0.0414,0.8225,-0.8885,9.0,16.0,12.0,0.20532107017183776,4.289963031669231,142.76608276367188
2022-10-06,142.76608276367188,144.8374334955695,142.5599378213271,143.13912691743977,68402200,73.0,0.1336,0.882,-0.6249,15.0,36.0,17.0,-0.662573826348456,2.2774956742424024,137.52391052246094
2022-10-07,137.52391052246094,140.47878470691822,136.8956342636469,139.9290298735793,85925600,81.0,0.1106,0.8658,-0.5719,16.0,27.0,13.0,-3.6718610889454606,3.5831504432713075,137.8478546142578
2022-10-10,137.8478546142578,139.2909290851068,136.0317509799681,137.8478546142578,74899000,156.0,0.10339999999999999,0.8402,-0.7717,27.0,58.0,33.0,0.2355547414018444,3.2591781051386874,136.4342498779297
2022-10-11,136.4342498779297,138.76084793369003,135.68817645989057,137.33739611427865,77033700,100.0,0.1013,0.7845,-0.8402,18.0,45.0,20.0,-1.0254818548201872,3.07267147379946,135.80596923828125
2022-10-12,135.80596923828125,137.78897231294513,135.62927355780317,136.58150689181417,70433700,94.0,0.0878,0.7906,-0.6808,18.0,36.0,20.0,-0.4605006735556305,2.15969875514196,140.37078857421875
2022-10-13,140.37078857421875,140.95978909716513,131.90867508719168,132.51732843397534,113224000,94.0,0.1072,0.8555,-0.7579,16.0,34.0,14.0,3.361280333656169,9.051114009973446,135.84521484375
2022-10-14,135.84521484375,141.87274416009623,135.6586927916983,141.66658426591152,88598000,91.0,0.1756,0.9201,-0.7717,22.0,42.0,15.0,-3.2240138966491028,6.214051368397946,139.80140686035156
2022-10-17,139.80140686035156,140.282421693242,137.70060693296034,138.48595592005591,85250900,148.0,0.2065,0.886,-0.8126,27.0,61.0,31.0,2.9122792592672475,2.5818147602816452,141.1168670654297
2022-10-18,141.1168670654297,144.0128276023933,138.03438444661543,142.82500010106065,99136600,91.0,0.0604,0.7845,-0.765,15.0,34.0,17.0,0.9409491897260702,5.978443155777853,141.22486877441406
2022-10-19,141.22486877441406,142.29489928414645,138.90809708603376,139.09461918905455,61758300,59.0,0.1963,0.8126,-0.6369,10.0,28.0,6.0,0.07653352234238131,3.38680219811269,140.76345825195312
2022-10-20,140.76345825195312,143.21766459219867,140.0370077826972,140.40024050696854,64522000,96.0,0.1378,0.8126,-0.6597,14.0,41.0,13.0,-0.3267204469476037,3.180656809501471,144.5723876953125
2022-10-21,144.5723876953125,145.14176534962488,140.03700430524796,140.25297565616944,86548600,104.0,0.1614,0.8516,-0.6124,17.0,48.0,15.0,2.7059078333680597,5.1047610443769145,146.71246337890625
2022-10-24,146.71246337890625,147.47817461798252,143.3256613631015,144.49386606815804,75981900,95.0,0.6228,0.7906,-0.7964,31.0,33.0,12.0,1.4802796839075372,4.152513254881029,149.5494842529297
2022-10-25,149.5494842529297,149.69674559166967,146.62407507055755,147.34069898538402,74732300,55.0,0.157,0.7717,-0.5994,11.0,21.0,6.0,1.933728606748586,3.0726705211121157,146.6143035888672
2022-10-26,146.6143035888672,149.20594507644813,145.32828678897533,148.19481318791426,88194300,38.0,0.0514,0.743,-0.7351,5.0,17.0,8.0,-1.9626819034014864,3.877658287472798,142.1476593017578
2022-10-27,142.1476593017578,146.3198108162611,141.48993368404496,145.35776595535313,109180200,73.0,0.1571,0.872,-0.743,18.0,29.0,12.0,-3.046526960721818,4.829877132216154,152.8872833251953
2022-10-28,152.8872833251953,154.61503964551486,145.11235741482145,145.48538668963585,164762400,99.0,0.1182,0.8979,-0.7579,10.0,46.0,16.0,7.555259141227877,9.50268223069341,150.53121948242188
2022-10-31,150.53121948242188,151.41474288743174,149.13723186575905,150.35452378899333,97943200,81.0,-0.2337,0.5423,-0.6249,6.0,51.0,39.0,-1.541046313029204,2.2775110216726944,147.8904571533203
2022-11-01,147.8904571533203,152.60253597457515,146.3983105936967,152.23931825640548,80379300,110.0,0.1027,0.8225,-0.7096,16.0,35.0,14.0,-1.7542954466066352,6.204225380878455,142.37339782714844
2022-11-02,142.37339782714844,149.38260959122607,142.34394855337672,146.2215910525945,93604600,87.0,0.1596,0.7644,-0.6486,14.0,36.0,9.0,-3.7305039367430237,7.0386610378493515,136.33612060546875
2022-11-03,136.33612060546875,140.18431562523062,136.20849704009387,139.45786491513846,97918500,98.0,0.0634,0.7964,-0.6249,21.0,36.0,23.0,-4.240453142102696,3.97581858513675,136.07057189941406
2022-11-04,136.07057189941406,140.28896920604143,132.1373281619349,139.71864706361086,140814800,95.0,0.1811,0.8402,-0.7579,23.0,40.0,15.0,-0.1947750199106313,8.151641044106526,136.6016082763672
2022-11-07,136.6016082763672,136.82776568129546,133.4058464512174,134.8218171682539,83374600,146.0,0.3551,0.886,-0.8012,30.0,55.0,19.0,0.39026541120563696,3.4219192300780605,137.17189025878906
2022-11-08,137.17189025878906,139.06967336647747,135.19544046730184,138.06670690734794,89908500,66.0,0.0869,0.7845,-0.8402,16.0,25.0,14.0,0.41747823442026544,3.874232899175638,132.61917114257812
2022-11-09,132.61917114257812,136.23776400792798,132.34384521853534,136.18859544917655,74917800,84.0,0.1665,0.8126,-0.6705,18.0,38.0,13.0,-3.318988393045952,3.893918789392643,144.4188995361328
2022-11-10,144.4188995361328,144.4188995361328,137.171901375878,138.88286812786214,118854000,108.0,0.0769,0.7184,-0.7734,14.0,45.0,20.0,8.897452979003218,7.246998160254805,147.20166015625
2022-11-11,147.20166015625,147.50648417895965,141.96061049585242,143.38642351170455,93979700,103.0,0.1424,0.7717,-0.5994,16.0,44.0,15.0,1.9268673484255094,5.5458736831072315,145.80535888671875
2022-11-14,145.80535888671875,147.77198095425382,144.96953850636208,146.48384590068005,73374100,135.0,0.4234,0.8271,-0.8979,19.0,63.0,17.0,-0.9485635338956855,2.8024424478917354,147.53598022460938
2022-11-15,147.53598022460938,151.02673737922098,146.08068410249945,149.67960607049233,89868300,91.0,0.1631,0.8834,-0.6369,19.0,34.0,10.0,1.1869394589503424,4.946053276721528,146.30682373046875
2022-11-16,146.30682373046875,147.36880131400713,144.83185736513215,146.6411608430867,64218300,83.0,0.0711,0.8402,-0.6597,15.0,25.0,13.0,-0.8331232098565788,2.5369439488749777,148.2046356201172
2022-11-17,148.2046356201172,148.9519465811487,143.71089713297823,143.98622301357588,80389400,70.0,0.09,0.7184,-0.5859,7.0,26.0,12.0,1.2971451647017185,5.2410494481704575,148.76513671875
2022-11-18,148.76513671875,150.15160903599656,147.46717380781297,149.76811828911318,74829600,63.0,0.1648,0.8074,-0.6808,14.0,24.0,8.0,0.3781940398069006,2.684435228183588,145.5398406982422
2022-11-21,145.5398406982422,147.86045501907074,145.25468713947097,147.65396813268248,58724100,105.0,0.1614,0.8689,-0.7845,14.0,35.0,15.0,-2.168045613136793,2.6057678795997674,147.6736602783203
2022-11-22,147.6736602783203,147.909660354169,144.47789906303868,145.65788443814483,51804100,61.0,0.1311,0.7351,-0.6705,14.0,20.0,7.0,1.466141209060634,3.4317612911303286,148.54879760742188
2022-11-23,148.54879760742188,149.29610855403772,146.8476588015229,146.95582360996656,58301400,61.0,0.1059,0.7845,-0.5994,9.0,23.0,9.0,0.5926157227038376,2.4484497525148186,145.6382293701172
2022-11-25,145.6382293701172,146.39538323134536,144.6647458342524,145.83488861865806,35195900,138.0,0.2364,0.8176,-0.8923,23.0,51.0,20.0,-1.959334766880183,1.730637397092977,141.8131103515625
2022-11-28,141.8131103515625,144.19272111621666,140.9871327315936,142.7177546502144,69246000,136.0,0.2741,0.8807,-0.7717,28.0,52.0,27.0,-2.626452570247706,3.20558838462307,138.8140411376953
2022-11-29,138.8140411376953,142.393293327039,138.00773375100172,141.88196729880755,83763800,82.0,0.1327,0.8807,-0.7717,16.0,30.0,11.0,-2.1148039179398337,4.385559576037281,145.55955505371094
2022-11-30,145.55955505371094,146.23804217919428,138.20439151332914,139.04019702693043,111380900,82.0,0.1327,0.8807,-0.7717,16.0,30.0,11.0,4.859388762642869,8.033650665865139,145.83485412597656
2022-12-01,145.83485412597656,146.64117635966434,144.1632284025417,145.7365320270306,71250400,96.0,0.0911,0.8143,-0.802,19.0,34.0,17.0,0.18913157034867734,2.4779479571226375,145.3432159423828
2022-12-02,145.3432159423828,145.53004745802463,143.2192602974079,143.5240993516398,65447400,61.0,0.1196,0.7983,-0.6249,6.0,30.0,9.0,-0.3371198103088946,2.3107871606167123,144.18295288085938
2022-12-05,144.18295288085938,148.40135211182192,143.33730449137096,145.3039272572379,68826400,124.0,0.1856,0.8402,-0.6705,21.0,46.0,23.0,-0.7982918597200905,5.064047620450964,140.5249786376953
2022-12-06,140.5249786376953,144.84171332835018,139.55149534602168,144.61555599946504,64727200,81.0,0.1172,0.886,-0.5574,11.0,33.0,11.0,-2.5370365706039455,5.2902179823285,138.58787536621094
2022-12-07,138.58787536621094,140.97731424983792,137.66356048798676,139.8170142991394,69721100,89.0,0.0615,0.9371,-0.6908,12.0,31.0,14.0,-1.3784761188106343,3.31375376185116,140.2693328857422
2022-12-08,140.2693328857422,141.12482380942538,138.7452125702619,139.98417924727298,62128300,69.0,0.1317,0.7964,-0.4404,6.0,36.0,12.0,1.2132789503324748,2.3796112391634665,139.78750610351562
2022-12-09,139.78750610351562,143.14060047218985,138.54852454565471,139.96449489513216,76097000,69.0,0.1546,0.8126,-0.4939,15.0,24.0,10.0,-0.3435011576044533,4.592075926535131,142.07864379882812
2022-12-12,142.07864379882812,142.08847150955347,138.70587850686456,140.31850830999085,70462700,127.0,0.1379,0.7269,-0.8555,20.0,41.0,23.0,1.6390146438522546,3.382593002688907,143.04226684570312
2022-12-13,143.04226684570312,147.4671667934874,141.83279839446703,147.00500937638787,93886200,81.0,0.1275,0.8176,-0.6124,8.0,30.0,7.0,0.6782321544674952,5.63436839902036,140.8199920654297
2022-12-14,140.8199920654297,144.21241242784126,138.80420126905452,142.92427726159215,82291200,99.0,0.1254,0.8658,-0.8967,20.0,29.0,13.0,-1.5535791128579945,5.408211158786742,134.2219696044922
2022-12-15,134.2219696044922,139.43352160827794,133.7598121718234,138.75503452609877,98931900,75.0,0.1508,0.872,-0.8225,13.0,26.0,7.0,-4.685430217800213,5.673709436454544,132.26516723632812
2022-12-16,132.26516723632812,135.35276341025192,131.49818579850947,134.40879318099954,160156900,70.0,-0.049,0.5994,-0.8689,9.0,22.0,17.0,-1.4578853029277639,3.8545776117424566,130.160888671875
2022-12-19,130.160888671875,132.94366095306307,129.12842399506934,132.85516655290323,79592600,121.0,0.0437,0.8567,-0.8025,24.0,37.0,23.0,-1.5909544503831863,3.815236957993733,130.09205627441406
2022-12-20,130.09205627441406,131.0261987808424,127.72227301817315,129.19723960857664,77432800,97.0,0.0946,0.8555,-0.8176,14.0,42.0,18.0,-0.052882550329280686,3.3039257626692518,133.1894989013672
2022-12-21,133.1894989013672,134.52680273214906,130.53456166494178,130.7607190395491,85928000,99.0,0.0994,0.7184,-0.8047,16.0,39.0,15.0,2.3809621553059657,3.9922410672072886,130.02320861816406
2022-12-22,130.02320861816406,132.31432503613755,128.1254256005218,132.10783812958184,77852100,108.0,0.0717,0.9584,-0.5994,15.0,45.0,24.0,-2.3772822251909687,4.1888994356157525,129.65940856933594
2022-12-23,129.65940856933594,130.21006041152802,127.4764566205478,128.7350936895975,63814900,64.0,0.086,0.8555,-0.8225,10.0,26.0,12.0,-0.2797962399901155,2.7336037909802258,127.8599624633789
2022-12-27,127.8599624633789,129.2169368090849,126.57182710814284,129.18743867149468,69007800,227.0,0.2762,0.8225,-0.8126,35.0,92.0,43.0,-1.3878253231386362,2.645109700942058,123.93650817871094
2022-12-28,123.93650817871094,128.84322752624018,123.76934712426144,127.50592408651032,85438400,69.0,0.1236,0.8225,-0.6588,13.0,26.0,13.0,-3.0685557926639517,5.073880401978741,127.44692993164062
2022-12-29,127.44692993164062,128.3024056373649,125.59830808842077,125.853963528119,75703700,81.0,0.0503,0.9022,-0.7845,12.0,31.0,17.0,2.832435578923853,2.7040975489441337,127.76161193847656
2022-12-30,127.76161193847656,127.78128236285382,125.30334153820444,126.26698977683236,77034200,81.0,0.0503,0.9022,-0.7845,12.0,31.0,17.0,0.24691219082697557,2.47794082464938,122.98270416259766
2023-01-03,122.98270416259766,128.71540148347327,122.09772277878758,128.10575347623433,112117500,248.0,0.4511,0.9022,-0.8271,45.0,83.0,31.0,-3.7404880099510485,6.617678704685687,124.2511978149414
2023-01-04,124.2511978149414,126.51281646624362,122.9925607402256,124.77235152537196,89113600,60.0,0.0582,0.7184,-0.5994,11.0,23.0,16.0,1.0314406899580408,3.5202557260180214,122.93354034423828
2023-01-05,122.93354034423828,125.637645647583,122.67788488068354,125.00832719533364,80962700,74.0,0.0902,0.872,-0.765,9.0,31.0,12.0,-1.060478686624522,2.959760766899464,127.45677947998048
2023-01-06,127.45677947998048,128.115596113896,122.80572219640976,123.907033324828,87754700,69.0,-0.0034,0.6486,-0.7351,11.0,29.0,19.0,3.679418263784018,5.309873917486243,127.97794342041016
2023-01-09,127.97794342041016,131.18354745345354,127.72228791640812,128.292610198386,70790800,124.0,0.3063,0.7906,-0.765,17.0,44.0,21.0,0.4088946406428873,3.4612595370454216,128.54824829101562
2023-01-10,128.54824829101562,129.06940194282927,125.98180587179893,128.0860909010472,63896200,85.0,0.1188,0.7717,-0.6249,13.0,27.0,8.0,0.44562746936165354,3.0875960710303474,131.26219177246094
2023-01-11,131.26219177246094,131.28184718963053,128.28276062052532,129.05956971451124,69458900,74.0,0.1214,0.8074,-0.5574,11.0,32.0,12.0,2.1112255651289047,2.999086569105202,131.1835479736328
2023-01-12,131.1835479736328,132.019353473187,129.2464237509339,131.6457054280313,71379600,108.0,0.1157,0.7269,-0.6369,20.0,42.0,19.0,-0.059913519472887256,2.77292972225311,132.510986328125
2023-01-13,132.510986328125,132.6683196907436,129.46273119909978,129.82655147153693,57809700,95.0,0.1088,0.7184,-0.7351,16.0,33.0,11.0,1.0118939264845972,3.205588491643823,133.67132568359375
2023-01-17,133.67132568359375,134.99878678874634,131.89153482883353,132.57984966159466,63646600,212.0,0.535,0.7584,-0.7786,47.0,69.0,31.0,0.8756552098974746,3.1072519599128157,132.9535369873047
2023-01-18,132.9535369873047,136.29678964484992,132.77653313848788,134.5366688937393,69672800,87.0,0.0707,0.802,-0.7096,11.0,33.0,15.0,-0.5369803079443569,3.5202565063620455,133.0124969482422
2023-01-19,133.0124969482422,133.9761376268957,131.53753029546905,131.84235433638028,58280400,102.0,0.1567,0.7964,-0.6249,14.0,47.0,11.0,0.044346289894581226,2.4386073314266525,135.569091796875
2023-01-20,135.569091796875,135.71659745917918,131.98001240951498,133.02231973826562,80223600,94.0,0.2142,0.873,-0.7269,19.0,45.0,9.0,1.922071164206196,3.7365850496641997,138.75503540039062
2023-01-23,138.75503540039062,140.92815961902411,135.59860004292767,135.81492969380113,81760300,127.0,0.4215,0.8316,-0.765,21.0,63.0,18.0,2.3500515945693357,5.329559576096443,140.15133666992188
2023-01-24,140.15133666992188,140.77082749424633,137.95855701188813,137.96838472187488,66435100,72.0,0.1359,0.8479,-0.6597,7.0,32.0,8.0,1.0063067372669376,2.812270482358201,139.4924774169922
2023-01-25,139.4924774169922,140.05295679787986,136.49337633149537,138.5386646946517,65799300,79.0,0.1026,0.7351,-0.7184,13.0,38.0,16.0,-0.4701055791436426,3.5595804663844888,141.5574493408203
2023-01-26,141.5574493408203,141.8426029112318,139.53181620357194,140.78062529691158,54105100,27.0,0.0616,0.6369,-0.6072,3.0,11.0,4.0,1.4803464402278754,2.3107867076598723,143.49456787109375
2023-01-27,143.49456787109375,144.77287517943125,140.69214050710963,140.77080718806803,70555800,73.0,0.0826,0.7845,-0.765,12.0,31.0,16.0,1.3684327736151358,4.080734672321626,140.61349487304688
2023-01-30,140.61349487304688,143.12094131391822,140.46600420175812,142.54079133466578,64015300,91.0,0.2258,0.7964,-0.7783,12.0,36.0,16.0,-2.0077923790362884,2.6549371121600984,141.88194274902344
2023-01-31,141.88194274902344,141.93111130163894,139.9054929686203,140.31848180314623,65874500,31.0,0.0837,0.5994,-0.7783,4.0,13.0,5.0,0.9020811815549923,2.0256183330186275,143.00291442871094
2023-02-01,143.00291442871094,144.16322923439725,138.96152054070433,141.56728874190614,77663600,119.0,0.1303,0.875,-0.765,19.0,42.0,16.0,0.7900735343541188,5.201708693692922,148.30299377441406
2023-02-02,148.30299377441406,148.65697138188685,145.6972102432423,146.41502317640206,118339000,107.0,0.1335,0.8316,-0.6696,14.0,46.0,15.0,3.7062736566430665,2.959761138644552,151.92156982421875
2023-02-03,151.92156982421875,154.75351068440185,145.36288637728777,145.55954560277002,154357300,86.0,0.1947,0.7184,-0.5106,9.0,42.0,5.0,2.4399885381336084,9.39062430711408,149.19778442382812
2023-02-06,149.19778442382812,150.54493079230497,148.26364190831887,150.02377712562708,69858300,153.0,0.3395,0.9545,-0.8316,30.0,67.0,28.0,-1.792889188508373,2.281288883986093,152.06906127929688
2023-02-07,152.06906127929688,152.63938353904294,148.12598902287087,148.12598902287087,83322600,99.0,0.0424,0.7096,-0.8225,15.0,48.0,25.0,1.9244768724663297,4.51339451617207,149.38461303710938
2023-02-08,149.38461303710938,152.0002240332312,148.64712974900905,151.31190929849808,64120100,126.0,0.0812,0.7579,-0.7906,22.0,49.0,25.0,-1.765282312920391,3.353094284222152,148.35214233398438
2023-02-09,148.35214233398438,151.75440537570756,147.9096553354024,151.213581264491,56007100,84.0,0.098,0.7184,-0.836,10.0,37.0,14.0,-0.6911492971960365,3.844750040305172,148.7165069580078
2023-02-10,148.7165069580078,149.0414968354293,146.95369947058745,147.1900598433605,57450700,94.0,0.0937,0.8625,-0.765,8.0,43.0,16.0,0.24560792873697945,2.0877973648418617,151.51341247558594
2023-02-13,151.51341247558594,151.91717418893083,148.6279039729175,148.65744714640496,62199000,142.0,0.20700000000000002,0.802,-0.8519,30.0,58.0,27.0,1.8806960806091677,3.2892702160133354,150.87327575683594
2023-02-14,150.87327575683594,151.4346261088162,148.568818055862,149.80967642706798,61707600,99.0,0.1114,0.6486,-0.7777,8.0,57.0,16.0,-0.4224950836304031,2.865808052954179,152.97088623046875
2023-02-15,152.97088623046875,153.13830250713502,150.55809926068437,150.78460186711027,65573800,87.0,0.1374,0.8271,-0.6597,12.0,35.0,12.0,1.3903128059693959,2.580203246450651,151.3755340576172
2023-02-16,151.3755340576172,153.95573796607766,151.02100096105386,151.17855953849067,68167900,88.0,0.1279,0.8126,-0.802,18.0,37.0,15.0,-1.0429122901517207,2.9347370050238055,150.23313903808594
2023-02-17,150.23313903808594,150.67630162569367,148.55896091432058,150.03617955770974,59144100,79.0,0.1081,0.8402,-0.743,15.0,32.0,16.0,-0.7546761282417158,2.117340711373089,146.22496032714844
2023-02-21,146.22496032714844,149.00213887625634,146.15603126407484,147.9188390818426,58867200,202.0,0.2659,0.8402,-0.8689,36.0,80.0,40.0,-2.66797241713852,2.8461076121814983,146.64840698242188
2023-02-22,146.64840698242188,147.67260518894304,144.92498541296462,146.60900607426132,51011300,65.0,0.0625,0.9029,-0.8338,11.0,22.0,11.0,0.2895857549395586,2.7476197759784213,147.13095092773438
2023-02-23,147.13095092773438,148.0566768897737,145.0037677901394,147.810473815914,48394200,70.0,0.1318,0.8271,-0.7506,18.0,28.0,15.0,0.3290482012329843,3.05290909963432,144.4818572998047
2023-02-24,144.4818572998047,144.9545631210652,143.5068874555982,144.87577631301392,55469600,78.0,0.024,0.802,-0.5994,13.0,31.0,20.0,-1.8005005821180586,1.4476756654670169,145.6734619140625
2023-02-27,145.6734619140625,146.90447752822308,145.21059884097443,145.46665970602933,44998500,59.0,0.003799999999999998,0.6597,-0.8316,11.0,26.0,15.0,0.824743422134433,1.693878687248656,145.17120361328125
2023-02-28,145.17120361328125,146.8158385647427,144.6000106018143,144.8166705381309,50547000,21.0,0.0853,0.6597,-0.7845,2.0,11.0,4.0,-0.3447836649049685,2.215827962928415,143.1031036376953
2023-03-01,143.1031036376953,144.99394185647634,142.80765687884437,144.600022862706,55479000,82.0,0.1322,0.93,-0.6597,18.0,21.0,9.0,-1.4245938065617358,2.1862849776319706,143.69395446777344
2023-03-02,143.69395446777344,144.4818072483105,141.71447229045577,142.18719297500317,52238100,78.0,0.1132,0.8591,-0.784,14.0,29.0,12.0,0.4128847069410968,2.767334957854729,148.73623657226562
2023-03-03,148.73623657226562,148.81502337863614,145.09243318314816,145.79164167073546,70732300,65.0,0.0523,0.9268,-0.7579,16.0,20.0,12.0,3.509042619898839,3.7225901954879816,151.4936981201172
2023-03-06,151.4936981201172,153.92618602775224,151.1293223291666,151.4542972077173,87558000,120.0,0.31510000000000005,0.8934,-0.765,25.0,43.0,19.0,1.85392720119808,2.796863698585639,149.29757690429688
2023-03-07,149.29757690429688,151.69066400049135,148.83471383986452,151.36567408118486,56182000,29.0,0.1487,0.9217,-0.5994,7.0,13.0,5.0,-1.4496452612035693,2.8559501606268327,150.5482635498047
2023-03-08,150.5482635498047,151.1391569879468,149.5240652876753,150.48917721139935,47204800,38.0,0.0818,0.7506,-0.6249,7.0,15.0,7.0,0.8377139612316231,1.6150917002714777,148.3029022216797
2023-03-09,148.3029022216797,152.1929083670859,147.9483691410299,151.2277963802791,53833600,69.0,0.1108,0.9501,-0.8074,16.0,21.0,10.0,-1.4914561451465635,4.244539226055991,146.24464416503906
2023-03-10,146.24464416503906,148.64758887079853,145.36816171354923,147.92868001277867,68572400,68.0,0.1504,0.7574,-0.5423,8.0,30.0,8.0,-1.387874428488245,3.2794271572493017,148.18472290039062
2023-03-13,148.18472290039062,150.81417020284252,145.4567883472071,145.56511831219402,84457100,117.0,0.1965,0.8402,-0.8625,27.0,41.0,28.0,1.3265981441085595,5.357381855635424,150.2725372314453
2023-03-14,150.2725372314453,151.07023295988367,147.82036369988242,148.98243524821328,73695900,60.0,0.1435,0.9169,-0.7845,9.0,21.0,7.0,1.408926838199176,3.2498692600012475,150.6664276123047
2023-03-15,150.6664276123047,150.9224733808993,147.6430468705848,148.89376260307495,77167900,67.0,0.0697,0.8481,-0.743,12.0,21.0,11.0,0.26211734234093953,3.2794265103144937,153.4830322265625
2023-03-16,153.4830322265625,154.08376844517147,149.33696504123728,149.84907174243986,76161100,77.0,0.0759,0.8271,-0.7845,12.0,35.0,17.0,1.869430807442729,4.746803403934194,152.6459197998047
2023-03-17,152.6459197998047,154.35949876084172,151.93685367986137,153.70951897971963,98944600,84.0,0.0909,0.8807,-0.7351,16.0,29.0,16.0,-0.5454104044036012,2.4226450809803453,155.0094757080078
2023-03-20,155.0094757080078,155.42311016638172,151.80883520237765,152.71487589238697,73641400,148.0,0.1568,0.7845,-0.8658,21.0,57.0,29.0,1.5483911468468614,3.6142749640040677,156.86093139648438
2023-03-21,156.86093139648438,156.9791040860205,154.16253977805687,154.93070734117964,73938300,62.0,0.0011,0.7184,-0.9042,11.0,23.0,16.0,1.1944145220929236,2.816564307963631,155.43295288085938
2023-03-22,155.43295288085938,159.67749219321786,155.41325242402124,156.88062840402722,75701800,77.0,0.0152,0.802,-0.7717,10.0,29.0,20.0,-0.9103468294572425,4.264239769196621,156.5162353515625
2023-03-23,156.5162353515625,159.0964541870748,155.28521978995877,156.41776312286146,67622100,55.0,0.0474,0.7184,-0.5994,9.0,18.0,11.0,0.6969451783712,3.8112343971160385,157.81617736816406
2023-03-24,157.81617736816406,157.90480687220796,155.45263376473136,156.44728881765926,59196500,75.0,0.0829,0.7783,-0.8442,10.0,32.0,13.0,0.8305477151821838,2.4521731074765967,155.87612915039062
2023-03-27,155.87612915039062,158.3283178086609,155.4723523985585,157.51092158923748,52390300,128.0,0.16449999999999998,0.836,-0.7906,22.0,55.0,28.0,-1.229308839009302,2.8559654101023852,155.2556915283203
2023-03-28,155.2556915283203,156.08294548571627,153.61105638332387,155.57083875533723,45992200,70.0,0.0825,0.7579,-0.5574,7.0,29.0,11.0,-0.39803247966961885,2.471889102392396,158.3282928466797
2023-03-29,158.3282928466797,158.60403911493316,156.92986104995282,156.94954647836764,51305700,85.0,0.0915,0.8402,-0.5994,11.0,34.0,12.0,1.9790587308671448,1.6741780649803388,159.8941650390625
2023-03-30,159.8941650390625,160.0024950198449,158.8207229739758,159.07676882534926,49501700,85.0,0.0915,0.8402,-0.5994,11.0,34.0,12.0,0.9890033955580968,1.1817720458691099,162.3955535888672
2023-03-31,162.3955535888672,162.4940408365555,159.45097422374334,159.9729235769942,68749800,85.0,0.0915,0.8402,-0.5994,11.0,34.0,12.0,1.5644026467092065,3.0430666128121686,163.64627075195312
2023-04-03,163.64627075195312,163.76444342844442,161.725889623748,161.7751332479675,56976200,152.0,0.3094,0.8807,-0.7684,28.0,58.0,25.0,0.7701671230804452,2.03855380469642,163.1144561767578
2023-04-04,163.1144561767578,164.30607057242986,162.60234960420735,164.06972525205444,46278300,59.0,0.1144,0.9001,-0.6705,11.0,23.0,9.0,-0.324978120644992,1.7037209682225125,161.27288818359375
2023-04-05,161.27288818359375,162.54330471265868,159.34266411557562,162.2380152446489,51511700,82.0,0.0894,0.8225,-0.7579,9.0,27.0,9.0,-1.129003545319407,3.2006405970830656,162.1591796875
2023-04-06,162.1591796875,162.4546263515036,159.53957564146498,159.96303767247164,45390100,102.0,0.1107,0.7783,-0.7906,16.0,40.0,13.0,0.5495601361695135,2.915050710038628,159.5691680908203
2023-04-10,159.5691680908203,159.5691680908203,157.6487867222166,158.96843186504725,47716900,155.0,0.3692,0.8591,-0.8689,33.0,57.0,28.0,-1.597203193597152,1.9203813686036995,158.35784912109375
2023-04-11,158.35784912109375,159.89415417908276,158.07224508795338,159.88431146406083,47644200,84.0,0.0881,0.8126,-0.6369,15.0,29.0,13.0,-0.7591184338550439,1.8219090911293847,157.66848754882812
2023-04-12,157.66848754882812,159.59871163720814,157.35334033527027,158.77147274218814,50133100,65.0,0.1464,0.7003,-0.4939,8.0,29.0,7.0,-0.43531885289657124,2.2453713019378654,163.0455322265625
2023-04-13,163.0455322265625,163.28189260314673,158.96840964951016,159.17522685740187,68445600,121.0,0.0286,0.8271,-0.8625,18.0,59.0,32.0,3.41034835897005,4.313482953636566,162.7008514404297
2023-04-14,162.7008514404297,163.79399372639534,161.33196290458474,162.09025757823102,49386500,49.0,0.0892,0.7184,-0.7184,10.0,16.0,9.0,-0.21140155233070335,2.4620308218106004,162.7205810546875
2023-04-17,162.7205810546875,162.87815467656333,161.53880894471416,162.58270789230806,41516200,123.0,0.31930000000000003,0.8949,-0.8442,23.0,44.0,21.0,0.012126312851545862,1.3393457318491642,163.9417266845703
2023-04-18,163.9417266845703,164.8674527745674,163.13417327770642,163.5773508935462,49923000,76.0,0.0472,0.7184,-0.6808,17.0,29.0,19.0,0.7504555489956211,1.7332794968609733,165.08413696289062
2023-04-19,165.08413696289062,165.60608642613127,163.02586725800396,163.2819281451353,47720200,62.0,0.128,0.8519,-0.6597,11.0,26.0,11.0,0.696839237589808,2.5802191681273143,164.1189727783203
2023-04-20,164.1189727783203,165.3204450523275,163.04553091898333,163.56748026442403,52456400,78.0,0.1373,0.8807,-0.8074,12.0,25.0,6.0,-0.5846498654121235,2.2749141333441685,162.51376342773438
2023-04-21,162.51376342773438,163.92203809382642,161.99181400338804,162.54330660065614,58337300,102.0,0.0892,0.7579,-0.7964,8.0,52.0,17.0,-0.9780766497692661,1.9302240904383723,162.8190460205078
2023-04-24,162.8190460205078,163.0849495926161,161.40091367199096,162.49405610505224,41949600,144.0,0.3389,0.8934,-0.8271,30.0,55.0,23.0,0.1878503003895915,1.6840359206251492,161.2827606201172
2023-04-25,161.2827606201172,163.78417796430023,161.2433597017252,162.68119268208375,48714100,77.0,0.2283,0.8126,-0.5994,12.0,41.0,8.0,-0.9435538642064811,2.5408182625750158,161.27288818359375
2023-04-26,161.27288818359375,162.7698073781101,160.32747660698578,160.58352244501583,45498800,83.0,0.1548,0.7871,-0.7783,12.0,39.0,11.0,-0.00612119763171437,2.4423307711243183,165.85223388671875
2023-04-27,165.85223388671875,165.9999497127407,162.6811372537476,162.6811372537476,64902300,87.0,0.1493,0.7096,-0.6486,14.0,38.0,11.0,2.839501266891098,3.3188124589930794,167.10296630859375
2023-04-28,167.10296630859375,167.27039764589344,165.33031595199537,165.93105213681218,55275900,81.0,0.1438,0.872,-0.6249,16.0,36.0,16.0,0.7541245556748288,1.9400816938980654,167.0143280029297
2023-05-01,167.0143280029297,167.86126725124362,166.07875924686118,166.709038569301,52472900,203.0,0.36410000000000003,0.872,-0.8402,41.0,84.0,40.0,-0.05304412460301888,1.7825080043824357,165.9802703857422
2023-05-02,165.9802703857422,167.76279339985444,164.99545801480568,167.50673256610264,48425700,91.0,0.1253,0.8271,-0.7469,22.0,30.0,12.0,-0.6191430576958368,2.767335385048767,164.90684509277344
2023-05-03,164.90684509277344,168.32414556576836,164.6212560883793,166.925713661642,65136000,83.0,0.1721,0.7003,-0.5719,10.0,30.0,4.0,-0.6467186072622311,3.70288947738905,163.27206420898438
2023-05-04,163.27206420898438,164.50307988258416,161.81454585901537,162.38573893481126,81235400,81.0,0.1838,0.7579,-0.6486,14.0,28.0,6.0,-0.9913359769082808,2.688534023568792,170.9339141845703
2023-05-05,170.9339141845703,171.65282310766082,168.1665784150509,168.3832383689214,113453200,71.0,0.1666,0.7845,-0.6486,13.0,28.0,6.0,4.692688864262129,3.4862446926099153,170.86495971679688
2023-05-08,170.86495971679688,171.20965008439242,169.49607101524845,169.86044681233005,55962800,113.0,0.5566,0.7964,-0.5994,18.0,48.0,10.0,-0.0403398401671029,1.7135790691439752,169.1612548828125
2023-05-09,169.1612548828125,170.90436226614003,168.9938385535857,170.42181373691182,45326900,76.0,0.1619,0.8555,-0.6124,14.0,30.0,10.0,-0.9971060402368059,1.9105237125543226,170.92404174804688
2023-05-10,170.92404174804688,171.38690478906514,169.28924951921832,170.39224965147537,53724500,80.0,0.1453,0.6597,-0.8294,10.0,32.0,7.0,1.0420748335400853,2.0976552698468254,171.11117553710938
2023-05-11,171.11117553710938,171.9384144483228,169.5551699505623,171.20966280003566,49514700,95.0,0.1268,0.875,-0.6369,13.0,36.0,11.0,0.10948359701108412,2.3832444977605007,170.1841583251953
2023-05-12,170.1841583251953,171.653548851867,168.6358569767775,171.21962961924467,45533100,80.0,0.1634,0.7764,-0.5267,13.0,38.0,13.0,-0.5417631016818136,3.017691875089497,169.69107055664062
2023-05-15,169.69107055664062,170.81530899814229,169.09935977781652,170.7659972586019,37266700,119.0,0.2419,0.7351,-0.7184,29.0,41.0,23.0,-0.2897377602047224,1.7159492203257685,169.69107055664062
2023-05-16,169.69107055664062,170.74626955321972,169.42479920138675,169.61217478294208,42110300,71.0,0.0819,0.7717,-0.743,10.0,31.0,15.0,0.0,1.3214703518329713,170.302490234375
2023-05-17,170.302490234375,170.53916250241704,168.06386972955488,169.3360433616003,57951600,68.0,0.1443,0.802,-0.8268,16.0,25.0,11.0,0.36031340702178394,2.4752927728621614,172.62986755371094
2023-05-18,172.62986755371094,172.81724313624747,170.19401507639674,170.60820660461047,65496700,79.0,0.2232,0.8658,-0.5423,13.0,37.0,6.0,1.366613791808291,2.6232280598507316,172.7383575439453
2023-05-19,172.7383575439453,173.95134816577144,172.5213979143073,173.95134816577144,55809500,104.0,0.148,0.8689,-0.5267,17.0,46.0,16.0,0.06284543443828561,1.4299502514641347,171.79164123535156
2023-05-22,171.79164123535156,172.2945999966471,171.05201016081833,171.5746815829952,43570900,136.0,0.1659,0.8531,-0.8126,15.0,49.0,22.0,-0.5480637433714741,1.2425898358287668,169.18809509277344
2023-05-23,169.18809509277344,170.98293990870613,168.91196743614205,170.73639628329747,50747300,83.0,0.1459,0.9304,-0.8834,16.0,32.0,10.0,-1.5155255074438156,2.0709724725640797,169.4642333984375
2023-05-24,169.4642333984375,170.03621645106807,168.16249079935005,168.7246024757336,45143500,79.0,0.1026,0.7717,-0.5994,12.0,33.0,14.0,0.16321379202990371,1.8737256517180185,170.59835815429688
2023-05-25,170.59835815429688,171.49576564962197,169.31632809947834,170.02637505144455,56058300,62.0,0.15,0.8316,-0.6818,13.0,22.0,9.0,0.6692413691760324,2.179437550143632,173.0045928955078
2023-05-26,173.0045928955078,173.3399036765556,170.7166757800904,170.92377905521317,54835000,68.0,0.0437,0.802,-0.9022,10.0,27.0,14.0,1.4104677015910339,2.623227896465181,174.84877014160156
2023-05-30,174.84877014160156,176.51540772383512,174.1288668535482,174.51347436884586,55964400,180.0,0.3851,0.7351,-0.6992,27.0,87.0,34.0,1.0659701082083917,2.3865408702869217,174.79945373535156
2023-05-31,174.79945373535156,176.87042648421155,174.3162227478627,174.87834951174753,99625300,66.0,0.1456,0.7351,-0.5994,11.0,32.0,11.0,-0.028205177657270042,2.5542037363488532,177.60018920898438
2023-06-01,177.60018920898438,177.62977324467488,174.4838737017158,175.24323239604442,68901800,82.0,0.1489,0.8038,-0.6369,13.0,30.0,8.0,1.6022564223073354,3.1458995429590857,178.44827270507812
2023-06-02,178.44827270507812,179.26679934554073,176.78163539298924,178.52716847079088,61996900,62.0,0.1275,0.8225,-0.5267,10.0,23.0,11.0,0.4775239823060051,2.4851639525514884,177.0972442626953
2023-06-05,177.0972442626953,182.3929972823034,175.57852688511534,180.10507993454968,121946500,108.0,0.35719999999999996,0.7579,-0.8555,15.0,45.0,13.0,-0.7570980777245495,6.8144703971880745,176.73233032226562
2023-06-06,176.73233032226562,177.6297376380402,174.97692595213158,177.4818174892389,64848400,67.0,0.116,0.6486,-0.6808,7.0,30.0,8.0,-0.20605286205831463,2.652811685908631,175.36160278320312
2023-06-07,175.36160278320312,178.70473461267676,174.86851540394252,175.97302631817985,61944600,74.0,0.1026,0.8834,-0.7579,9.0,28.0,10.0,-0.7755952386091614,3.836219208734235,178.0735626220703
2023-06-08,178.0735626220703,178.33981894141047,175.0065588784877,175.44046308150416,50214900,119.0,0.102,0.7506,-0.8271,22.0,40.0,18.0,1.5464958097012538,3.3332600629227613,178.45814514160156
2023-06-09,178.45814514160156,179.7105759291869,178.13270574903748,178.99067275354267,48900000,75.0,0.1191,0.802,-0.5106,9.0,32.0,9.0,0.2159683413238911,1.5778701801494037,181.24903869628903
2023-06-12,181.24903869628903,181.34766218390047,178.468033910057,178.76388932505995,54274900,96.0,0.1697,0.9169,-0.7717,18.0,41.0,19.0,1.5638925040227125,2.8796282738434797,180.77566528320312
2023-06-13,180.77566528320312,181.60404834381112,179.91769818813273,180.2727216495119,54929100,71.0,0.0741,0.8271,-0.6808,11.0,19.0,11.0,-0.2611729234487825,1.686350155678383,181.40679931640625
2023-06-14,181.40679931640625,181.84071851135664,179.50348972235338,180.83481629104696,57462900,74.0,0.1293,0.8555,-0.6249,15.0,22.0,8.0,0.34912554862647216,2.3372287890032624,183.43832397460935
2023-06-15,183.43832397460935,183.94128262941163,181.23915892536104,181.41667817053525,65433200,77.0,0.0758,0.7717,-0.7351,7.0,33.0,12.0,1.1198723894906282,2.7021237040505923,182.3634033203125
2023-06-16,182.3634033203125,184.4047919439357,181.722395856144,184.14837692000424,101256200,74.0,0.077,0.7264,-0.802,14.0,24.0,12.0,-0.5859847773389104,2.6823960877916875,182.45216369628903
2023-06-20,182.45216369628903,183.52710548415504,181.8604679443372,181.8604679443372,49799100,166.0,0.3775,0.7902,-0.8442,24.0,70.0,27.0,0.048672252414938555,1.666637539817856,181.4167022705078
2023-06-21,181.4167022705078,182.84665255889604,180.06563271508736,182.34369383727915,49515700,72.0,0.1208,0.7906,-0.4404,10.0,29.0,11.0,-0.5675248814833722,2.7810198438086786,184.41465759277344
2023-06-22,184.41465759277344,184.46396933431623,181.13069423738705,181.1997336851132,51245300,75.0,0.0599,0.743,-0.5994,8.0,23.0,11.0,1.6525244284263385,3.333275096929185,184.09909057617188
2023-06-23,184.09909057617188,184.96692915011988,182.45218058994396,182.9847233686237,53117000,77.0,0.1031,0.6597,-0.7351,10.0,28.0,10.0,-0.1711181858973454,2.514748560175917,182.7085876464844
2023-06-26,182.7085876464844,185.45015206010265,182.66913223239737,184.2470177435845,48088700,140.0,0.1198,0.8591,-0.7906,23.0,45.0,21.0,-0.755301357185223,2.781019827705279,185.45999145507807
2023-06-27,185.45999145507807,185.78543087633776,183.10303478095216,183.3199943951253,50730800,101.0,0.1269,0.8402,-0.765,12.0,30.0,9.0,1.5058973658738095,2.6823960953855988,186.6335601806641
2023-06-28,186.6335601806641,187.2745677103686,185.00637796044083,185.33180236622024,51216800,89.0,0.1058,0.743,-0.8271,7.0,46.0,14.0,0.632788083499003,2.268189749927757,186.9688262939453
2023-06-29,186.9688262939453,187.4422009047134,186.32781886596203,186.4658826988121,46347300,89.0,0.1058,0.743,-0.8271,7.0,46.0,14.0,0.17963870643451507,1.1143820387513586,191.2882843017578
2023-06-30,191.2882843017578,191.79122791985355,188.6157445714927,188.9806393982648,85213200,89.0,0.1058,0.743,-0.8271,7.0,46.0,14.0,2.3102557220002096,3.1754833483608422,189.79917907714844
2023-07-03,189.79917907714844,191.19954526937025,189.10884478636748,191.10092178559267,31458200,135.0,0.3061,0.875,-0.5994,14.0,40.0,10.0,-0.7784612790296741,2.090700483002763,188.68478393554688
2023-07-05,188.68478393554688,190.311965971159,187.98459336367247,188.92147125163748,46920300,169.0,0.2657,0.8658,-0.7269,31.0,65.0,25.0,-0.5871443422569178,2.3273726074865237,189.15817260742188
2023-07-06,189.15817260742188,189.3652759218269,186.58425595947688,187.21540718494305,45094300,82.0,0.0544,0.802,-0.8402,20.0,27.0,17.0,0.2508886312934999,2.7810199623500296,188.04376220703125
2023-07-07,188.04376220703125,190.0062550438309,187.60985803081863,188.7636804868427,46815000,77.0,0.0986,0.7184,-0.7579,11.0,19.0,5.0,-0.5891420841242057,2.396397013012262,186.00238037109372
2023-07-10,186.00238037109372,187.36330604998784,184.4540791221688,186.6433878022031,59922200,125.0,0.3591,0.8074,-0.7717,18.0,48.0,14.0,-1.08558870125669,2.9092269278190486,185.47972106933597
2023-07-11,185.47972106933597,186.68285528837708,184.02018687082852,186.5447914459214,46638100,85.0,0.1357,0.7506,-0.7184,12.0,31.0,9.0,-0.28099602849973593,2.6626684175485593,187.14633178710935
2023-07-12,187.14633178710935,189.04964127499804,185.86430197749195,187.057564649218,60750200,86.0,0.0725,0.7845,-0.6908,10.0,37.0,15.0,0.8985406642650462,3.18533929750609,187.9057159423828
2023-07-13,187.9057159423828,188.54673850979384,187.15622860664624,187.8662755764309,41342300,93.0,0.1229,0.8221,-0.6597,10.0,45.0,18.0,0.40577025903842934,1.3905099031476027,188.05364990234372
2023-07-14,188.05364990234372,188.53686585918996,187.00830716161784,187.6000029338883,41616200,88.0,0.101,0.8271,-0.7184,12.0,35.0,14.0,0.0787277594079594,1.528558697572123,191.3080291748047
2023-07-17,191.3080291748047,191.6334686208352,189.1581605746784,189.2469126832782,50520200,133.0,0.3062,0.8807,-0.765,20.0,51.0,21.0,1.7305589517411457,2.4753080461568118,191.05160522460935
2023-07-18,191.05160522460935,191.64331601668744,189.75971887799716,190.6768691009351,48288200,101.0,0.1268,0.8176,-0.6705,16.0,43.0,17.0,-0.13403721281401992,1.883597138690277,192.4026641845703
2023-07-19,192.4026641845703,195.4893803490621,189.9865244553515,190.4303150490968,80507300,80.0,0.1968,0.8402,-0.3818,13.0,32.0,6.0,0.7071696457994214,5.502855893710574,190.4599151611328
2023-07-20,190.4599151611328,193.7537348839622,189.8386203157028,192.3928090502892,59581200,93.0,0.2042,0.8481,-0.7003,21.0,36.0,10.0,-1.0097308328193555,3.915114568259412,189.286376953125
2023-07-21,189.286376953125,192.2744851317762,188.58618628535973,191.41651794617292,71951700,116.0,0.1349,0.7845,-0.8442,13.0,61.0,21.0,-0.6161602072619732,3.6882988464164725,190.08514404296875
2023-07-24,190.08514404296875,192.21528467718613,189.59205676918677,190.73602285584008,45377800,135.0,0.3614,0.8316,-0.7717,21.0,60.0,23.0,0.4219886833385589,2.6232279079993646,190.943115234375
2023-07-25,190.943115234375,191.75178560391285,190.2527960456413,190.65713123041024,37283200,114.0,0.1718,0.8126,-0.7717,29.0,49.0,19.0,0.4513615178744823,1.4989895582715462,191.8109588623047
2023-07-26,191.8109588623047,192.9351972994816,190.6472800623453,190.99243214213985,47471900,109.0,0.1386,0.8555,-0.6808,13.0,47.0,14.0,0.4545037546205499,2.2879172371362984,190.54864501953125
2023-07-27,190.54864501953125,194.47361545879667,189.88790988625556,193.3099367294592,47460200,121.0,0.1342,0.8689,-0.7579,23.0,47.0,16.0,-0.658103087675832,4.585705572541116,193.12255859375
2023-07-28,193.12255859375,193.91150122150717,191.45592124266815,191.9785925358936,48291400,102.0,0.0815,0.8047,-0.802,13.0,44.0,20.0,1.3507908040778283,2.455579978839012,193.73399353027344
2023-07-31,193.73399353027344,193.77344894031904,192.56044337061044,193.34938604539337,38824100,87.0,0.3885,0.7096,-0.6369,21.0,33.0,18.0,0.31660461676548124,1.2130055697085993,192.90562438964844
2023-08-01,192.90562438964844,194.0101351852124,192.5801849485631,193.52691923606864,35175100,98.0,0.2026,0.8271,-0.765,30.0,34.0,10.0,-0.4275806870700505,1.4299502366492902,189.91751098632807
2023-08-02,189.91751098632807,192.48155598125388,189.19760772385695,192.3434921357412,50389300,93.0,0.1291,0.7184,-0.6705,15.0,37.0,13.0,-1.549002737880112,3.283948257396929,188.52700805664065
2023-08-03,188.52700805664065,189.710414639766,188.0536484329567,188.92148694956984,61235200,111.0,0.1367,0.7845,-0.8625,13.0,48.0,15.0,-0.7321615171059781,1.6567662068092943,179.4739227294922
2023-08-04,179.4739227294922,184.78940327661547,179.40488328381886,182.95511789971007,115956800,95.0,0.1459,0.9001,-0.7964,13.0,44.0,13.0,-4.80200976001729,5.384519992796612,176.3773193359375
2023-08-07,176.3773193359375,180.59814508763776,174.89805755245857,179.61197056531847,97576100,157.0,0.3073,0.8838,-0.6249,29.0,65.0,30.0,-1.7253778969449352,5.700087535179193,177.31419372558594
2023-08-08,177.31419372558594,177.77769698523286,175.12488493894773,177.205713919119,67823000,82.0,0.1234,0.8126,-0.802,17.0,33.0,14.0,0.531176226725627,2.652812046285135,175.72647094726562
2023-08-09,175.72647094726562,178.42857997538025,174.5627769846933,178.36941190145535,60378500,113.0,0.1124,0.7909,-0.7506,13.0,46.0,15.0,-0.8954290375521201,3.8658029906869444,175.50949096679688
2023-08-10,175.50949096679688,178.25105509162734,175.14461118800062,176.99860916334498,54686900,109.0,0.1173,0.8126,-0.8555,15.0,50.0,20.0,-0.12347597905945085,3.1064439036267117,175.56875610351562
2023-08-11,175.56875610351562,176.38838822312198,174.34425781198718,175.10464195853916,52036700,111.0,0.1386,0.8442,-0.8658,15.0,44.0,13.0,0.03376748254029227,2.0441304111348018,177.2178955078125
2023-08-14,177.2178955078125,177.44501774834183,175.09474782272636,175.74650562753334,43675600,152.0,0.3643,0.8689,-0.743,27.0,56.0,28.0,0.9393125752537257,2.350269925615464,175.2329559326172
2023-08-15,175.2329559326172,177.23759212733944,174.8379595164921,176.64509750315182,43622600,36.0,0.059,0.802,-0.6486,4.0,16.0,8.0,-1.1200559455395442,2.399632610847334,174.36399841308594
2023-08-16,174.36399841308594,176.30937200366554,174.29486573787133,174.91699954220002,46964900,76.0,0.1516,0.802,-0.7906,15.0,33.0,12.0,-0.49588704071475975,2.0145062657942105,171.8261260986328
2023-08-17,171.8261260986328,175.29226839022536,171.31261851419777,174.92689581745674,66062900,92.0,0.1035,0.8402,-0.5574,11.0,44.0,16.0,-1.4555024761709445,3.979649876027594,172.30999755859375
2023-08-18,172.30999755859375,172.9123770667114,169.8116075662743,170.14735612669347,61172200,83.0,0.072,0.8826,-0.828,11.0,38.0,19.0,0.28160528957230646,3.10076950043711,173.64309692382812
2023-08-21,173.64309692382812,173.92948217703207,171.56934282132403,172.88272795365145,46311900,131.0,0.31079999999999997,0.8689,-0.765,12.0,56.0,18.0,0.7736633881507915,2.360139355708043,175.01576232910156
2023-08-22,175.01576232910156,175.46013721394584,174.04801023595033,174.8478880423005,42038900,106.0,0.0833,0.7184,-0.5574,7.0,36.0,11.0,0.7905096313017168,1.4121269779955128,178.85716247558594
2023-08-23,178.85716247558594,179.2817980823254,176.10202612434662,176.289654759779,52722800,72.0,0.0679,0.8807,-0.8126,14.0,31.0,17.0,2.1948881034274947,3.1797719579787724,174.17636108398438
2023-08-24,174.17636108398438,178.83739189345877,173.81097351698816,178.41275636104422,54945800,87.0,0.0518,0.8271,-0.7717,14.0,31.0,18.0,-2.6170611938677535,5.026418376470616,176.37850952148438
2023-08-25,176.37850952148438,176.91175631972774,173.62337343895007,175.16388093182096,51449600,86.0,0.0792,0.7351,-0.7964,14.0,28.0,13.0,1.264321073074992,3.288382880777675,177.93878173828125
2023-08-28,177.93878173828125,178.33377827348758,176.3192718348921,177.8400250704037,43820700,162.0,0.2676,0.9246,-0.8316,19.0,77.0,27.0,0.8846158304829155,2.0145064385954754,181.8196563720703
2023-08-29,181.8196563720703,182.5899100858624,177.2573820568172,177.45488030453177,53003900,85.0,0.1082,0.8398,-0.8689,16.0,31.0,12.0,2.181016749624143,5.332528029045221,185.3055419921875
2023-08-30,185.3055419921875,185.50305529692773,182.43191025327192,182.62940848986256,60813900,85.0,0.1082,0.8398,-0.8689,16.0,31.0,12.0,1.9172215423088224,3.071145043655804,185.52281188964844
2023-08-31,185.52281188964844,186.75719481874472,185.13768501849643,185.4931879048022,60794500,85.0,0.1082,0.8398,-0.8689,16.0,31.0,12.0,0.11724954101486329,1.619509800248295,187.09295654296875
2023-09-01,187.09295654296875,187.5472010181368,185.9276912341992,187.12258052751665,45766500,79.0,0.0995,0.8402,-0.5574,9.0,29.0,10.0,0.8463350880290932,1.619509783937616,187.32994079589844
2023-09-05,187.32994079589844,187.6064413525269,185.26605625958229,185.92768366781115,45280000,225.0,0.5839,0.8573,-0.7579,39.0,79.0,23.0,0.12666658184712354,2.340385092944615,180.624755859375
2023-09-06,180.624755859375,186.4905448774819,179.2027445739978,186.0461550496904,81755800,93.0,0.1002,0.802,-0.8271,14.0,32.0,12.0,-3.57934503584183,7.287800303484119,175.34161376953125
2023-09-07,175.34161376953125,175.98350189646143,171.37183427986267,172.99134398653018,112488800,77.0,0.1054,0.765,-0.5994,17.0,26.0,14.0,-2.9249269097736175,4.611667616598766,175.95387268066406
2023-09-08,175.95387268066406,177.98814840122637,175.56874581023814,176.12176201867752,65551300,85.0,0.1151,0.8402,-0.6652,15.0,27.0,9.0,0.3491806069137571,2.419402590988227,177.11912536621094
2023-09-11,177.11912536621094,178.0473836718388,175.1243584797436,177.82026144859472,58953100,125.0,0.15610000000000002,0.7003,-0.8225,18.0,50.0,20.0,0.6622489563851142,2.9230251920951957,174.09738159179688
2023-09-12,174.09738159179688,177.8795329175836,172.63587633671216,177.2475294233725,90370200,78.0,0.0938,0.8126,-0.8858,9.0,26.0,9.0,-1.7060516577000473,5.243656580871431,172.0334930419922
2023-09-13,172.0334930419922,175.0848841389881,171.80635572558617,174.30474566083996,84267900,81.0,0.0861,0.8074,-0.8779,12.0,28.0,13.0,-1.1854793742066994,3.278528413401915,173.54437255859375
2023-09-14,173.54437255859375,173.89987544974738,171.41135521167203,171.82610607332606,60895800,92.0,0.0958,0.8016,-0.7783,14.0,37.0,14.0,0.8782473051528239,2.4885202380753526,172.82347106933594
2023-09-15,172.82347106933594,174.29486087176767,171.6483512368518,174.27510652680778,109259500,94.0,0.1099,0.8807,-0.7351,16.0,38.0,16.0,-0.4153989430077387,2.6465096349158728,175.74649047851562
2023-09-18,175.74649047851562,177.13887792290447,173.9689761950564,174.2751007250675,67257600,120.0,0.4156,0.7902,-0.6369,16.0,50.0,18.0,1.6913324278778008,3.169901727848071,176.832763671875
2023-09-19,176.832763671875,177.38576479928514,174.91699900323945,175.30212586469654,51826900,56.0,0.0085,0.7351,-0.7717,6.0,18.0,12.0,0.6180909731976492,2.4687657960456875,173.29747009277344
2023-09-20,173.29747009277344,177.45486279571944,173.20858308214417,177.02035765272817,58436200,72.0,0.0367,0.6369,-0.7184,6.0,28.0,11.0,-1.999229953597026,4.246279713575262,171.75698852539062
2023-09-21,171.75698852539062,174.0973890433764,171.68787090976878,172.36925276684747,63149100,86.0,0.1329,0.836,-0.7184,11.0,43.0,15.0,-0.8889232869690011,2.4095181336076337,172.60623168945312
2023-09-22,172.60623168945312,174.8676297137013,171.87548661966315,172.48773574692532,56725400,68.0,0.1157,0.7096,-0.5719,10.0,31.0,10.0,0.49444460534249224,2.9921430940381413,173.88009643554688
2023-09-25,173.88009643554688,174.75897636563758,171.97420160197885,172.02357992644104,46172700,119.0,0.3962,0.7351,-0.8402,20.0,51.0,19.0,0.7380178187225805,2.7847747636587314,169.81158447265625
2023-09-26,169.81158447265625,173.01109513731117,169.51532957863083,172.63585300181884,64588900,94.0,0.0366,0.7717,-0.8176,15.0,37.0,21.0,-2.3398376503654172,3.495765558680347,168.30072021484375
2023-09-27,168.30072021484375,170.87811270067803,166.93797153448685,170.46336179203436,66921800,80.0,0.0928,0.7096,-0.6908,5.0,42.0,12.0,-0.8897297922897507,3.9401411661911823,168.5574493408203
2023-09-28,168.5574493408203,169.88070413963854,165.52579782856736,167.22430983558627,56294400,80.0,0.1003,0.8934,-0.8689,14.0,34.0,13.0,0.15254190573208426,4.354906311071176,169.07095336914062
2023-09-29,169.07095336914062,170.90771561508154,168.21181267677895,169.870831028669,51861100,80.0,0.1003,0.8934,-0.8689,14.0,34.0,13.0,0.3046462973475661,2.695902938302595,171.5792236328125
2023-10-02,171.5792236328125,172.12235512412923,168.79444856905252,169.0808338409062,52164500,144.0,0.2361,0.8934,-0.8689,23.0,62.0,27.0,1.4835607262445816,3.3279065550767086,170.24606323242188
2023-10-03,170.24606323242188,171.46070671019788,168.68581669291316,170.1078129668395,49594600,79.0,0.0786,0.6808,-0.836,6.0,26.0,9.0,-0.7769940743196591,2.7748900172847186,171.4903564453125
2023-10-04,171.4903564453125,172.03348795172127,168.8339619515459,168.9524578917983,53020300,92.0,0.0644,0.802,-0.6486,10.0,35.0,16.0,0.7308792868777836,3.199526000175382,172.72476196289062
2023-10-05,172.72476196289062,173.25800883188634,170.52261166431626,171.61874445939648,48527900,80.0,0.0854,0.7906,-0.7906,20.0,29.0,18.0,0.7198104564974495,2.7353971675700848,175.2725067138672
2023-10-06,175.2725067138672,175.76625988669193,171.0163417068709,171.6286058875163,57266700,98.0,0.161,0.8807,-0.8126,24.0,35.0,13.0,1.475031560051554,4.749918179821037,176.75379943847656
2023-10-09,176.75379943847656,176.81304741944209,173.6036511931428,174.60102736508813,42390800,118.0,0.0916,0.8979,-0.9186,40.0,43.0,33.0,0.8451369540960485,3.209396226299276,176.1612548828125
2023-10-10,176.1612548828125,177.47464011941017,175.72674968355904,175.8748846750232,43698000,76.0,0.0488,0.7184,-0.7351,15.0,30.0,17.0,-0.3352372382073199,1.747890435851133,177.55364990234375
2023-10-11,177.55364990234375,177.60302823490863,175.38113888285298,175.9736336691769,47551100,104.0,0.0481,0.8225,-0.8462,26.0,48.0,28.0,0.7904093442440141,2.221889352055655,178.45228576660156
2023-10-12,178.45228576660156,180.0619109305439,176.80313684087554,177.8202822818536,56743100,87.0,0.0492,0.7717,-0.8779,16.0,33.0,19.0,0.5061207498421316,3.25877408966835,176.61549377441406
2023-10-13,176.61549377441406,179.6569996772118,175.9143577270369,179.1533769286896,51427100,91.0,0.1098,0.802,-0.5423,9.0,34.0,12.0,-1.029290257783444,3.7426419501748853,176.4871368408203
2023-10-16,176.4871368408203,176.84263973108403,174.3047411678942,174.54174811745375,52517000,148.0,-0.015699999999999992,0.8658,-0.9545,40.0,59.0,40.0,-0.07267591922467398,2.5378985631898274,174.93673706054688
2023-10-17,174.93673706054688,176.19087429527403,172.61610626933813,174.44298390478113,57549400,80.0,0.1323,0.8689,-0.8225,11.0,37.0,11.0,-0.8784774958822017,3.574768025935896,173.64309692382812
2023-10-18,173.64309692382812,175.36136323860268,172.92222157401596,173.38635072108465,54764400,103.0,0.146,0.9001,-0.5994,25.0,37.0,19.0,-0.7394902628548583,2.439141664586714,173.26788330078125
2023-10-19,173.26788330078125,175.6181383369893,173.0012523479638,173.84062376512662,59302900,98.0,0.1445,0.7845,-0.9136,16.0,49.0,14.0,-0.21608323607097413,2.6168859890254907,170.72007751464844
2023-10-20,170.72007751464844,173.22833664495803,170.4830706009531,173.1197103596996,64244000,109.0,0.1269,0.875,-0.8308,22.0,52.0,21.0,-1.470443187506365,2.7452660440049215,170.83859252929688
2023-10-23,170.83859252929688,171.8359684831129,167.80694090892598,168.77470794688867,55980100,128.0,0.16240000000000002,0.836,-0.8519,28.0,47.0,27.0,0.06942066590747142,4.029027574186927,171.27308654785156
2023-10-24,171.27308654785156,171.5002087664513,169.3079436842464,170.8879597127696,43816600,30.0,0.0699,0.7845,-0.8442,8.0,15.0,9.0,0.2543301323910008,2.192265082204898,168.9623565673828
2023-10-25,168.9623565673828,170.89786073622298,168.5179666183954,169.73261037900426,57157000,85.0,0.1353,0.743,-0.7906,15.0,35.0,12.0,-1.3491494939709359,2.3798941178275754,164.80491638183594
2023-10-26,164.80491638183594,169.23882483986895,163.60015755926395,168.24143389027685,70625300,93.0,0.1914,0.926,-0.8834,23.0,47.0,17.0,-2.4605718516294894,5.638667280605006,166.11831665039062
2023-10-27,166.11831665039062,166.8490767618186,164.7456834493569,164.82468576422622,58499100,96.0,0.1796,0.796,-0.5994,14.0,40.0,8.0,0.7969424076595288,2.103393312461691,168.1624298095703
2023-10-30,168.1624298095703,169.0314401165317,166.7601727667049,166.90830774256386,51131000,74.0,-0.0284,0.5719,-0.8074,16.0,25.0,18.0,1.2305164176938277,2.2712673498268146,168.63644409179688
2023-10-31,168.63644409179688,168.764809656098,165.8022909489589,167.23418704526227,44846000,21.0,-0.0187,0.5719,-0.5994,6.0,3.0,4.0,0.28187882558745603,2.962518707139111,171.7964630126953
2023-11-01,171.7964630126953,172.0532092124064,167.99455793411695,168.86356825336904,56934900,101.0,0.142,0.8481,-0.7579,20.0,45.0,17.0,1.8738647733690827,4.058651278289432,175.35150146484375
2023-11-02,175.35150146484375,175.5588693503195,173.26786256268767,173.32711052996643,77334800,110.0,0.1214,0.8442,-0.7184,16.0,49.0,17.0,2.0693315740067053,2.2910067876318294,174.4429931640625
2023-11-03,174.4429931640625,174.61088250590672,171.18423421755685,172.06311427874405,79829200,80.0,0.1583,0.836,-0.765,23.0,29.0,13.0,-0.5181069413103367,3.426648288349867,176.99073791503906
2023-11-06,176.99073791503906,177.18823614800198,174.00847994055556,174.17635419198152,63841300,168.0,0.1408,0.8476,-0.8979,36.0,67.0,35.0,1.4605027721465547,3.1797562074464167,179.54843139648438
2023-11-07,179.54843139648438,180.1606805785339,176.7340319643902,176.94139988237026,70530000,81.0,0.1466,0.8528,-0.8074,10.0,43.0,11.0,1.445100185227255,3.4266486141437156,180.60504150390625
2023-11-08,180.60504150390625,181.15804266662397,179.3212801943679,180.07179468790036,49340300,74.0,0.0747,0.7501,-0.8316,13.0,30.0,13.0,0.5884819484101467,1.8367624722560834,180.13099670410156
2023-11-09,180.13099670410156,181.8196237474368,179.53848699912388,180.6741280889732,53763500,69.0,0.138,0.8516,-0.6124,12.0,29.0,9.0,-0.26247595075823416,2.2811367483129175,184.31369018554688
2023-11-10,184.31369018554688,184.48180071812672,181.47581782404296,181.9108954867133,66133400,65.0,0.2086,0.8885,-0.7717,11.0,28.0,5.0,2.3220287224170244,3.0059828940837576,182.73159790039065
2023-11-13,182.73159790039065,183.94782669363863,182.1482051958573,183.74018560328048,43627500,70.0,0.14,0.8519,-0.8442,12.0,33.0,12.0,-0.858369382959856,1.7996214977813452,185.342041015625
2023-11-14,185.342041015625,186.0045400899508,184.214801307548,185.5991254795717,60108400,45.0,0.0162,0.8481,-0.7351,8.0,14.0,10.0,1.4285668955061226,1.7897387824028215,185.9056396484375
2023-11-15,185.9056396484375,187.3789678351275,185.67821821290843,185.7474419604177,53790500,48.0,0.0216,0.7506,-0.765,5.0,20.0,10.0,0.3040856946023407,1.700749622219064,187.58665466308597
2023-11-16,187.58665466308597,188.82266388785249,186.5385061665612,187.4482222334322,54412900,84.0,0.0805,0.765,-0.802,19.0,37.0,20.0,0.9042302416577552,2.2841577212912796,187.5668792724609
2023-11-17,187.5668792724609,188.24915879673333,186.459419805818,188.1206090057824,50922700,82.0,0.1117,0.9423,-0.7964,19.0,37.0,19.0,-0.010542002926905436,1.789738990915339,189.30715942382807
2023-11-20,189.30715942382807,189.7620174322178,187.75473976876387,187.76462241033667,46505100,108.0,0.3029,0.7964,-0.8555,20.0,48.0,22.0,0.9278184709994752,2.0072776634539196,188.50624084472656
2023-11-21,188.50624084472656,189.3763961789433,187.61632022600733,189.26762676216623,38134500,69.0,0.0215,0.8271,-0.7506,7.0,24.0,13.0,-0.42307886375727577,1.7600759529359777,189.1687164306641
2023-11-22,189.1687164306641,190.77057938008176,188.6940931656517,189.3467095850447,39617700,77.0,0.1098,0.7717,-0.836,17.0,30.0,14.0,0.35143429892234845,2.076486214430048,187.84371948242188
2023-11-24,187.84371948242188,188.76330300712377,187.13177703645837,188.73363999587545,24048300,153.0,0.2359,0.8555,-0.8316,23.0,66.0,24.0,-0.7004313256668282,1.6315259706653933,187.6657257080078
2023-11-27,187.6657257080078,188.53588093642716,186.78568783853885,187.79427548166112,40552600,94.0,0.26470000000000005,0.7269,-0.5994,15.0,44.0,21.0,-0.09475630854440809,1.7501930978883138,188.26889038085935
2023-11-28,188.26889038085935,188.9412871423915,187.28008315178343,187.6558347269926,38415400,73.0,0.094,0.8519,-0.802,13.0,26.0,11.0,0.321403746249338,1.6612039906080724,187.25042724609372
2023-11-29,187.25042724609372,189.9399842182602,186.8549103746581,188.7633011569372,43014200,73.0,0.094,0.8519,-0.802,13.0,26.0,11.0,-0.5409619893681383,3.0850738436021174,187.82394409179688
2023-11-30,187.82394409179688,188.18981305356235,186.08364867108205,187.71517468500207,48794400,73.0,0.094,0.8519,-0.802,13.0,26.0,11.0,0.3062833309049884,2.1061643824803014,189.09950256347656
2023-12-01,189.09950256347656,189.4159130354433,187.11199034893104,188.1996843513192,45704800,80.0,0.1259,0.7269,-0.83,15.0,36.0,13.0,0.6791245268794155,2.3039226865122657,187.3097686767578
2023-12-04,187.3097686767578,187.9228394923183,185.35193435249076,187.8536157357217,43389500,100.0,0.2419,0.8271,-0.8397,20.0,39.0,20.0,-0.9464508697572982,2.570905139827545,191.2550811767578
2023-12-05,191.2550811767578,192.22410797955845,188.0513405114985,188.08101860758427,66628400,81.0,0.1092,0.9231,-0.8519,14.0,30.0,11.0,2.1063036529656243,4.172767468059959,190.16741943359372
2023-12-06,190.16741943359372,192.5800964734148,189.95976327032972,192.27356863697855,41089700,68.0,0.1244,0.7096,-0.6808,13.0,28.0,11.0,-0.5686969132908337,2.620333203085096,192.09559631347656
2023-12-07,192.09559631347656,192.817421410012,191.42319951100376,191.46276025185608,47477700,70.0,0.0919,0.8204,-0.7906,9.0,30.0,12.0,1.0139365016498925,1.3942218990082438,193.5194854736328
2023-12-08,193.5194854736328,193.79635031367133,191.50231010992096,192.02637677770835,53406400,93.0,0.1681,0.9118,-0.7003,24.0,32.0,11.0,0.7412398761253325,2.29404020375037,191.01780700683597
2023-12-11,191.01780700683597,191.32434997590968,189.27751140798415,190.948598334338,60943700,121.0,0.359,0.9268,-0.6249,18.0,57.0,20.0,-1.2927269110260764,2.0468385679255334,192.5306854248047
2023-12-12,192.5306854248047,192.54056806660665,189.57414602172835,190.9189246189266,52696900,87.0,0.0664,0.6398,-0.886,10.0,32.0,11.0,0.7920091020176878,2.9664220448783,195.74429321289065
2023-12-13,195.74429321289065,195.7838388648497,192.66910200901864,192.9064060967763,70404200,96.0,0.0745,0.8495,-0.7269,11.0,38.0,15.0,1.669140574135164,3.114736855831069,195.89260864257807
2023-12-14,195.89260864257807,197.38570218691584,193.96443748585023,195.80361960949875,66831600,80.0,0.1159,0.8834,-0.7783,18.0,29.0,15.0,0.07576998912868227,3.42126470106561,195.3586883544922
2023-12-15,195.3586883544922,196.179385232048,194.7950608853233,195.3191276085836,128538400,74.0,0.0654,0.7777,-0.8481,7.0,28.0,10.0,-0.27255764869621446,1.3843243467246964,193.6974639892578
2023-12-18,193.6974639892578,194.4291868327445,192.21425301938103,193.8952224343076,55751900,132.0,0.4455,0.872,-0.7506,18.0,53.0,13.0,-0.8503457815093207,2.214933813363473,194.7357177734375
2023-12-19,194.7357177734375,194.7456004150459,193.69746706046115,193.9644492639128,40714100,94.0,0.122,0.8885,-0.7351,18.0,32.0,12.0,0.5360182641509725,1.0481333545847633,192.6493225097656
2023-12-20,192.6493225097656,195.46741418063525,192.6493225097656,194.69614571593397,52242800,90.0,0.0706,0.7184,-0.8176,12.0,37.0,18.0,-1.0713983482471767,2.8180916708696486,192.50099182128903
2023-12-21,192.50099182128903,194.87413831888384,191.33420648650613,193.90511142023345,46482500,89.0,0.1099,0.7184,-0.7184,9.0,40.0,14.0,-0.07699517784135468,3.539931832377704,191.4330902099609
2023-12-22,191.4330902099609,193.22282892375424,190.81013681243016,192.9953923922105,37149600,84.0,0.1228,0.8481,-0.8591,17.0,25.0,8.0,-0.554751225551875,2.412692111324077,190.88926696777344
2023-12-26,190.88926696777344,191.7198615425509,190.67172813799797,191.44299668429173,28919300,165.0,0.34550000000000003,0.8689,-0.8834,23.0,77.0,38.0,-0.28408006243383355,1.0481334045529138,190.98812866210935
2023-12-27,190.98812866210935,191.3342172608312,188.95118798803827,190.33552729492325,48087700,76.0,0.1388,0.7783,-0.765,13.0,33.0,11.0,0.05179007489855003,2.3830292727929248,191.41329956054688
2023-12-28,191.41329956054688,192.4812131469618,191.00788498748184,191.9670291783916,34049900,81.0,0.0753,0.7906,-0.8047,18.0,34.0,14.0,0.22261640103806712,1.473328159479962,190.37506103515625
2023-12-29,190.37506103515625,192.2241257878035,189.58401220758475,191.72972215657148,42672100,72.0,0.0633,0.8316,-0.8714,16.0,33.0,16.0,-0.5424066811314798,2.6401135802187525,183.5621795654297
2024-01-02,183.5621795654297,186.3308429174033,181.8317668564464,185.0552730997862,82488700,284.0,0.24159999999999998,0.8316,-0.8714,54.0,117.0,59.0,-3.5786627894860867,4.499076060956895,182.18772888183597
2024-01-03,182.18772888183597,183.7994894661828,181.37689972544035,182.1580658725045,58414500,87.0,0.0995,0.7783,-0.6597,9.0,35.0,12.0,-0.7487657244251711,2.4225897407424384,179.87396240234375
2024-01-04,179.87396240234375,181.04074792224716,178.85549196107084,180.11126652815247,71983600,80.0,0.0771,0.7783,-0.8271,11.0,31.0,11.0,-1.269990297202117,2.185255961176324,179.152099609375
2024-01-05,179.152099609375,180.7144169560074,178.15340966673114,179.953046197359,62379700,77.0,0.1205,0.875,-0.7717,12.0,34.0,12.0,-0.4013158899307978,2.5610072892762616,183.4830780029297
2024-01-08,183.4830780029297,183.52263874374276,179.46852282651062,180.0519155054874,59144500,137.0,0.151,0.8555,-0.7351,19.0,50.0,23.0,2.4174868187411658,4.054115917232139,183.0677795410156
2024-01-09,183.0677795410156,183.07766218215255,180.68475037086023,181.8614334502317,42841800,73.0,0.0278,0.8268,-0.8442,12.0,27.0,14.0,-0.22634156045030496,2.392911811292322,184.10601806640625
2024-01-10,184.10601806640625,184.31365913260456,181.8614214601624,182.286616409046,46792900,84.0,0.1708,0.8868,-0.8519,19.0,28.0,9.0,0.567133401625175,2.452237672442152,183.5127410888672
2024-01-11,183.5127410888672,184.9564063690912,181.5647895230864,184.4521049955326,49128400,101.0,0.1198,0.8689,-0.8316,13.0,41.0,13.0,-0.3222474657645691,3.3916168460048084,183.83905029296875
2024-01-12,183.83905029296875,184.64987951630312,183.1172251929773,183.97748271061096,40477800,95.0,0.1182,0.7717,-0.6249,12.0,51.0,19.0,0.1778128331392237,1.5326543233258292,181.57472229003903
2024-01-16,181.57472229003903,182.19766074228528,178.90493002496626,180.12117408812333,65603000,238.0,0.18830000000000002,0.8074,-0.8625,48.0,68.0,34.0,-1.231690437543731,3.2927307173190172,180.6353302001953
2024-01-17,180.6353302001953,180.88253205239923,178.28197882705663,179.2411232206481,47317400,82.0,0.053,0.8176,-0.8176,13.0,31.0,15.0,-0.5173584064984471,2.600553225342594,186.5187225341797
2024-01-18,186.5187225341797,187.02300881659585,183.75005912545996,184.0071435872404,78005800,105.0,0.0637,0.7783,-0.7506,19.0,47.0,26.0,3.2570551549710114,3.272949691135892,189.4159240722656
2024-01-19,189.4159240722656,189.80155831594575,186.70660172518024,187.2108880167613,68903000,97.0,0.1524,0.8225,-0.7845,21.0,33.0,12.0,1.5533033353019032,3.09495659076552,191.7198638916016
2024-01-22,191.7198638916016,193.143748944668,190.1081030206995,190.1476637655088,60133900,153.0,0.5109,0.765,-0.9001,22.0,82.0,24.0,1.2163390330672597,3.0356459239685023,192.9954071044922
2024-01-23,192.9954071044922,193.55903452389103,191.66052626402544,192.83720939883852,42355600,93.0,0.1468,0.743,-0.802,15.0,41.0,11.0,0.6653161477371938,1.8985082598655936,192.322998046875
2024-01-24,192.322998046875,194.18196038829024,192.16478527569063,193.2326988491845,53631300,107.0,0.2027,0.8316,-0.7003,20.0,48.0,11.0,-0.34840676661964665,2.0171751125996025,191.9967193603516
2024-01-25,191.9967193603516,194.07322080915367,190.94858599423333,193.03497008475264,54822100,84.0,0.1428,0.6908,-0.7184,10.0,35.0,8.0,-0.16965141446260157,3.1246348149203413,190.2663116455078
2024-01-26,190.2663116455078,192.58011726192575,189.79168833424328,192.0956113086777,44594000,42.0,0.0363,0.6597,-0.8074,3.0,14.0,6.0,-0.9012694178362701,2.7884289276824745,189.5840301513672
2024-01-29,189.5840301513672,190.04877081575225,187.4581003710548,189.86089500402176,47145600,149.0,0.3694,0.8885,-0.9169,24.0,64.0,30.0,-0.3585929049866765,2.5906704446974516,185.9353179931641
2024-01-30,185.9353179931641,189.6532430962833,185.37170567810733,188.80286821503816,55859400,112.0,0.0553,0.8074,-0.9169,16.0,49.0,24.0,-1.9245883502370442,4.281537418175958,182.3360748291016
2024-01-31,182.3360748291016,185.00586682539145,182.28664653050623,184.94652570867123,55467800,112.0,0.0553,0.8074,-0.9169,16.0,49.0,24.0,-1.935750132309355,2.7192202948852184,184.7685394287109
2024-02-01,184.7685394287109,184.85752846784007,181.76257176566293,181.93066720224104,64885400,128.0,0.0866,0.6808,-0.8807,18.0,53.0,22.0,1.3340555904196139,3.094956702177143,183.76983642578125
2024-02-02,183.76983642578125,185.2332669548565,177.24370243482153,177.84687547061628,102551700,107.0,0.1819,0.8316,-0.7351,16.0,49.0,10.0,-0.5405157209217415,7.989564520034975,185.579345703125
2024-02-05,185.579345703125,187.1317803970082,183.75994390321247,186.0440863383638,69668800,155.0,0.24059999999999998,0.802,-0.836,25.0,67.0,31.0,0.9846606562522231,3.3718364937957404,187.1812438964844
2024-02-06,187.1812438964844,187.1911265388062,184.67956238073768,184.76855142564483,43490800,114.0,0.1314,0.75,-0.802,19.0,44.0,14.0,0.8631877579318603,2.5115641580685235,187.2900238037109
2024-02-07,187.2900238037109,188.91166742752537,186.4989748215566,188.50625274957065,53439000,97.0,0.214,0.7579,-0.6808,16.0,38.0,4.0,0.05811474748327328,2.412692605968772,186.2122039794922
2024-02-08,186.2122039794922,187.418535043408,185.2530596605407,187.2702199788289,40962000,117.0,0.0765,0.7351,-0.9022,17.0,54.0,26.0,-0.5754817060348749,2.1654753828672995,186.97454833984372
2024-02-09,186.97454833984372,188.10322646586076,186.1329835945197,186.7765224417052,45155200,92.0,0.0989,0.7269,-0.836,12.0,43.0,15.0,0.4093954875457495,1.9702428713410711,185.2914123535156
2024-02-12,185.2914123535156,186.796321504533,184.9349868995182,186.54880424779185,41781900,134.0,0.4681,0.802,-0.802,20.0,64.0,19.0,-0.9001952411559655,1.8613346050148039,183.20236206054688
2024-02-13,183.20236206054688,184.360756090923,181.68755769129083,183.92512331150877,56529500,73.0,0.1267,0.765,-0.7184,8.0,32.0,9.0,-1.1274404282606731,2.673198399632156,182.3211975097656
2024-02-14,182.3211975097656,183.68749754312392,180.6281880058035,183.47959151637605,54630500,83.0,0.0699,0.6908,-0.5574,10.0,34.0,14.0,-0.4809788153768757,3.0593095373204164,182.0341033935547
2024-02-15,182.0341033935547,182.6578517542401,179.54903541760635,181.727184392981,65434500,65.0,0.1232,0.7506,-0.6124,7.0,28.0,8.0,-0.15746612030427265,3.1088163366337653,180.4994659423828
2024-02-16,180.4994659423828,183.0142495087648,179.8658224253954,181.59844306951368,49752500,78.0,0.0607,0.836,-0.6808,12.0,39.0,19.0,-0.843049419071773,3.1484270833693984,179.75694274902344
2024-02-20,179.75694274902344,180.6182980286837,178.2124373755958,179.98465441119404,53665600,162.0,0.40859999999999996,0.7351,-0.7506,21.0,62.0,23.0,-0.4113714073793462,2.405860653087899,180.5094146728516
2024-02-21,180.5094146728516,181.07374623255757,178.8658962581704,180.13318356154335,41371400,75.0,0.0498,0.7096,-0.7184,10.0,25.0,12.0,0.4186052078549052,2.207849974387159,182.53903198242188
2024-02-22,182.53903198242188,183.1231842228548,180.64801151557128,181.6578711029192,52292200,59.0,0.0634,0.765,-0.8885,11.0,24.0,12.0,1.124383076222757,2.4751727072835195,180.70741271972656
2024-02-23,180.70741271972656,183.20237592421452,180.42028422645075,183.17267506039363,45119700,60.0,0.1182,0.7506,-0.7906,14.0,23.0,9.0,-1.003412389560443,2.782091697763775,179.3609161376953
2024-02-26,179.3609161376953,180.9450175834942,178.85597124394113,180.43019254491847,40867400,120.0,0.1856,0.7845,-0.8316,15.0,41.0,19.0,-0.7451252617509563,2.0890463395530787,180.8163299560547
2024-02-27,180.8163299560547,182.09351248592515,177.77681047698752,179.30152539649055,54318900,79.0,0.0152,0.7579,-0.7269,9.0,17.0,10.0,0.8114442375183106,4.316702008937625,179.6183319091797
2024-02-28,179.6183319091797,181.30144633523983,178.34114943443706,180.69750358801917,48953900,79.0,0.0152,0.7579,-0.7269,9.0,17.0,10.0,-0.6625496973454603,2.960296900802774,178.95497131347656
2024-02-29,178.95497131347656,180.75690414056305,177.74708592784262,179.4698114222519,136682600,79.0,0.0152,0.7579,-0.7269,9.0,17.0,10.0,-0.36931675550719856,3.0098182127204325,177.8758087158203
2024-03-01,177.8758087158203,178.73716395290236,175.61845249589473,177.76690051629518,73563100,76.0,0.0786,0.743,-0.6249,10.0,23.0,8.0,-0.6030358305977868,3.1187114570076346,173.36111450195312
2024-03-04,173.36111450195312,175.14322688917085,172.06411122315788,174.40067502541137,81510100,107.0,0.3507,0.8481,-0.8176,21.0,37.0,14.0,-2.5381159172015333,3.0791156660129673,168.4305419921875
2024-03-05,168.4305419921875,170.33147275577412,167.93550746706842,169.0641855800497,95132400,78.0,0.0922,0.8271,-0.5994,10.0,32.0,14.0,-2.8441052215951723,2.395965288705696,167.4404754638672
2024-03-06,167.4404754638672,169.53943215491887,167.00484265804033,169.36121186741923,68587700,88.0,0.1289,0.743,-0.5574,11.0,36.0,10.0,-0.5878188816647256,2.5345894968785387,167.3216552734375
2024-03-07,167.3216552734375,169.0344703547855,166.81672553933012,167.47015957545335,71765100,95.0,0.124,0.8176,-0.8481,14.0,36.0,11.0,-0.07096264514330208,2.217744815455376,169.03448486328125
2024-03-08,169.03448486328125,171.9749911536114,167.26226790901475,167.32166963491963,76267000,43.0,0.1034,0.7184,-0.5994,10.0,15.0,8.0,1.023674781990791,4.712723244596646,171.034423828125
2024-03-11,171.034423828125,172.64824117092596,170.34137853305091,171.22253935977105,60139500,102.0,0.22809999999999997,0.9081,-0.8625,20.0,41.0,19.0,1.1831544116346127,2.3068626378750423,171.50965881347656
2024-03-12,171.50965881347656,172.3017170819102,169.31170429451927,171.43045147590772,59825400,81.0,0.1235,0.8271,-0.5994,12.0,31.0,12.0,0.2778592605598096,2.990012787390924,169.43052673339844
2024-03-13,169.43052673339844,171.4700666239107,169.06419090034882,171.05423942259554,52488700,90.0,0.0787,0.7579,-0.6705,11.0,30.0,12.0,-1.2122536389272742,2.405875723561877,171.28195190429688
2024-03-14,171.28195190429688,172.57893998999515,170.34138929390355,171.1928493122845,72913500,69.0,0.0908,0.7269,-0.7264,14.0,23.0,9.0,1.092734117395322,2.2375506960916027,170.90574645996094
2024-03-15,170.90574645996094,170.90574645996094,168.59888333023403,169.47014909109436,121752700,76.0,0.0976,0.8658,-0.6249,13.0,39.0,17.0,-0.2196410305658758,2.3068631297269064,171.9947967529297
2024-03-18,171.9947967529297,175.94517770513775,171.7967859641753,173.82643054023092,75604200,95.0,0.18230000000000002,0.7717,-0.8176,17.0,43.0,19.0,0.6372227473485648,4.148391740962438,174.33135986328125
2024-03-19,174.33135986328125,174.85609525037736,171.31164624406932,172.6086342803731,55215200,69.0,0.075,0.7964,-0.8689,10.0,30.0,15.0,1.3585080214420842,3.5444490063080423,176.89566040039062
2024-03-20,176.89566040039062,176.89566040039062,173.35121088659923,173.97495931074826,53423100,54.0,0.1645,0.6908,-0.296,8.0,19.0,3.0,1.4709347412424245,3.544449513791392,169.66810607910156
2024-03-21,169.66810607910156,175.7273381457555,169.1433707597941,175.29170540355622,106181300,49.0,0.079,0.7506,-0.5994,5.0,17.0,5.0,-4.08577254237329,6.583967385961415,170.569091796875
2024-03-22,170.569091796875,171.3314491823172,168.37113733503185,170.05425166968308,71160100,69.0,0.1131,0.8885,-0.8481,15.0,24.0,11.0,0.5310283344315714,2.9603118472853396,169.1533203125
2024-03-25,169.1533203125,170.23249206020807,167.76721443821097,168.87610215909345,54288300,56.0,0.40040000000000003,0.8481,-0.5423,11.0,20.0,9.0,-0.8300281542572785,2.465277621997103,168.0246124267578
2024-03-26,168.0246124267578,169.71762191427138,167.89589862566189,168.3117257823714,57388400,80.0,0.112,0.8074,-0.7096,10.0,29.0,9.0,-0.6672691281832233,1.8217232886094905,171.58888244628906
2024-03-27,171.58888244628906,171.87601096065072,168.42066417893392,168.7176879462108,60273300,69.0,0.0885,0.7579,-0.7845,12.0,22.0,12.0,2.1212785246476518,3.4553467817167984,169.7770233154297
2024-03-28,169.7770233154297,170.51957504542207,168.8166552027259,170.04434616825796,65672700,58.0,0.1095,0.6808,-0.4019,7.0,21.0,8.0,-1.0559303755746097,1.7029198426961614,168.34141540527344
2024-04-01,168.34141540527344,169.54930068295263,167.79687448381927,169.48989896556722,46240500,172.0,0.2212,0.836,-0.743,26.0,64.0,30.0,-0.8455843329806867,1.7524261991333674,167.1632537841797
2024-04-02,167.1632537841797,167.65828830624176,166.55931106297376,167.40087579338118,49329500,49.0,0.1015,0.6124,-0.7906,9.0,20.0,9.0,-0.6998643906238944,1.0989772432679956,167.9652099609375
2024-04-03,167.9652099609375,168.98497988400436,166.90584392266877,167.11374996517486,47691700,58.0,0.0677,0.8462,-0.7351,13.0,18.0,11.0,0.4797442970290611,2.079135961335595,167.1434783935547
2024-04-04,167.1434783935547,170.2126836435028,167.1434783935547,168.59886612133832,53704400,71.0,0.0689,0.7712,-0.765,11.0,31.0,13.0,-0.4892272438881351,3.069205249948112,167.89588928222656
2024-04-05,167.89588928222656,168.6978426903414,167.27214102824712,167.90578453281648,42104800,88.0,0.1033,0.7351,-0.8555,13.0,40.0,13.0,0.4501586875560015,1.4257016620942693,166.7771453857422
2024-04-08,166.7771453857422,167.5196972486415,166.56923932419392,167.35138730592178,37425500,110.0,0.2423,0.7783,-0.7783,17.0,37.0,18.0,-0.6663319163245363,0.9504579244475906,167.98501586914062
2024-04-09,167.98501586914062,168.39094781013864,166.67813256359855,167.02464767080627,42373800,64.0,0.1522,0.7906,-0.6486,11.0,27.0,8.0,0.724242209929149,1.7128152465400888,166.11376953125
2024-04-10,166.11376953125,167.41075745661644,165.4504251384005,167.12364410431726,49709300,76.0,0.0904,0.8625,-0.7906,13.0,24.0,14.0,-1.1139364592781975,1.960332318215933,173.30169677734375
2024-04-11,173.30169677734375,173.7175391133101,166.49003132152566,166.66823651643443,91070300,38.0,0.049,0.8122,-0.7579,5.0,17.0,9.0,4.32711103141965,7.227507791784433,174.7967071533203
2024-04-12,174.7967071533203,176.58872985356905,172.47994902506244,172.52944039553972,101670900,75.0,0.083,0.765,-0.8176,15.0,33.0,15.0,0.86266343825665,4.10878082850661,170.9750518798828
2024-04-15,170.9750518798828,174.875926929409,170.78693631547566,173.61853482041673,73531800,102.0,0.055900000000000005,0.8807,-0.8316,22.0,34.0,22.0,-2.1863428297224097,4.088990613933333,167.69789123535156
2024-04-16,167.69789123535156,172.03438316124112,166.59891404642835,170.0443499195711,73711200,77.0,0.1078,0.7184,-0.743,10.0,36.0,10.0,-1.9167478579468988,5.435469114812776,166.3315887451172
2024-04-17,166.3315887451172,168.9552655008738,166.3315887451172,167.9256004082147,50901200,41.0,-0.0331,0.6124,-0.891,10.0,18.0,14.0,-0.8147404121599089,2.6236767557566054,165.38111877441406
2024-04-18,165.38111877441406,166.96523521407434,164.8959946340493,166.36129252101995,43122900,82.0,0.0821,0.8834,-0.8625,12.0,32.0,14.0,-0.5714308255418632,2.0692405800250526,163.36141967773438
2024-04-19,163.36141967773438,164.7475105290668,162.4505578172506,164.55941006923095,68149400,82.0,0.0585,0.7351,-0.8176,11.0,34.0,18.0,-1.2212392270937733,2.2969527118162034,164.19305419921875
2024-04-22,164.19305419921875,165.59895049362888,163.1336881290828,163.87623994630854,48116400,112.0,0.45740000000000003,0.8779,-0.6124,23.0,43.0,19.0,0.5090764533786318,2.465262364546078,165.2425079345703
2024-04-23,165.2425079345703,165.391027347015,163.28217556978177,163.7079130900853,49537800,100.0,0.1142,0.8271,-0.8402,23.0,36.0,16.0,0.6391584226688618,2.108851777233241,167.3414764404297
2024-04-24,167.3414764404297,167.6186945681344,164.55938480415762,164.88609429896647,48251800,93.0,0.1312,0.7003,-0.5859,10.0,52.0,12.0,1.2702352028513664,3.059309763976785,168.20286560058594
2024-04-25,168.20286560058594,168.91571667477083,166.4801396534294,167.84644006349347,50558300,97.0,0.1319,0.8271,-0.8225,9.0,44.0,12.0,0.5147493487443144,2.4355770213414303,167.61868286132812
2024-04-26,167.61868286132812,169.63841695172266,167.49986430971396,168.19292468782604,44838400,79.0,0.1654,0.8842,-0.6908,15.0,33.0,12.0,-0.34730843447400295,2.1385526420087047,171.7769775390625
2024-04-29,171.7769775390625,174.28185098854456,171.38095596804143,171.64826373021612,68169400,112.0,0.33599999999999997,0.8225,-0.6705,23.0,38.0,18.0,2.4808062005680753,2.9008950205031283,168.6384735107422
2024-04-30,168.6384735107422,173.2521991943247,168.31174889120035,171.60868084411632,65934800,32.0,0.0823,0.7845,-0.6705,6.0,9.0,5.0,-1.8270807143562662,4.940450303124351,167.61868286132812
2024-05-01,167.61868286132812,170.9948217396029,167.43056733625505,167.8959009696714,50383100,50.0,0.1567,0.7964,-0.5994,12.0,22.0,7.0,-0.6047200429320165,3.56425440334786,171.31166076660156
2024-05-02,171.31166076660156,171.69778712393833,169.19291342760516,170.79682058773386,94214900,90.0,0.1444,0.8225,-0.6486,14.0,43.0,13.0,2.203201840172353,2.5048736963331635,181.55886840820312
2024-05-03,181.55886840820312,185.14291355827163,180.84601747897057,184.7963833456082,163224100,69.0,0.1584,0.7351,-0.7906,10.0,33.0,10.0,5.98161712737264,4.296896079301064,179.90545654296875
2024-05-06,179.90545654296875,182.3707188474722,178.62825898838415,180.53910014061185,78569700,115.0,0.20779999999999998,0.7501,-0.7351,21.0,42.0,19.0,-0.9106753526999078,3.742459859088058,180.58859252929688
2024-05-07,180.58859252929688,183.06376520709568,179.51933122687228,181.6281680754234,77305800,73.0,0.1924,0.8834,-0.6705,12.0,36.0,8.0,0.3797194367837209,3.5444339802234026,180.92523193359372
2024-05-08,180.92523193359372,181.25195654794928,179.6480343404535,181.03414013837892,45057100,108.0,0.1659,0.8807,-0.9136,16.0,43.0,10.0,0.18641233069149887,1.6039222074957706,182.73704528808597
2024-05-09,182.73704528808597,182.82614787366472,180.3014688648197,180.74699689996783,48983000,105.0,0.1687,0.8555,-0.6369,14.0,45.0,11.0,1.0014155212785703,2.524679008845027,181.4779815673828
2024-05-10,181.4779815673828,183.5004555242596,180.56588428269347,183.31208481142477,50759500,95.0,0.138,0.8126,-0.8658,19.0,25.0,9.0,-0.6890029981158063,2.9345712415661183,184.68023681640625
2024-05-13,184.68023681640625,185.4932019646793,183.0344891706932,183.8474543189662,72044800,122.0,0.4004,0.8807,-0.8689,19.0,57.0,17.0,1.7645420239779552,2.4587127939860807,185.8203125
2024-05-14,185.8203125,186.68285108112164,184.69010361608505,185.8996272619275,52393600,84.0,0.1689,0.8225,-0.872,13.0,36.0,7.0,0.6173241399550111,1.9927474650365866,188.09066772460935
2024-05-15,188.09066772460935,189.0126735344407,185.76084369802737,186.2962145979737,70400000,88.0,0.1538,0.765,-0.7476,18.0,32.0,10.0,1.2218014242169284,3.2518298364133216,188.2096405029297
2024-05-16,188.2096405029297,189.458829238671,188.0311936136785,188.83423487080037,52845200,96.0,0.1094,0.7783,-0.7351,9.0,41.0,13.0,0.06325288742901058,1.4276356249924902,188.2393951416016
2024-05-17,188.2393951416016,189.17132485957904,187.55531842828847,187.88248620977504,41282900,88.0,0.0971,0.8402,-0.7096,11.0,47.0,20.0,0.015809306363046005,1.6160064312905718,189.3993377685547
2024-05-20,189.3993377685547,190.2717851507536,187.38677266186556,187.70403175639103,44361300,100.0,0.2521,0.8316,-0.8442,16.0,54.0,26.0,0.6162060954778115,2.8850124888880373,190.6980743408203
2024-05-21,190.6980743408203,191.0748005548645,189.28034753675723,189.44888573499304,42309400,84.0,0.1082,0.765,-0.886,14.0,38.0,14.0,0.6857133649815994,1.7944530181072764,189.26052856445312
2024-05-22,189.26052856445312,191.16405275409195,188.6359493447312,190.61877317517173,34648500,90.0,0.1538,0.7096,-0.5994,9.0,51.0,12.0,-0.7538333993860724,2.5281034093607673,185.27508544921875
2024-05-23,185.27508544921875,189.3596981816828,185.02723244112752,189.3398657052663,51005900,93.0,0.1085,0.7351,-0.6486,10.0,43.0,15.0,-2.1057973077979186,4.332465740555278,188.3484344482422
2024-05-24,188.3484344482422,188.94328765804343,186.42509288132968,187.1984081051696,36327000,81.0,0.1964,0.802,-0.6369,20.0,32.0,10.0,1.658803174518475,2.518194776713756,188.35836791992188
2024-05-28,188.35836791992188,191.3425125399711,187.4760118609873,189.86530324069457,52280100,201.0,0.3891,0.7783,-0.8316,31.0,90.0,34.0,0.005273986857812218,3.8665006789837832,188.65577697753903
2024-05-29,188.65577697753903,190.59895109353056,187.8824768517226,187.9816240997488,53068000,74.0,0.1157,0.8402,-0.5994,8.0,42.0,14.0,0.15789532522578753,2.7164742418079584,189.64718627929688
2024-05-30,189.64718627929688,190.52954231443272,188.9928658858645,189.12173915319045,49889100,74.0,0.1157,0.8402,-0.5994,8.0,42.0,14.0,0.5255122942118495,1.536676428568228,190.5989532470703
2024-05-31,190.5989532470703,190.9162123421418,188.2790528434088,189.7959119633218,75158300,74.0,0.1157,0.8402,-0.5994,8.0,42.0,14.0,0.5018618975826783,2.6371594987329843,192.3636474609375
2024-06-03,192.3636474609375,193.3154095298356,190.8666209557148,191.24334718637152,50080500,116.0,0.26080000000000003,0.8807,-0.835,30.0,48.0,26.0,0.9258677363141787,2.4487885741207833,192.6809234619141
2024-06-04,192.6809234619141,193.64259428823092,191.3722523931234,192.96842627855952,47471400,48.0,0.0981,0.6908,-0.7506,9.0,21.0,9.0,0.1649355297450361,2.2703418951075207,194.18785095214844
2024-06-05,194.18785095214844,195.20900403542356,193.19643901671665,193.72188613227584,54156800,62.0,0.1491,0.8689,-0.8176,13.0,26.0,8.0,0.7820844239062374,2.0125650187069084,192.80978393554688
2024-06-06,192.80978393554688,194.81244022862765,192.5024486640224,194.0093990023229,41181800,86.0,0.1044,0.7865,-0.7184,18.0,25.0,13.0,-0.7096566596955345,2.309991564605241,195.1990966796875
2024-06-07,195.1990966796875,195.24867030234284,192.4727138388465,192.97832848334124,53103900,96.0,0.1041,0.7783,-0.7184,15.0,32.0,13.0,1.2392072100134266,2.7759564634963567,191.46144104003903
2024-06-10,191.46144104003903,195.6055502102262,190.4997703885163,195.2089764155169,97010200,79.0,0.3521,0.8074,-0.7184,17.0,33.0,16.0,-1.914791463293386,5.105779821709888,205.37098693847656
2024-06-11,205.37098693847656,205.38091074009856,191.96710777388117,191.9869251216324,172373300,28.0,0.1398,0.7088,-0.7184,7.0,11.0,4.0,7.264933253860084,13.41380296621739,211.2401428222656
2024-06-12,211.2401428222656,218.30889945026047,205.1231180281253,205.58908283581823,198134300,28.0,0.1398,0.7088,-0.7184,7.0,11.0,4.0,2.857831075013184,13.185781422135165,212.40011596679688
2024-06-13,212.40011596679688,214.8885546834631,209.7827888470424,212.8958219752939,97862700,28.0,0.1398,0.7088,-0.7184,7.0,11.0,4.0,0.5491253362327253,5.105765836420687,210.66514587402344
2024-06-14,210.66514587402344,213.3221228300664,209.48536314811372,212.0134668282421,70122700,28.0,0.1398,0.7088,-0.7184,7.0,11.0,4.0,-0.8168404639876226,3.8367596819526852,214.80923461914065
2024-06-17,214.80923461914065,217.0696527520261,210.89316027395952,211.5375720180444,93728300,84.0,0.4194,0.7088,-0.7184,21.0,33.0,12.0,1.9671449341674085,6.176492478066564,212.4496612548828
2024-06-18,212.4496612548828,216.75240063817128,211.1707464886947,215.72132373307372,79943300,28.0,0.1398,0.7088,-0.7184,7.0,11.0,4.0,-1.0984506175637176,5.581654149476577,207.8792266845703
2024-06-20,207.8792266845703,212.4000773678065,207.0563681724187,212.0927269910851,86172500,56.0,0.2796,0.7088,-0.7184,14.0,22.0,8.0,-2.151302357140128,5.343709195387788,205.7080841064453
2024-06-21,205.7080841064453,210.0702909143085,205.33134270047415,208.58317289420788,241805100,28.0,0.1398,0.7088,-0.7184,7.0,11.0,4.0,-1.044424983078962,4.738948213834334,206.35247802734372
2024-06-24,206.35247802734372,210.87331399723783,204.8157865138524,205.93608683303725,80727000,84.0,0.4194,0.7088,-0.7184,21.0,33.0,12.0,0.31325648853204324,6.057527483385428,207.2745056152344
2024-06-25,207.2745056152344,209.5646648210329,206.81844945769743,207.3538052595708,55549700,28.0,0.1398,0.7088,-0.7184,7.0,11.0,4.0,0.4468216697492311,2.746215363335466,211.41860961914065
2024-06-26,211.41860961914065,213.0147835489249,208.83102368645305,209.68363861405976,66213200,28.0,0.1398,0.7088,-0.7184,7.0,11.0,4.0,1.9993312692295095,4.183759862471845,212.2613067626953
2024-06-27,212.2613067626953,213.88722177256452,210.5263358320774,212.8462361886446,49772700,28.0,0.1398,0.7088,-0.7184,7.0,11.0,4.0,0.3985917536174943,3.3608859404871225,208.8112030029297
2024-06-28,208.8112030029297,214.21441082608845,208.49395901051295,213.9169841828714,82542700,28.0,0.1398,0.7088,-0.7184,7.0,11.0,4.0,-1.6254039949084031,5.720451815575501,214.8885498046875
2024-07-01,214.8885498046875,215.6420174745076,210.100028055994,210.26856627972688,60402900,143.0,0.4348,0.8633,-0.9118,31.0,58.0,19.0,2.9104505478437126,5.541989418513623,218.37831115722656
2024-07-02,218.37831115722656,218.4873670751859,213.2527132686293,214.2936836981781,58046200,72.0,0.0812,0.7269,-0.7579,11.0,28.0,12.0,1.6239866459664354,5.234653806556594,219.64732360839844
2024-07-03,219.64732360839844,219.64732360839844,217.1489612238199,218.1106320389385,37369800,94.0,0.068,0.8091,-0.7351,10.0,36.0,14.0,0.5811073656752486,2.4983623845785417,224.3961944580078
2024-07-05,224.3961944580078,224.50525038603783,219.74646963306245,219.74646963306245,60412400,180.0,0.29259999999999997,0.8689,-0.8658,28.0,76.0,26.0,2.162043575853434,4.758780752975383,225.8634796142578
2024-07-08,225.8634796142578,225.89322076278884,221.3327197032473,225.13973799267995,59085900,133.0,0.2063,0.8402,-0.891,17.0,50.0,21.0,0.6538814794938785,4.5605010595415365,226.716064453125
2024-07-09,226.716064453125,227.42988222637769,224.4259054004998,225.9725055332989,48076100,89.0,0.1412,0.802,-0.875,21.0,35.0,12.0,0.3774779527541572,3.003976825877885,230.9791717529297
2024-07-10,230.9791717529297,231.07831900756045,227.28120909695772,227.33078272427315,62627700,94.0,0.0748,0.8519,-0.743,21.0,33.0,18.0,1.8803728399608532,3.797109910602728,225.61561584472656
2024-07-11,225.61561584472656,230.39421338925845,223.83107137940016,229.40280147827104,64710600,95.0,0.0883,0.7964,-0.926,18.0,35.0,18.0,-2.3220950475743907,6.563142009858296,228.56008911132807
2024-07-12,228.56008911132807,230.64206011910093,226.7160624017349,226.9540066999144,53046500,57.0,0.1181,0.8221,-0.6114,11.0,18.0,9.0,1.3050839834721106,3.9259977173660445,232.386962890625
2024-07-15,232.386962890625,235.1926606193721,231.0882156126273,234.44910163171727,62631300,171.0,0.3543,0.8221,-0.6114,33.0,54.0,27.0,1.6743403426977777,4.104445006744811,232.8033599853516
2024-07-16,232.8033599853516,234.24090427881208,230.33473879844303,232.98180687397965,43234300,57.0,0.1181,0.8221,-0.6114,11.0,18.0,9.0,0.1791826398293228,3.9061654803690544,226.9143829345703
2024-07-17,226.9143829345703,229.47222770464356,224.6936146131452,227.4794799069808,57345900,57.0,0.1181,0.8221,-0.6114,11.0,18.0,9.0,-2.5295928079181573,4.778613091498357,222.2547149658203
2024-07-18,222.2547149658203,228.46096321097224,220.36112971273343,228.3023336745397,66034600,57.0,0.1181,0.8221,-0.6114,11.0,18.0,9.0,-2.0534916775608703,8.099833498238809,222.38360595703125
2024-07-19,222.38360595703125,224.8522270905052,221.3624528868853,222.88923571935769,49151500,57.0,0.1181,0.8221,-0.6114,11.0,18.0,9.0,0.057992466540368603,3.489774203619902,222.03663635253903
2024-07-22,222.03663635253903,225.82382229500527,221.17409763275572,225.06043082550624,48201800,171.0,0.3543,0.8221,-0.6114,33.0,54.0,27.0,-0.1560230139263319,4.649724662249554,223.07757568359372
2024-07-23,223.07757568359372,224.9910084270489,220.76758424988336,222.4430727025388,39960300,57.0,0.1181,0.8221,-0.6114,11.0,18.0,9.0,0.468814222803271,4.223424177165555,216.6631774902344
2024-07-24,216.6631774902344,222.86942645430565,215.2652980307627,222.07629380801336,61777600,57.0,0.1181,0.8221,-0.6114,11.0,18.0,9.0,-2.8754114678282594,7.60412842354296,215.62217712402344
2024-07-25,215.62217712402344,218.95332167523745,212.77681471652627,217.0497975364767,51391200,57.0,0.1181,0.8221,-0.6114,11.0,18.0,9.0,-0.48046944490965915,6.1765069587111725,216.08816528320312
2024-07-26,216.08816528320312,217.60502442671483,214.15489978899527,216.82180047841348,41601300,57.0,0.1181,0.8221,-0.6114,11.0,18.0,9.0,0.21611327990240792,3.4501246377195685,216.36573791503903
2024-07-29,216.36573791503903,217.41663210574904,213.8971168447476,215.0967318967012,36311800,171.0,0.3543,0.8221,-0.6114,33.0,54.0,27.0,0.12845341690606027,3.519515261001459,216.92092895507807
2024-07-30,216.92092895507807,218.43778796730905,214.2639371695869,217.3075789949067,41643800,57.0,0.1181,0.8221,-0.6114,11.0,18.0,9.0,0.2565984085045159,4.173850797722139,220.1727752685547
2024-07-31,220.1727752685547,221.8978375670677,218.73523091700037,219.53827220377053,50036300,57.0,0.1181,0.8221,-0.6114,11.0,18.0,9.0,1.4990929317613366,3.162606650067346,216.48472595214844
2024-08-01,216.48472595214844,222.5521625800544,215.15623749650504,222.4431066544272,62501000,114.0,0.1542,0.9001,-0.7269,21.0,45.0,16.0,-1.6750705494390838,7.3959250835493435,217.9718170166016
2024-08-02,217.9718170166016,223.6625266661827,215.8402875210575,217.2679079240609,105568600,103.0,0.1077,0.7096,-0.8777,17.0,42.0,16.0,0.6869265523988366,7.822239145125224,207.47276306152344
2024-08-05,207.47276306152344,211.6664309709882,194.3167235143498,197.38018251460616,119548600,182.0,0.24980000000000002,0.8481,-0.9217,30.0,79.0,42.0,-4.816702497955738,17.349707456638384,205.4502716064453
2024-08-06,205.4502716064453,208.18657796978488,199.3431861620261,203.53685401433648,69660500,102.0,0.1185,0.875,-0.926,16.0,49.0,17.0,-0.9748226346599442,8.843391807758792,208.0180511474609
2024-08-07,208.0180511474609,211.80523672133984,204.61750047992084,205.1231151005704,63516400,108.0,0.1675,0.875,-0.8658,20.0,42.0,12.0,1.2498302002415196,7.187736241419003,211.47808837890625
2024-08-08,211.47808837890625,212.36044444161047,207.0365669160157,211.27980900719396,47161100,144.0,0.1178,0.7003,-0.5994,19.0,73.0,25.0,1.6633350867192531,5.3238775255947814,214.3829345703125
2024-08-09,214.3829345703125,214.91829038971971,210.1496011292121,210.27848952903548,42201600,82.0,0.1925,0.7845,-0.4215,11.0,38.0,8.0,1.3735920414608804,4.768689260507614,215.9114532470703
2024-08-12,215.9114532470703,217.8767166928247,213.9958208022464,214.46232494953352,38028100,185.0,0.1852,0.8591,-0.9001,34.0,77.0,37.0,0.7129852382240287,3.880895890578273,219.62364196777344
2024-08-13,219.62364196777344,220.23902400333972,217.38044783379533,217.38044783379533,44155300,102.0,0.1725,0.886,-0.9393,19.0,41.0,10.0,1.7193107011582276,2.858576169544392,220.07028198242188
2024-08-14,220.07028198242188,221.3705324358261,218.06530765715263,218.9288446755302,41960600,96.0,0.0841,0.7579,-0.8126,17.0,43.0,19.0,0.2033660905750745,3.3052247786734767,223.0479736328125
2024-08-15,223.0479736328125,223.6732909687273,221.10255033510867,222.9288713384501,46414000,33.0,0.0478,0.7184,-0.5574,4.0,17.0,8.0,1.3530639501013964,2.5707406336186125,224.36805725097656
2024-08-16,224.36805725097656,225.1422523777464,221.98590558416169,222.25390086504493,44340200,65.0,0.1819,0.7184,-0.6808,14.0,25.0,7.0,0.5918384268028376,3.156346793584703,224.20925903320312
2024-08-19,224.20925903320312,224.30852103873067,221.38045847347976,224.0405257400108,40687800,141.0,0.2163,0.8271,-0.9186,25.0,64.0,29.0,-0.07077576893924631,2.9280625652509116,224.82464599609372
2024-08-20,224.82464599609372,225.47973889834265,223.7725353535306,224.0901616619868,30299000,75.0,0.0852,0.8074,-0.7579,14.0,37.0,19.0,0.2744699150892149,1.707203544812046,224.7154693603516
2024-08-21,224.7154693603516,226.2837152200136,223.375523094966,224.8345868015738,34765500,96.0,0.1118,0.7906,-0.7906,19.0,39.0,16.0,-0.048560795129204415,2.9081921250475773,222.85939025878903
2024-08-22,222.85939025878903,226.64103964823343,222.2340729078472,226.09512887719345,43695300,74.0,0.074,0.93,-0.9001,14.0,31.0,15.0,-0.8259685489591995,4.406966740386224,225.15220642089844
2024-08-23,225.15220642089844,226.5219434569281,222.66088738350675,223.9809934126029,38677300,82.0,0.0866,0.7845,-0.7269,12.0,37.0,18.0,1.0288173899457131,3.8610560734213664,225.4896697998047
2024-08-26,225.4896697998047,225.58893181224727,222.22415556593285,225.07279660900764,30602200,141.0,0.1529,0.8271,-0.8442,31.0,66.0,40.0,0.14988233260988526,3.3647762463144204,226.33334350585935
2024-08-27,226.33334350585935,227.1472495725316,223.21670725505916,224.31844891527624,35934600,77.0,0.1096,0.9153,-0.7184,10.0,36.0,12.0,0.3741518211471506,3.9305423174724297,224.8048095703125
2024-08-28,224.8048095703125,228.149730282918,224.00082364270057,226.2241624042973,38052200,99.0,0.1133,0.8074,-0.8126,24.0,36.0,19.0,-0.6753463329221221,4.148906640217433,228.08023071289065
2024-08-29,228.08023071289065,231.18694665641485,227.17701311839377,228.38793686624163,51906300,115.0,0.1526,0.8402,-0.9616,27.0,45.0,19.0,1.4570067023204292,4.009933538021073,227.29611206054688
2024-08-30,227.29611206054688,228.68568922028223,225.7874174690805,228.4772602189495,52990800,115.0,0.1526,0.8402,-0.9616,27.0,45.0,19.0,-0.34379071342260925,2.898271751201719,221.11248779296875
2024-09-03,221.11248779296875,227.2961293418145,219.52438650802387,226.84948058831637,50190600,296.0,0.30400000000000005,0.8402,-0.9616,56.0,119.0,54.0,-2.7205147556289666,7.771742833790626,219.20677185058597
2024-09-04,219.20677185058597,220.12984491677884,215.8618360334932,220.01074262314265,43840200,92.0,0.0585,0.8481,-0.7096,13.0,38.0,18.0,-0.8618762157690196,4.268008883285631,220.7253875732422
2024-09-05,220.7253875732422,223.80231295165623,219.8717857931132,219.9809679444758,36615400,106.0,0.0988,0.8176,-0.8481,19.0,49.0,24.0,0.692777741232975,3.9305271585430432,219.177001953125
2024-09-06,219.177001953125,223.56411324365837,218.13481142105056,222.2837029728863,48423000,87.0,0.1003,0.8807,-0.6705,20.0,41.0,20.0,-0.7014986527561939,5.429301822607812,219.2663116455078
2024-09-09,219.2663116455078,219.62363365317324,215.0975649862482,219.17698492990527,67180000,131.0,0.09640000000000001,0.8316,-0.8481,24.0,56.0,28.0,0.040747747978553406,4.526068666925056,218.4722900390625
2024-09-10,218.4722900390625,219.83209181891957,215.1174338078889,217.29114171411047,51591000,117.0,0.0861,0.7964,-0.8074,15.0,49.0,15.0,-0.3621265850127564,4.714658011030679,221.00331115722656
2024-09-11,221.00331115722656,221.4301044903715,216.26879790334317,219.81224273641337,44587100,89.0,0.0521,0.7096,-0.9169,10.0,46.0,19.0,1.1585089888111355,5.161306587028321,221.11248779296875
2024-09-12,221.11248779296875,221.8866830044339,218.1844402475294,220.84449248276732,37455600,101.0,0.1519,0.7717,-0.8402,17.0,54.0,16.0,0.049400452495707015,3.7022427569044964,220.844482421875
2024-09-13,220.844482421875,222.37301734416337,220.2588759685165,221.91644846858935,36766600,74.0,0.042,0.7184,-0.7906,13.0,36.0,21.0,-0.1212077046253035,2.1141413756468808,214.71047973632807
2024-09-16,214.71047973632807,215.60377723416104,212.32832783334672,214.92882889414332,59357400,138.0,-0.0387,0.8122,-0.9042,34.0,48.0,33.0,-2.7775213662930787,3.275449400814324,215.1769561767578
2024-09-17,215.1769561767578,215.2861383219032,212.90400170360135,214.1447010142284,45519300,80.0,0.0079,0.7717,-0.8271,7.0,40.0,22.0,0.21725834761423535,2.3821366183018426,219.04795837402344
2024-09-18,219.04795837402344,221.0529328037412,215.92138686335736,215.9313221513165,59894900,92.0,0.0479,0.7845,-0.7783,11.0,42.0,19.0,1.7989854796931715,5.13154594038383,227.16709899902344
2024-09-19,227.16709899902344,228.11004268622213,222.95865620671253,223.31597824995185,66781300,95.0,0.0296,0.8221,-0.8126,22.0,42.0,28.0,3.7065584565443066,5.151386479509597,226.5020751953125
2024-09-20,226.5020751953125,231.3556905514529,225.92638886705737,228.2589097535001,318679900,85.0,0.0852,0.8481,-0.8316,15.0,36.0,13.0,-0.29274653180026977,5.42930168439554,224.7849273681641
2024-09-23,224.7849273681641,227.74275012420983,224.12983453268785,225.6484491952208,54146000,126.0,0.3004,0.8221,-0.9081,32.0,47.0,22.0,-0.7581157151287488,3.6129155915219826,225.67823791503903
2024-09-24,225.67823791503903,227.64351653597865,224.0504410184132,226.94871280288092,43556100,86.0,0.0903,0.7351,-0.6597,11.0,39.0,13.0,0.39740678226696247,3.5930755175654383,224.6856689453125
2024-09-25,224.6856689453125,225.59882178569197,222.35316341740716,223.25638097071695,42308700,99.0,0.1874,0.836,-0.4939,14.0,50.0,11.0,-0.4398159870869778,3.2456583682848077,225.8271331787109
2024-09-26,225.8271331787109,226.7998372114188,223.73283210674717,225.60876888531143,36636700,105.0,0.1319,0.8941,-0.6808,21.0,43.0,14.0,0.508027164685898,3.0670051046716367,226.0951232910156
2024-09-27,226.0951232910156,227.81226214161185,225.6087788258606,226.7601514881057,34026000,98.0,0.1201,0.7992,-0.836,10.0,47.0,13.0,0.11867046644595813,2.2034833157512423,231.26634216308597
2024-09-30,231.26634216308597,231.26634216308597,227.94126208675945,228.32835965023517,54541900,123.0,0.0129,0.743,-0.7964,21.0,48.0,36.0,2.2871872673760896,3.3250800763265147,224.52688598632807
2024-10-01,224.52688598632807,227.9412778656533,222.07526286618744,227.81225543239975,63285000,114.0,0.0898,0.7184,-0.9201,19.0,45.0,16.0,-2.9141534880183007,5.866014999465847,225.09263610839844
2024-10-02,225.09263610839844,225.6782425626932,221.360617941662,224.20925878310885,32880600,38.0,0.0572,0.6597,-0.5994,4.0,10.0,4.0,0.25197433242130085,4.3176246210312,223.99090576171875
2024-10-03,223.99090576171875,225.1224230122484,221.65839996957536,223.4648504260935,34044200,101.0,0.0333,0.7783,-0.891,20.0,43.0,25.0,-0.4894564148020919,3.464023042673034,225.1125030517578
2024-10-04,225.1125030517578,226.30357145139808,222.46237094034984,226.20430944090452,37245100,91.0,0.0639,0.7783,-0.802,23.0,35.0,22.0,0.5007334053250379,3.8412005110482426,220.04054260253903
2024-10-07,220.04054260253903,224.0107810468405,219.68322053674163,222.8296326864196,39505400,161.0,0.030000000000000013,0.8834,-0.802,35.0,64.0,38.0,-2.2530780745006584,4.327560510098863,224.0901641845703
2024-10-08,224.0901641845703,224.298593199742,221.58890998571715,222.631100497344,31855700,76.0,0.0344,0.8271,-0.8555,12.0,30.0,17.0,1.8403979258250436,2.7096832140248353,227.8321075439453
2024-10-09,227.8321075439453,228.04055170887608,223.1571606453159,223.554178398676,33591100,111.0,0.1151,0.8225,-0.7351,18.0,41.0,16.0,1.669838287187364,4.883391063560168,227.3358154296875
2024-10-10,227.3358154296875,227.7923994519787,225.47973405841245,226.0851959438118,28183500,79.0,0.0153,0.7506,-0.7579,14.0,28.0,18.0,-0.21783238526293935,2.312665393566249,225.8569183349609
2024-10-11,225.8569183349609,227.70307961960657,225.6484741750507,227.5938974682738,31759200,62.0,0.1275,0.7906,-0.7717,15.0,24.0,9.0,-0.6505341412796461,2.0546054445558752,229.5790100097656
2024-10-14,229.5790100097656,230.0058033150611,226.89910245149323,226.9983493120185,39882100,72.0,0.1227,0.8126,-0.6705,9.0,42.0,21.0,1.6479865670019356,3.106700863567852,232.1100311279297
2024-10-15,232.1100311279297,235.72294688412148,230.64103225198247,231.87181141001133,64751400,24.0,0.0409,0.8126,-0.6705,3.0,14.0,7.0,1.1024619010494119,5.081914632139018,230.0554351806641
2024-10-16,230.0554351806641,230.3929017691756,228.12986736523644,229.8767817438953,34082200,24.0,0.0409,0.8126,-0.6705,3.0,14.0,7.0,-0.8851818843336412,2.263034403939173,230.42266845703125
2024-10-17,230.42266845703125,232.1100316250369,228.80480686495972,231.69314333147315,32993800,24.0,0.0409,0.8126,-0.6705,3.0,14.0,7.0,0.15962816791472711,3.3052247600771807,233.25149536132807
2024-10-18,233.25149536132807,234.4227083661851,232.2688559498539,234.4227083661851,46431500,24.0,0.0409,0.8126,-0.6705,3.0,14.0,7.0,1.2276686678612592,2.1538524163312047,234.7204742431641
2024-10-21,234.7204742431641,235.08773156933623,232.7055796017645,232.7055796017645,36254500,72.0,0.1227,0.8126,-0.6705,9.0,42.0,21.0,0.6297832644375667,2.3821519675717298,234.1050720214844
2024-10-22,234.1050720214844,234.46239402859047,230.8693336731526,232.14972869721717,38846600,24.0,0.0409,0.8126,-0.6705,3.0,14.0,7.0,-0.2621851475309134,3.5930603554378706,229.0430145263672
2024-10-23,229.0430145263672,233.3904297884605,226.06533615951,232.33831918874512,52287000,24.0,0.0409,0.8126,-0.6705,3.0,14.0,7.0,-2.162301504792963,7.325093628950498,228.85446166992188
2024-10-24,228.85446166992188,229.10260155629064,226.710529416834,228.26884002769643,31109500,24.0,0.0409,0.8126,-0.6705,3.0,14.0,7.0,-0.08232202882729744,2.392072139456644,229.6881866455078
2024-10-25,229.6881866455078,231.48471683213373,227.86188088691333,228.0306141764868,38802300,24.0,0.0409,0.8126,-0.6705,3.0,14.0,7.0,0.36430357070704744,3.6228359452204018,231.6633453369141
2024-10-28,231.6633453369141,232.98345108474456,230.81967897982565,231.58395391704408,36087100,72.0,0.1227,0.8126,-0.6705,9.0,42.0,21.0,0.8599304649719253,2.1637721049189054,231.93136596679688
2024-10-29,231.93136596679688,232.5864588417728,230.5914197900792,231.36561495313973,35417200,24.0,0.0409,0.8126,-0.6705,3.0,14.0,7.0,0.1156940168903331,1.9950390516936238,228.387939453125
2024-10-30,228.387939453125,231.7328600109945,227.8420287171323,230.87925826342104,47070900,24.0,0.0409,0.8126,-0.6705,3.0,14.0,7.0,-1.5277909906239895,3.890831293862192,224.2290802001953
2024-10-31,224.2290802001953,228.11991092730085,223.6930896846572,227.63355140694264,64370100,24.0,0.0409,0.8126,-0.6705,3.0,14.0,7.0,-1.8209627281055574,4.426821242643655,221.2514190673828
2024-11-01,221.2514190673828,223.67326642201,218.6310628621847,219.32585141181025,65276700,41.0,0.0556,0.7506,-0.6124,10.0,10.0,7.0,-1.3279549334787477,5.042203559825282,220.35812377929688
2024-11-04,220.35812377929688,221.13231895883283,218.0752491010658,219.34572401852256,44944500,121.0,0.1271,0.802,-0.7003,23.0,45.0,24.0,-0.4037466931743783,3.0570698577670328,221.78741455078125
2024-11-05,221.78741455078125,222.2836942947505,219.49460455688447,220.14969745378525,28111300,93.0,0.0784,0.8074,-0.8074,9.0,47.0,17.0,0.6486217739428035,2.7890897378660213,221.06285095214844
2024-11-06,221.06285095214844,224.387931303672,219.54423614319148,220.95366880237512,54561100,90.0,0.1729,0.8176,-0.5423,18.0,41.0,14.0,-0.32669283786925796,4.843695160480507,225.78741455078125
2024-11-07,225.78741455078125,226.18444740932767,222.8990781242877,222.95862926675596,42137700,91.0,0.1389,0.7717,-0.7906,14.0,45.0,15.0,2.1372037763393914,3.2853692850399625,225.51914978027344
2024-11-08,225.51914978027344,227.20835428792037,224.9726384261151,225.72780810336752,38328800,112.0,0.1234,0.802,-0.7351,13.0,61.0,22.0,-0.11881298656151174,2.235715861805261,222.80648803710935
2024-11-11,222.80648803710935,224.26715706282303,220.093823487321,223.5716039938927,42005600,71.0,0.19340000000000002,0.765,-0.7717,16.0,24.0,16.0,-1.2028520619233762,4.173333575502028,222.80648803710935
2024-11-12,222.80648803710935,224.1578547832826,221.9420160201473,223.1244638182889,40398300,13.0,0.103,0.5423,-0.5106,3.0,3.0,1.0,0.0,2.2158387631353094,223.6908264160156
2024-11-13,223.6908264160156,225.2111120360391,221.34580821096,222.5878726169869,48566200,13.0,0.103,0.5423,-0.5106,3.0,3.0,1.0,0.39690871962352325,3.86530382507911,226.7711639404297
2024-11-14,226.7711639404297,227.41703140021204,223.57160465201176,223.59148192887395,44923900,13.0,0.103,0.5423,-0.5106,3.0,3.0,1.0,1.3770513408025709,3.845426748200282,223.57159423828125
2024-11-15,223.57159423828125,225.47940335635096,222.8462328667566,224.96270031544069,47923700,13.0,0.103,0.5423,-0.5106,3.0,3.0,1.0,-1.410924407914993,2.633170489594363,226.57241821289065
2024-11-18,226.57241821289065,228.28149999782983,223.74050538640265,223.8199993254601,44633700,39.0,0.309,0.5423,-0.5106,9.0,9.0,3.0,1.3422205914992658,4.54099461142718,226.8307647705078
2024-11-19,226.8307647705078,228.6988344551977,225.22105418122663,225.5390147792205,36211800,13.0,0.103,0.5423,-0.5106,3.0,3.0,1.0,0.11402383381653447,3.4777802739710637,227.5461883544922
2024-11-20,227.5461883544922,228.4702769508748,224.45593165289552,226.61215353970655,35169600,13.0,0.103,0.5423,-0.5106,3.0,3.0,1.0,0.315399714279585,4.0143452979792755,227.06922912597656
2024-11-21,227.06922912597656,228.69881686539628,224.27707103239013,227.4269442474061,42108300,13.0,0.103,0.5423,-0.5106,3.0,3.0,1.0,-0.20960985194468096,4.421745833006156,228.41067504882807
2024-11-22,228.41067504882807,229.25528492407807,226.61216818417896,226.61216818417896,38168300,13.0,0.103,0.5423,-0.5106,3.0,3.0,1.0,0.5907651723727314,2.6431167398991136,231.39161682128903
2024-11-25,231.39161682128903,231.7692092379923,228.2814979784893,229.99057974831032,90152800,39.0,0.309,0.5423,-0.5106,9.0,9.0,3.0,1.3050798837767719,3.487711259502987,233.56771850585935
2024-11-26,233.56771850585935,234.07449047305911,231.84870566104107,231.84870566104107,45986200,13.0,0.103,0.5423,-0.5106,3.0,3.0,1.0,0.9404410213577297,2.2257848120180483,233.43853759765625
2024-11-27,233.43853759765625,234.1937224347506,232.32565277909848,232.9814664022851,33498400,13.0,0.103,0.5423,-0.5106,3.0,3.0,1.0,-0.05530768936283792,1.8680696556521355,235.8233184814453
2024-11-29,235.8233184814453,236.3002669685808,232.48464874765904,233.31931239062584,28481400,26.0,0.206,0.5423,-0.5106,6.0,6.0,2.0,1.0215883411244464,3.815618220921749,238.0689849853516
2024-12-02,238.0689849853516,239.26136388188385,235.65441885701784,235.763721140312,48137100,135.0,0.13179999999999997,0.9062,-0.8316,35.0,51.0,32.0,0.9522665181573187,3.6069450248660075,241.1095123291016
2024-12-03,241.1095123291016,241.2188145923816,237.38331948353385,238.28754591958517,38861000,86.0,0.0905,0.7845,-0.9538,25.0,29.0,17.0,1.277162308201163,3.835495108847738,241.4672698974609
2024-12-04,241.4672698974609,242.56029272240892,239.7184485394643,241.32815927991484,44383900,96.0,0.0214,0.6908,-0.8591,15.0,51.0,30.0,0.14837969887766533,2.8418441829446124,241.4970703125
2024-12-05,241.4970703125,242.9875476638645,240.5928589090645,242.44105143123323,40033900,87.0,0.0065,0.8176,-0.8979,19.0,41.0,26.0,0.0123413889806967,2.3946887548000007,241.2983245849609
2024-12-06,241.2983245849609,243.0769692456264,240.5431549096241,241.36788746709487,36870600,126.0,0.0609,0.8176,-0.891,32.0,56.0,27.0,-0.08229736587773706,2.533814336002308,245.1835174560547
2024-12-09,245.1835174560547,245.67041216886827,240.21525975684384,240.29475369946152,44649200,152.0,-0.22479999999999997,0.7783,-0.9169,36.0,65.0,54.0,1.610120119058589,5.455152412024432,246.197021484375
2024-12-10,246.197021484375,246.63423054379348,243.78244060146585,245.32260336553807,36914800,101.0,0.0897,0.8934,-0.8658,22.0,38.0,16.0,0.41336548183830146,2.8517899423276276,244.92515563964844
2024-12-11,244.92515563964844,249.2077910379196,244.69660488558225,246.38582450957213,45205800,101.0,0.0897,0.8934,-0.8658,22.0,38.0,16.0,-0.516604887036487,4.511186152337359,246.3858337402344
2024-12-12,246.3858337402344,247.1608807008323,244.12029436088807,245.3226193526416,32777500,101.0,0.0897,0.8934,-0.8658,22.0,38.0,16.0,0.5963773287277263,3.040586339944241,246.5547637939453
2024-12-13,246.5547637939453,247.7073880681415,244.676762972136,246.24673423955156,33155300,101.0,0.0897,0.8934,-0.8658,22.0,38.0,16.0,0.06856321694574952,3.030625096005508,249.44625854492188
2024-12-16,249.44625854492188,249.78411156803347,246.07778066556844,246.41563368868003,51694800,303.0,0.2691,0.8934,-0.8658,66.0,114.0,48.0,1.1727596362295811,3.7063309024650266,251.87078857421875
2024-12-17,251.87078857421875,252.2185726786221,248.19428090188288,248.4923793968116,51356400,101.0,0.0897,0.8934,-0.8658,22.0,38.0,16.0,0.9719648807080539,4.024291776739233,246.4752655029297
2024-12-18,246.4752655029297,252.6657103008961,246.1672359539693,250.55917390522964,56774100,101.0,0.0897,0.8934,-0.8658,22.0,38.0,16.0,-2.142178972731157,6.498474346926798,248.20420837402344
2024-12-19,248.20420837402344,250.4001849209636,245.52135228225407,245.92875304737493,60882300,101.0,0.0897,0.8934,-0.8658,22.0,38.0,16.0,0.7014670894322173,4.878832638709525,252.87437438964844
2024-12-20,252.87437438964844,253.38113119374523,244.1302382023433,246.46531011815412,147495300,101.0,0.0897,0.8934,-0.8658,22.0,38.0,16.0,1.881582123937009,9.25089299140194,253.6494140625
2024-12-23,253.6494140625,254.02699130961165,251.84096111600803,253.15258832932108,40858800,303.0,0.2691,0.8934,-0.8658,66.0,114.0,48.0,0.3064919783676068,2.1860301936036137,256.5608215332031
2024-12-24,256.5608215332031,256.5707374276886,253.66927695641888,253.868019379837,23234700,101.0,0.0897,0.8934,-0.8658,22.0,38.0,16.0,1.1478076862364572,2.9014604712697007,257.3756103515625
2024-12-26,257.3756103515625,258.44877099351584,255.99445048269988,256.5508929178466,27237100,202.0,0.1794,0.8934,-0.8658,44.0,76.0,32.0,0.3175811542425633,2.454320510815961,253.96739196777344
2024-12-27,253.96739196777344,257.0576640072936,251.4534547993944,256.19316170058187,42355300,101.0,0.0897,0.8934,-0.8658,22.0,38.0,16.0,-1.3242196411437757,5.604209207899231,250.5989227294922
2024-12-30,250.5989227294922,251.8906728018858,249.15813098648076,250.62873106361576,35557500,303.0,0.2691,0.8934,-0.8658,66.0,114.0,48.0,-1.3263392643370064,2.7325418154050567,248.8302154541016
2024-12-31,248.8302154541016,251.6720594492945,247.8464949766397,250.83739579916156,39480700,101.0,0.0897,0.8934,-0.8658,22.0,38.0,16.0,-0.7057920505507576,3.825564472654804,242.30191040039065
2025-01-02,242.30191040039065,247.51858047528103,240.28479918438643,247.34964638751123,55740700,142.0,0.1718,0.7845,-0.875,31.0,62.0,31.0,-2.62359820000041,7.233781290894598,241.8150177001953
2025-01-03,241.8150177001953,242.6298040057451,240.3543488544026,241.8150177001953,40244100,86.0,0.1225,0.8176,-0.765,24.0,35.0,18.0,-0.200944639433831,2.2754551513424985,243.44461059570312
2025-01-06,243.44461059570312,245.75982034447205,241.6560349140449,242.75898865424097,45045600,139.0,0.1941,0.7964,-0.8979,30.0,59.0,30.0,0.6739006166805561,4.103785430427138,240.67233276367188
2025-01-07,240.67233276367188,243.99112508347835,239.81779188041267,241.43743349025635,40856000,98.0,0.1055,0.8957,-0.7003,19.0,40.0,19.0,-1.1387714951863415,4.173333203065681,241.15919494628903
2025-01-08,241.15919494628903,242.16279257722744,238.52602476613023,240.3841480569624,37628900,90.0,0.0914,0.872,-0.875,22.0,36.0,20.0,0.202292543154603,3.636767811097201,235.3463592529297
2025-01-10,235.3463592529297,238.63534322792128,231.52079498772144,238.4862864086752,61710900,189.0,0.2209,0.8934,-0.8519,28.0,90.0,28.0,-2.4103728222570897,7.114548240199838,232.9119110107422
2025-01-13,232.9119110107422,233.18020116738663,228.26162915914,232.04743903723332,49630700,158.0,0.17959999999999998,0.8934,-0.872,28.0,66.0,32.0,-1.034410835976085,4.9185720082466275,231.7990264892578
2025-01-14,231.7990264892578,234.62099318079112,230.99417118008773,233.2596954436476,39435300,24.0,0.1773,0.7184,-0.4767,3.0,14.0,4.0,-0.4778134860750183,3.6268220007033847,236.35989379882807
2025-01-15,236.35989379882807,237.4429855317883,232.94172997653556,233.1504034772107,39832000,24.0,0.1773,0.7184,-0.4767,3.0,14.0,4.0,1.967595541123468,4.5012555552527544,226.81088256835935
2025-01-16,226.81088256835935,236.4989845496957,226.58234697208556,235.84318609247865,71759100,24.0,0.1773,0.7184,-0.4767,3.0,14.0,4.0,-4.040030259362071,9.916637577610146,228.51995849609372
2025-01-17,228.51995849609372,230.81529094249188,227.0294813062853,230.64637201374376,68488300,24.0,0.1773,0.7184,-0.4767,3.0,14.0,4.0,0.7535246582444088,3.7858096362065794,221.2265472412109
2025-01-21,221.2265472412109,222.9952455214703,217.98724913328,222.5779137526142,98070400,96.0,0.7092,0.7184,-0.4767,12.0,56.0,16.0,-3.1915861104129695,5.007996388190321,222.4090118408203
2025-01-22,222.4090118408203,222.6971640978084,218.39465138442915,218.39465138442915,64126500,24.0,0.1773,0.7184,-0.4767,3.0,14.0,4.0,0.534503934701891,4.302512713379258,222.2401123046875
2025-01-23,222.2401123046875,225.58871322146769,220.8887455720124,223.3132578125695,60234800,24.0,0.1773,0.7184,-0.4767,3.0,14.0,4.0,-0.07594095883745045,4.699967649455289,221.36566162109372
2025-01-24,221.36566162109372,224.19757422629087,220.00436403066544,223.3529644564833,54697900,24.0,0.1773,0.7184,-0.4767,3.0,14.0,4.0,-0.39347113107778275,4.193210195625426,228.40074157714844
2025-01-27,228.40074157714844,230.67619691244207,222.55806572164707,222.59782027357136,94863400,72.0,0.5319,0.7184,-0.4767,9.0,42.0,12.0,3.178035791339884,8.118131190794998,236.74740600585935
2025-01-28,236.74740600585935,238.66516132615985,229.3447052045828,229.3844597561093,75707600,24.0,0.1773,0.7184,-0.4767,3.0,14.0,4.0,3.65439462721342,9.320456121577052,237.8404235839844
2025-01-29,237.8404235839844,238.33724933385383,232.52438199561368,232.6336842670617,45486100,24.0,0.1773,0.7184,-0.4767,3.0,14.0,4.0,0.4616809098630714,5.812867338240153,236.08164978027344
2025-01-30,236.08164978027344,239.26133146080372,235.7040725307193,237.1547951903121,55658300,24.0,0.1773,0.7184,-0.4767,3.0,14.0,4.0,-0.7394764006926402,3.55725893008443,234.5017547607422
2025-01-31,234.5017547607422,245.62071750771997,231.95800933839703,245.62071750771997,100959800,24.0,0.1773,0.7184,-0.4767,3.0,14.0,4.0,-0.669215511244392,13.66270816932294,226.5624847412109
2025-02-03,226.5624847412109,230.35824094469035,224.2671520837408,228.5299257292592,73063300,305.0,0.4208,0.9466,-0.8074,64.0,128.0,54.0,-3.385590878683009,6.091088860949554,231.32208251953125
2025-02-04,231.32208251953125,231.64998934854387,225.21111642561868,225.8073134168997,45067300,115.0,0.0477,0.8655,-0.8316,22.0,48.0,27.0,2.100788126400066,6.438872922925185,230.99415588378903
2025-02-05,230.99415588378903,231.19288314320295,226.82082278842495,227.07916670947125,39620300,95.0,0.0589,0.7579,-0.7778,19.0,44.0,25.0,-0.14176192440016333,4.372060354778,231.7393951416016
2025-02-06,231.7393951416016,232.3157148088948,228.9670990724139,229.82163993606684,29925300,91.0,0.1146,0.7783,-0.875,13.0,48.0,19.0,0.32262255941553075,3.3486157364808946,226.1848907470703
2025-02-07,226.1848907470703,232.5144458089444,225.81722939017396,231.1233398047693,39707200,111.0,0.0421,0.7964,-0.7964,18.0,56.0,35.0,-2.3968753310749213,6.697216418770438,226.45346069335935
2025-02-10,226.45346069335935,229.378010419489,226.0058289386349,228.3633824897372,33115600,120.0,0.1113,0.7717,-0.7906,19.0,52.0,26.0,0.11873911886950417,3.3721814808540955,231.39732360839844
2025-02-11,231.39732360839844,233.99360582200345,226.93093316445223,227.00055734532324,53718400,51.0,0.0692,0.5574,-0.5994,5.0,23.0,8.0,2.183169513021288,7.062672657551218,235.625
2025-02-12,235.625,235.7145384932868,229.4675323792709,229.9848034951756,45243300,51.0,0.0692,0.5574,-0.5994,5.0,23.0,8.0,1.8270204363971754,6.247006114015903,240.26052856445312
2025-02-13,240.26052856445312,241.06626881430705,234.33186254170715,235.66481592241837,53614100,51.0,0.0692,0.5574,-0.5994,5.0,23.0,8.0,1.967333077751987,6.734406272599898,243.31439208984372
2025-02-14,243.31439208984372,244.25939586817944,239.7233655892969,239.981993568851,40896200,51.0,0.0692,0.5574,-0.5994,5.0,23.0,8.0,1.2710633509537717,4.536030278882549,243.18507385253903
2025-02-18,243.18507385253903,243.8913336127375,240.56889220053384,242.86674847770811,48822500,204.0,0.2768,0.5574,-0.5994,20.0,92.0,32.0,-0.053148618211185106,3.322441412203659,243.5829620361328
2025-02-19,243.5829620361328,244.716969605811,241.88195827091008,243.37407429304395,32204200,51.0,0.0692,0.5574,-0.5994,5.0,23.0,8.0,0.16361538037283907,2.835011334900912,244.5379180908203
2025-02-20,244.5379180908203,245.4829218502696,243.00600383864503,243.65259654249155,32316900,51.0,0.0692,0.5574,-0.5994,5.0,23.0,8.0,0.3920455054429617,2.4769180116245764,244.2593994140625
2025-02-21,244.2593994140625,247.38289505871285,243.93113206298463,244.65729095432025,53197400,51.0,0.0692,0.5574,-0.5994,5.0,23.0,8.0,-0.113895905768846,3.4517629957282168,245.8012542724609
2025-02-24,245.8012542724609,247.55199828948733,243.1353323966777,243.64264638435856,51326400,153.0,0.2076,0.5574,-0.5994,15.0,69.0,24.0,0.631236653368128,4.416665892809618,245.74154663085935
2025-02-25,245.74154663085935,248.68599549611235,243.62275227067275,246.69650753214344,48013300,51.0,0.0692,0.5574,-0.5994,5.0,23.0,8.0,-0.024291023973121995,5.0632432254396065,239.0966644287109
2025-02-26,239.0966644287109,243.6923767743236,237.87313357927937,243.04579925662603,44433600,51.0,0.0692,0.5574,-0.5994,5.0,23.0,8.0,-2.7040125258632197,5.819243195044237,236.05276489257807
2025-02-27,236.05276489257807,241.18564780716903,235.81402085750776,238.1516754344793,41153600,51.0,0.0692,0.5574,-0.5994,5.0,23.0,8.0,-1.2730832290805183,5.371626949661277,240.5688934326172
2025-02-28,240.5688934326172,240.8175794410065,228.9900734891547,235.704595715666,56833400,51.0,0.0692,0.5574,-0.5994,5.0,23.0,8.0,1.9131860379158372,11.827505951851805,236.77891540527344
2025-03-03,236.77891540527344,242.74737946323825,234.8690087281554,240.519147417306,47184000,154.0,-0.0634,0.9274,-0.8955,36.0,64.0,48.0,-1.5754231452227652,7.878370735082854,234.68995666503903
2025-03-04,234.68995666503903,238.8082116075959,233.4465266012979,236.46061504010896,53798100,82.0,0.0224,0.743,-0.772,16.0,36.0,18.0,-0.8822401845446914,5.361685006297989,234.5009613037109
2025-03-05,234.5009613037109,235.30670153327668,228.0251680036218,234.18263593082168,47227600,100.0,0.0172,0.8176,-0.9186,21.0,46.0,29.0,-0.08052980366682894,7.281533529654894,234.09310913085935
2025-03-06,234.09310913085935,236.60981025581012,231.93451645578955,233.20778757123543,45170400,92.0,-0.0294,0.7964,-0.8957,18.0,42.0,31.0,-0.17392345454965152,4.675293800020569,237.8134613037109
2025-03-07,237.8134613037109,240.10136041796665,233.5261018066448,233.8742682867737,46273600,85.0,0.0157,0.7096,-0.802,16.0,39.0,25.0,1.589261720118329,6.575258611321857,226.28436279296875
2025-03-10,226.28436279296875,234.91874867921032,223.0415027897028,234.3019970725287,72071200,150.0,-0.1028,0.9013,-0.8658,35.0,61.0,53.0,-4.847958752014625,11.87724588950752,219.6792755126953
2025-03-11,219.6792755126953,224.65299583409444,216.3070937419303,222.6336665978936,76137400,62.0,0.05,0.7906,-0.8074,23.0,26.0,20.0,-2.9189322667941164,8.345902092164152,215.83953857421875
2025-03-12,215.83953857421875,220.58447147788527,213.7804264853068,218.9829331071368,62547500,62.0,0.05,0.7906,-0.8074,23.0,26.0,20.0,-1.7478831034539954,6.8040449925784685,208.57791137695312
2025-03-13,208.57791137695312,215.70028194858563,207.3245394208188,214.81496040955517,61368300,62.0,0.05,0.7906,-0.8074,23.0,26.0,20.0,-3.3643637515323177,8.375742527766818,212.36790466308597
2025-03-14,212.36790466308597,212.8254784087618,208.4784519318959,210.13967261110687,60107600,62.0,0.05,0.7906,-0.8074,23.0,26.0,20.0,1.8170635908245192,4.347026476865892,212.87521362304688
2025-03-17,212.87521362304688,214.0888025037831,208.8663965620962,212.18883784213668,48073400,186.0,0.15000000000000002,0.7906,-0.8074,69.0,78.0,60.0,0.23888212334426395,5.222405941686901,211.57211303710935
2025-03-18,211.57211303710935,214.019174884069,210.3784232206469,213.0343879953175,42432400,62.0,0.05,0.7906,-0.8074,23.0,26.0,20.0,-0.6121429375263054,3.640751663422094,214.10870361328125
2025-03-19,214.10870361328125,217.6101915579757,212.6265295918345,213.0940604852241,54385400,62.0,0.05,0.7906,-0.8074,23.0,26.0,20.0,1.1989248203646774,4.983661966141199,212.97471618652344
2025-03-20,212.97471618652344,216.34689805154304,211.1045924362575,212.86529372925065,48862900,62.0,0.05,0.7906,-0.8074,23.0,26.0,20.0,-0.5296316345952956,5.242305615285545,217.12277221679688
2025-03-21,217.12277221679688,217.68976839110027,210.16950634984832,210.4480334492585,94127800,62.0,0.05,0.7906,-0.8074,23.0,26.0,20.0,1.9476753412553283,7.520262041251954,219.56983947753903
2025-03-24,219.56983947753903,220.3158974796034,217.4311459430569,219.8384246082871,44299500,186.0,0.15000000000000002,0.7906,-0.8074,69.0,78.0,60.0,1.1270431174758455,2.884751536546503,222.57395935058597
2025-03-25,222.57395935058597,222.9221258053629,218.9232508666907,219.60962662242412,34493600,62.0,0.05,0.7906,-0.8074,23.0,26.0,20.0,1.3681842097235108,3.998874938672202,220.3656311035156
2025-03-26,220.3656311035156,223.8372930332484,219.31120492080973,222.3352199198642,34466100,62.0,0.05,0.7906,-0.8074,23.0,26.0,20.0,-0.9921772760451031,4.526088112438657,222.6734619140625
2025-03-27,222.6734619140625,223.80746952519277,219.4007454858761,220.2263848697343,37094800,62.0,0.05,0.7906,-0.8074,23.0,26.0,20.0,1.0472734786228122,4.4067240393166855,216.75469970703125
2025-03-28,216.75469970703125,222.63364006926244,216.5358548246797,220.50488863250547,39818600,62.0,0.05,0.7906,-0.8074,23.0,26.0,20.0,-2.658045622569749,6.097785244582752,220.9624938964844
2025-03-31,220.9624938964844,224.43414081005065,215.09349507460487,215.8693941954849,65299300,186.0,0.15000000000000002,0.7906,-0.8074,69.0,78.0,60.0,1.941270106318549,9.340645735445776,222.01690673828125
2025-04-01,222.01690673828125,222.5043215641154,217.74944665223012,218.65466729819107,36412700,89.0,0.0835,0.8316,-0.936,18.0,37.0,17.0,0.4771908676459935,4.754874911885281,222.71324157714844
2025-04-02,222.71324157714844,224.00641185945875,219.8583310514353,220.15675729790527,35905900,114.0,0.0527,0.8074,-0.9565,25.0,58.0,36.0,0.3136404560793338,4.148080808023451,202.1220550537109
2025-04-03,202.1220550537109,206.39945769712665,200.19224908119847,204.45969456936825,103419000,120.0,-0.0252,0.8126,-0.9001,27.0,44.0,40.0,-9.245604966108267,6.207208615928181,187.38987731933597
2025-04-04,187.38987731933597,198.82943318150367,186.3553350717911,192.8709112290044,125910900,109.0,-0.0555,0.7096,-0.8176,26.0,43.0,36.0,-7.288753189482511,12.474098109712571,180.5062713623047
2025-04-07,180.5062713623047,193.12956126210943,173.70221017135344,176.26865177501736,160466300,199.0,-0.26239999999999997,0.9022,-0.9509,50.0,91.0,89.0,-3.67341398345693,19.42735109075599,171.5137481689453
2025-04-08,171.5137481689453,189.33955773730443,168.32062862424334,185.7186904058969,120859500,108.0,-0.0593,0.836,-0.9531,42.0,43.0,45.0,-4.981834218551862,21.01892911306109,197.8048553466797
2025-04-09,197.8048553466797,199.55559936553783,170.98654976711688,171.04623198001363,184395900,133.0,-0.099,0.7351,-0.875,37.0,61.0,61.0,15.328862822026945,28.569049598420946,189.41912841796875
2025-04-10,189.41912841796875,193.75621235587465,182.03813062603743,188.07623328279777,121880000,108.0,0.0094,0.7906,-0.8689,35.0,49.0,38.0,-4.2393938783827245,11.718081729837223,197.1085205078125
2025-04-11,197.1085205078125,198.491214081568,185.0820690088969,185.1218672695082,87435900,53.0,-0.0018,0.8519,-0.9517,12.0,25.0,18.0,4.059459123302722,13.409145072671095,201.4555511474609
2025-04-14,201.4555511474609,211.82078139531484,200.10269875392328,210.32866545443892,101352900,159.0,-0.0054,0.8519,-0.9517,36.0,75.0,54.0,2.2053996592583225,11.718082641391561,201.07752990722656
2025-04-15,201.07752990722656,202.44032418337585,198.74983284066025,200.7990028314966,51343900,53.0,-0.0018,0.8519,-0.9517,12.0,25.0,18.0,-0.18764498574558308,3.690491342715603,193.24891662597656
2025-04-16,193.24891662597656,199.64511311117852,191.35889396287376,197.31741584829123,59732400,53.0,-0.0018,0.8519,-0.9517,12.0,25.0,18.0,-3.8933307390746186,8.286219148304752,195.9446563720703
2025-04-17,195.9446563720703,197.78493872612725,193.39811432307044,196.16350125239885,52164700,53.0,-0.0018,0.8519,-0.9517,12.0,25.0,18.0,1.3949572360662854,4.386824403056806,192.14476013183597
2025-04-21,192.14476013183597,192.7813957027465,188.8123615658979,192.25418258208256,46742500,212.0,-0.0072,0.8519,-0.9517,48.0,100.0,72.0,-1.9392701544352908,3.9690341368485917,198.69017028808597
2025-04-22,198.69017028808597,200.5304375648519,194.9399811908512,195.08918671811185,52976400,53.0,-0.0018,0.8519,-0.9517,12.0,25.0,18.0,3.406499428742693,5.590456374000695,203.52462768554688
2025-04-23,203.52462768554688,206.9067512010516,201.7340854567431,204.9172632087338,52929200,53.0,-0.0018,0.8519,-0.9517,12.0,25.0,18.0,2.4331638502555597,5.172665744308517,207.27479553222656
2025-04-24,207.27479553222656,207.7323844355936,201.87334307751465,203.81309077731203,47311000,53.0,-0.0018,0.8519,-0.9517,12.0,25.0,18.0,1.8426113288234847,5.85904135807894,208.18002319335935
2025-04-25,208.18002319335935,208.6475540878433,205.1162098506388,205.2853145092793,38222300,53.0,-0.0018,0.8519,-0.9517,12.0,25.0,18.0,0.43672828565981536,3.5313442372045074,209.03549194335935
2025-04-28,209.03549194335935,210.38834431536768,206.36958545714225,208.8962283982374,38743100,159.0,-0.0054,0.8519,-0.9517,36.0,75.0,54.0,0.4109273968162741,4.018758858225425,210.09988403320312
2025-04-29,210.09988403320312,211.12446912484504,207.27479957627347,207.59312493762445,36827600,53.0,-0.0018,0.8519,-0.9517,12.0,25.0,18.0,0.5091920419582063,3.849669548571569,211.38308715820312
2025-04-30,211.38308715820312,212.45741243436711,205.58372816909105,208.19990958730307,52286500,53.0,-0.0018,0.8519,-0.9517,12.0,25.0,18.0,0.6107586069858062,6.873684265276069,212.19879150390625
2025-05-01,212.19879150390625,213.4322643155357,207.8020097882055,207.98107159612528,57365700,69.0,0.063,0.7783,-0.872,17.0,23.0,14.0,0.38588912512789175,5.63025452733018,204.27069091796875
2025-05-02,204.27069091796875,205.9020705063368,201.09745506032,205.0067917796952,101010600,96.0,0.1301,0.802,-0.6705,23.0,44.0,24.0,-3.7361666999840337,4.804615446016811,197.8446350097656
2025-05-05,197.8446350097656,203.02725796650907,197.1682163705072,202.03251395918383,69018500,170.0,0.0804,0.8625,-0.8625,40.0,72.0,48.0,-3.145853122308051,5.859041596001873,197.46661376953125
2025-05-06,197.46661376953125,199.5953651908013,195.9844550154461,197.1682027308483,51216500,96.0,0.045,0.7964,-0.8555,23.0,53.0,32.0,-0.19106974531590826,3.610910175355201,195.2185211181641
2025-05-07,195.2185211181641,198.3917570874617,192.2342889482049,198.12317194216024,68536700,93.0,0.0235,0.875,-0.836,25.0,43.0,30.0,-1.138467211470473,6.157468139256821,196.45201110839844
2025-05-08,196.45201110839844,198.9985534894292,193.65676753221484,196.68079799363124,50478900,101.0,-0.0369,0.8225,-0.8555,23.0,43.0,36.0,0.6318509038841347,5.34178595721437,197.48654174804688
2025-05-09,197.48654174804688,199.4859718922483,196.5017396407649,197.95407268173315,36453900,113.0,-0.06,0.8555,-0.8176,34.0,54.0,49.0,0.5266073041510388,2.984232251483405,209.95704650878903
2025-05-12,209.95704650878903,210.435160708662,205.9330174500644,210.13634313336476,63775800,161.0,-0.18289999999999998,0.8625,-0.9081,43.0,72.0,63.0,6.314609922458425,4.502143258597613,212.08859252929688
2025-05-13,212.08859252929688,212.55673652410627,208.17412935394688,209.598471364776,51909300,121.0,0.0876,0.8442,-0.8555,30.0,56.0,34.0,1.015229570024756,4.382607170159389,211.490966796875
2025-05-14,211.490966796875,213.09460539099956,209.7478820292828,211.5905625216416,49325800,121.0,0.0876,0.8442,-0.8555,30.0,56.0,34.0,-0.28178117705190964,3.346723361716755,210.61444091796875
2025-05-15,210.61444091796875,212.11848379882832,208.71198473801,210.11641669484823,45029500,121.0,0.0876,0.8442,-0.8555,30.0,56.0,34.0,-0.41445074093784395,3.4064990608183336,210.4252014160156
2025-05-16,210.4252014160156,211.73003772257164,208.94109887256835,211.52086084946143,54737900,121.0,0.0876,0.8442,-0.8555,30.0,56.0,34.0,-0.08985115224214857,2.788938850003291,207.9550018310547
2025-05-19,207.9550018310547,208.65223273202483,203.45285841572863,207.0884445111699,46140500,363.0,0.2628,0.8442,-0.8555,90.0,168.0,102.0,-1.1739086232723905,5.1993743162962005,206.04258728027344
2025-05-20,206.04258728027344,207.64622592622175,204.2198167548668,206.84938410987283,42496600,121.0,0.0876,0.8442,-0.8555,30.0,56.0,34.0,-0.9196290225973569,3.4264091713549476,201.2914123535156
2025-05-21,201.2914123535156,206.2218487675542,199.9168759316908,204.359243170771,59211800,121.0,0.0876,0.8442,-0.8555,30.0,56.0,34.0,-2.3059188828254085,6.304972835863396,200.5643310546875
2025-05-22,200.5643310546875,201.94883789272,198.9108868600604,199.91690559460176,46742400,121.0,0.0876,0.8442,-0.8555,30.0,56.0,34.0,-0.3612083050771986,3.037951032659606,194.49838256835935
2025-05-23,194.49838256835935,196.91877297523905,192.6955373289648,192.9046989896,78432900,121.0,0.0876,0.8442,-0.8555,30.0,56.0,34.0,-3.0244403151994947,4.223235646274247,199.4188690185547
2025-05-27,199.4188690185547,199.94677348688447,196.64984031499387,197.51641281084125,56288500,484.0,0.3504,0.8442,-0.8555,120.0,224.0,136.0,2.5298341226390297,3.2969331718906005,199.6280212402344
2025-05-28,199.6280212402344,201.92889064401075,199.1100718095576,199.79734764673603,45339700,121.0,0.0876,0.8442,-0.8555,30.0,56.0,34.0,0.1048808584207972,2.8188188344531397,199.15988159179688
2025-05-29,199.15988159179688,203.0046291598645,197.72556941325453,202.77554227533128,51396800,121.0,0.0876,0.8442,-0.8555,30.0,56.0,34.0,-0.23450598043757154,5.27905974660996,200.05633544921875
2025-05-30,200.05633544921875,201.1619498266407,196.002410999174,198.5821728136608,70819900,121.0,0.0876,0.8442,-0.8555,30.0,56.0,34.0,0.45011768949494435,5.15953882746669,200.9029693603516
2025-06-02,200.9029693603516,201.3312780971428,199.32921098525784,199.488582384924,35423300,280.0,-0.1183,0.9022,-0.9287,62.0,131.0,90.0,0.4231977503895479,2.002067111884969,202.4667816162109
2025-06-03,202.4667816162109,202.96480586317463,200.16591202699755,200.55437033168948,46381600,97.0,0.007,0.8591,-0.8834,20.0,59.0,34.0,0.7783918081640584,2.7988938361770863,202.0185546875
2025-06-04,202.0185546875,205.42503857555045,201.30139858491117,202.10819540070028,43604000,103.0,-0.0079,0.807,-0.8858,23.0,55.0,36.0,-0.22138294743112574,4.123639990639276,199.8372039794922
2025-06-05,199.8372039794922,203.9409187010704,199.35908978394465,202.69585814733983,55126100,94.0,-0.0032,0.8442,-0.8934,24.0,45.0,28.0,-1.0797774052893838,4.581828917125733,203.11419677734372
2025-06-06,203.11419677734372,204.8871617909174,201.2515910514923,202.19783403313104,46607700,140.0,0.0856,0.7845,-0.8689,35.0,64.0,35.0,1.6398311888850436,3.635570739425077,200.65396118164065
2025-06-09,200.65396118164065,205.1859847584805,199.22961916524451,203.5823461143216,72862600,189.0,-0.0812,0.7964,-0.9062,50.0,78.0,60.0,-1.2112573294913553,5.956365593235972,201.869140625
2025-06-10,201.869140625,203.5425099498084,199.77744796710627,199.8073282051838,54672600,46.0,0.1648,0.8176,-0.7263,12.0,16.0,5.0,0.6056094961710334,3.7650619827021217,197.9945068359375
2025-06-11,197.9945068359375,203.69190510411792,197.62597377824,202.69585666840095,60989900,83.0,0.1035,0.7574,-0.743,22.0,29.0,16.0,-1.9193789486923962,6.065931325877926,198.4128570556641
2025-06-12,198.4128570556641,198.890956077424,196.58013147350607,198.29333609984755,43904600,4.0,-0.2156,0.6908,-0.6808,3.0,1.0,3.0,0.21129385173965787,2.310824603917922,195.67372131347656
2025-06-13,195.67372131347656,199.57822954037988,194.9266849517312,198.94075911963023,51447300,2.0,-0.4008,-0.3612,-0.4404,0.0,2.0,2.0,-1.3805233102505365,4.651544588648676,197.63592529296875
2025-06-16,197.63592529296875,197.90486262143017,195.7832746273876,196.5203559282292,43020700,7.0,0.47859999999999997,0.7184,-0.7351,2.0,4.0,3.0,1.0027938173407858,2.1215879940425566,194.86691284179688
2025-06-17,194.86691284179688,197.60604600468164,194.4386193152405,196.42074594971083,38856200,8.0,-0.1378,0.4019,-0.5994,1.0,4.0,4.0,-1.4010673651904004,3.1674266894411574,195.8032073974609
2025-06-18,195.8032073974609,196.7893008408277,194.2991796996429,195.16573699325733,45394700,3.0,-0.414,-0.3182,-0.5641,1.0,2.0,3.0,0.4804789802485221,2.490121141184801,200.20574951171875
2025-06-20,200.20574951171875,200.9029804255433,196.0821093088201,197.45666110928437,96813500,10.0,-0.7965,0.2846,-0.6486,2.0,8.0,8.0,2.2484525012509637,4.820871116723197,200.70376586914065
2025-06-23,200.70376586914065,201.5006076815208,198.1738094532141,200.83325703321927,55814300,10.0,-0.6379,0.34,-0.6486,2.0,6.0,5.0,0.24875227541492073,3.3267982283067,199.50851440429688
2025-06-24,199.50851440429688,202.63610603642124,199.4089034764897,201.78945874554145,54064000,4.0,-0.1944,0.3818,-0.6249,2.0,2.0,2.0,-0.5955301634066434,3.227202559931527,200.76353454589844
2025-06-25,200.76353454589844,202.8651975026319,199.82724651799435,200.6539686022396,39525700,1.0,-0.4215,-0.4215,-0.4215,0.0,1.0,1.0,0.6290559304443111,3.037950984637547,200.20574951171875
2025-06-26,200.20574951171875,201.8392684520338,198.67184150130464,200.634043073606,50799100,5.0,-0.1871,0.1779,-0.8402,1.0,2.0,2.0,-0.27783184602787614,3.1674269507291513,200.2854156494141
2025-06-27,200.2854156494141,202.41695863400852,199.20968154525065,201.09221242791352,73188600,3.0,0.3348,0.5106,0.0,1.0,1.0,0.0,0.039792132788218915,3.207277088757877,204.3592529296875
2025-06-30,204.3592529296875,206.57048164253425,198.4726031076903,201.211736268348,91912800,4.0,-1.8570000000000002,-0.3612,-0.9042,3.0,1.0,4.0,2.0340159402342017,8.097878534843943,206.9987945556641
2025-07-01,206.9987945556641,209.35942450018743,205.3254252695324,205.85332972802505,78788900,1.0,-0.6249,-0.6249,-0.6249,1.0,0.0,1.0,1.291618357444646,4.033999230655041,211.6005401611328
2025-07-02,211.6005401611328,212.49697770796604,207.31752868499885,208.08449026524104,67941800,3.0,-0.1481,0.2263,-0.6705,1.0,1.0,1.0,2.223078455769101,5.179449022967191,212.70616149902344
2025-07-03,212.70616149902344,213.80180573654255,210.9730316271009,211.3116844715072,34955800,3.0,-0.1481,0.2263,-0.6705,1.0,1.0,1.0,0.5225040243511225,2.828774109441639,209.1203765869141
2025-07-07,209.1203765869141,215.37555986284275,207.9749269074613,211.83958469799765,50229000,10.0,-1.1416,0.0,-0.8591,2.0,4.0,6.0,-1.6857926854769612,7.40063295538144,209.18011474609372
2025-07-08,209.18011474609372,210.5945016214268,207.6262817055446,209.26977065111936,42848900,5.0,-0.5423,-0.2183,-0.8271,2.0,3.0,5.0,0.02856639805006722,2.968219915882173,210.3056640625
2025-07-09,210.3056640625,210.4949156952032,206.40115605631,208.70202548866368,48749400,1.0,0.0,0.0,0.0,0.0,0.0,0.0,0.5380766320797203,4.093759638893204,211.57066345214844
2025-07-10,211.57066345214844,212.63642743345136,209.2000631819418,209.67816220166208,44443600,8.0,-0.2832,0.0,-0.5994,2.0,3.0,5.0,0.601505145040937,3.436364251509559,210.3255920410156
2025-07-11,210.3255920410156,211.29176024279,209.03072603053,209.73792710960444,39765800,4.0,-0.4692,-0.296,-0.7003,1.0,3.0,4.0,-0.5884896283904872,2.2610342122600002,207.7956085205078
2025-07-14,207.7956085205078,210.07656782568804,206.719874444485,209.10042946873696,38840100,5.0,0.1588,0.296,-0.8555,2.0,3.0,2.0,-1.2028890521389335,3.3566933812030584,208.28369140625
2025-07-15,208.28369140625,211.052704873644,208.0944397695192,208.393257343384,42296300,4.0,-0.11,0.34,-0.5994,1.0,3.0,2.0,0.23488604461725515,2.9582651041247914,209.3295440673828
2025-07-16,209.3295440673828,211.5606828488181,207.8155461810567,209.4689902412225,47490500,6.0,-0.262,0.2023,-0.6908,2.0,2.0,3.0,0.5021289252517214,3.745136667761386,209.1901092529297
2025-07-17,209.1901092529297,210.9630743588066,208.7618004967043,209.7379389650813,48068100,3.0,-0.2462,-0.1027,-0.34,0.0,3.0,3.0,-0.06661019354642361,2.201273862102312,210.3455047607422
2025-07-18,210.3455047607422,210.95309492429405,208.871357307622,210.0367321724359,48974600,3.0,-0.5017,0.0,-0.7783,2.0,0.0,2.0,0.5523184207602894,2.081737616672058,211.640380859375
2025-07-21,211.640380859375,214.9273439465105,210.79374875413163,211.2618927646461,51377400,4.0,-0.7049,0.7165,-0.8689,3.0,1.0,3.0,0.615594851958301,4.133595192378863,213.5527801513672
2025-07-22,213.5527801513672,214.1006098348481,211.39135685335447,212.29776458434165,46404100,2.0,-0.6732,-0.5994,-0.7469,2.0,0.0,2.0,0.9036079429770583,2.70925298149362,213.3037872314453
2025-07-23,213.3037872314453,214.29983576430007,211.5706725113145,214.15043456376964,46989300,4.0,0.106,0.5859,-0.34,1.0,2.0,1.0,-0.11659549444656969,2.7291632529855576,212.9152984619141
2025-07-24,212.9152984619141,214.8376797586153,212.68621158769832,213.0547446286313,46022600,7.0,-0.0368,0.801,-0.4588,1.0,6.0,5.0,-0.1821293351485065,2.151468170916985,213.03485107421875
2025-07-25,213.03485107421875,214.3894775978428,212.5567368669443,213.8516029142824,40268800,6.0,-0.0055,0.7184,-0.6486,2.0,1.0,2.0,0.05615031572099305,1.8327407308985073,213.2041931152344
2025-07-28,213.2041931152344,214.00103498726415,212.21809958876685,213.1842678888476,37858000,6.0,-0.13609999999999997,0.3612,-0.7469,2.0,3.0,2.0,0.07949029943306041,1.782935398497301,210.4351501464844
2025-07-29,210.4351501464844,213.96115480223384,209.9869314052821,213.3336394454552,51411700,3.0,-0.081,0.3818,-0.6249,1.0,1.0,1.0,-1.2987750983177726,3.974223396951743,208.2239227294922
2025-07-30,208.2239227294922,211.55072076453237,206.89917652304968,211.06265157316116,45512500,5.0,0.1509,0.6428,-0.296,2.0,2.0,2.0,-1.0507880529716518,4.651544241482696,206.74978637695312
2025-07-31,206.74978637695312,209.01080544085684,206.3414028602417,207.6661491373953,80698400,7.0,-0.1895,0.6908,-0.7717,3.0,2.0,4.0,-0.7079572477626139,2.669402580615156,201.58030700683597
2025-08-01,201.58030700683597,212.7360475386617,200.7037794341265,210.03674932642843,104434500,4.0,0.196,0.5106,0.0,1.0,1.0,0.0,-2.500355362250284,12.032268104535206,202.5464630126953
2025-08-04,202.5464630126953,207.0585613783641,200.88304868853191,203.70186769022783,75109300,8.0,-1.185,0.1531,-0.8591,4.0,1.0,4.0,0.4792908693340703,6.175512689832175,202.1181640625
2025-08-05,202.1181640625,204.5285996595603,201.36117265797924,202.59626309701343,44155100,4.0,-0.3791,0.0,-0.5994,1.0,2.0,3.0,-0.2114571362169193,3.167427001581075,212.4073486328125
2025-08-06,212.4073486328125,214.5289368613384,204.77761325937152,204.81746371165528,108483100,5.0,0.2443,0.5106,-0.1027,1.0,4.0,1.0,5.0906778309795175,9.751323601966874,219.16053771972656
2025-08-07,219.16053771972656,219.9773047383464,215.7241736307253,218.0150880895572,90224800,9.0,-0.2159,0.3612,-0.5994,4.0,5.0,5.0,3.1793575553679565,4.253131107621101,228.4437255859375
2025-08-08,228.4437255859375,230.08719950298996,218.38362983130105,219.95738825778145,113854000,9.0,-0.2159,0.3612,-0.5994,4.0,5.0,5.0,4.235793525056386,11.70356967168891,226.53909301757807
2025-08-11,226.53909301757807,228.91238364576836,224.12592192869852,227.27701087414155,61806100,4.0,0.30610000000000004,0.6249,-0.5267,2.0,2.0,1.0,-0.8337425610942972,4.786461717069841,229.00213623046875
2025-08-12,229.00213623046875,230.14890113463383,226.4294279692133,227.3667633864553,55626200,5.0,-0.235,0.2263,-0.5829,2.0,3.0,3.0,1.0872486422021543,3.7194731654205384,232.6717529296875
2025-08-13,232.6717529296875,234.3370398551092,229.77992501054072,230.4181341091737,69878500,4.0,-0.2517,0.4019,-0.6249,2.0,2.0,3.0,1.602437758714026,4.557114844568474,232.1233062744141
2025-08-14,232.1233062744141,234.4567012802976,230.19875827485632,233.39969406647396,51916300,2.0,-0.2972,0.1059,-0.7003,1.0,1.0,1.0,-0.23571690519696986,4.257943005441291,230.9366607666016
2025-08-15,230.9366607666016,233.6190744765876,228.69300821277216,233.3398655982593,56038700,2.0,0.3913,0.5095,0.2732,1.0,1.0,0.0,-0.5112134265439328,4.926066263815443,230.23863220214844
2025-08-18,230.23863220214844,232.46233685580373,229.46083388892836,231.0463446646661,37476200,4.0,-1.1380000000000001,0.2235,-0.6249,2.0,1.0,2.0,-0.30225974608623085,3.001502966875364,229.90956115722656
2025-08-19,229.90956115722656,232.2130419457167,228.70298322789472,230.62753117126795,39402600,2.0,0.1659,0.9313,-0.5994,2.0,0.0,1.0,-0.14292607707683258,3.510058717821977,225.3723907470703
2025-08-20,225.3723907470703,229.81981519856652,225.1330775565405,229.33119207499823,42263900,3.0,0.0429,0.4019,-0.2732,0.0,2.0,1.0,-1.9734587754066668,4.686737642026003,224.26551818847656
2025-08-21,224.26551818847656,225.88095827873423,223.14868274098328,225.6316635652229,30621200,2.0,-0.538,-0.4767,-0.5994,1.0,1.0,2.0,-0.4911305040181113,2.732275537750951,227.11746215820312
2025-08-22,227.11746215820312,228.44371192910324,224.77410085849388,225.53195134940427,42477800,2.0,0.2424,0.7579,-0.2732,1.0,1.0,1.0,1.271681885277487,3.6696110706093634,226.5191650390625
2025-08-25,226.5191650390625,228.65312729963856,225.59178073979157,225.8410754675025,30983100,5.0,0.4848,0.7579,-0.2732,2.0,2.0,2.0,-0.2634306994518387,3.0613465598469816,228.6630859375
2025-08-26,228.6630859375,228.84258604761436,224.05612439304167,226.22996704217397,54575100,1.0,-0.1531,-0.1531,-0.1531,0.0,1.0,1.0,0.946463359101557,4.78646165457269,229.83978271484372
2025-08-27,229.83978271484372,230.2486145222496,227.61606269083356,227.96508141122783,31259500,5.0,0.0107,0.4404,-0.5574,1.0,3.0,2.0,0.51459848559261,2.6325518314160377,231.90391540527344
2025-08-28,231.90391540527344,232.7515235304584,228.692998228932,230.16883391080088,38074700,1.0,-0.6249,-0.6249,-0.6249,1.0,0.0,1.0,0.8980745918084398,4.058525301526402,231.485107421875
2025-08-29,231.485107421875,232.7216147258446,230.71727541448905,231.85405874294375,39418400,2.0,-0.4033,-0.296,-0.5106,1.0,1.0,2.0,-0.1805954775134011,2.004339311355551,229.07192993164065
2025-09-02,229.07192993164065,230.19874691737337,226.3296880547272,228.60325464814517,44075600,16.0,-1.0549,0.4215,-0.8555,7.0,5.0,9.0,-1.0424763463665943,3.8690588626461704,237.79725646972656
2025-09-03,237.79725646972656,238.17618932549604,233.6988505309185,236.5408165177042,66427800,2.0,0.6516,0.6908,0.6124,2.0,0.0,0.0,3.808989840304622,4.477338794577548,239.10353088378903
2025-09-04,239.10353088378903,239.22318747047024,236.07211403385236,237.7772812570227,47549400,2.0,-0.5092,-0.3182,-0.7003,1.0,1.0,2.0,0.5493227438596593,3.151073436617878,239.0138092041016
2025-09-05,239.0138092041016,240.63921565449172,237.8171975861315,239.3229322237051,54870400,4.0,-0.2238,0.128,-0.6705,1.0,3.0,3.0,-0.037524196884841654,2.8220180683602223,237.20892333984372
2025-09-08,237.20892333984372,239.47250850410185,235.6732593017711,238.62491556233425,48999500,6.0,-0.5638000000000001,0.128,-0.6705,1.0,4.0,4.0,-0.7551387387481956,3.799249202330742,233.6888885498047
2025-09-09,233.6888885498047,238.10638391026916,232.70167593051625,236.33140663047269,66313900,3.0,0.0754,0.2263,0.0,0.0,1.0,0.0,-1.4839386058828619,5.404707979752914,226.1501922607422
2025-09-10,226.1501922607422,231.76431424305807,225.31256565050364,231.53496736029476,83440800,2.0,-0.2846,-0.2732,-0.296,0.0,2.0,2.0,-3.225954103271722,6.451748592554424,229.38107299804688
2025-09-11,229.38107299804688,229.7998863317909,226.0106032729132,226.23996538709508,50208600,6.0,-0.272,0.2732,-0.7964,2.0,2.0,3.0,1.428643816309294,3.7892830588777144,233.40968322753903
2025-09-12,233.40968322753903,233.84842918261825,228.373926506362,228.57335925244223,55824200,4.0,-0.1895,0.0,-0.7579,1.0,0.0,1.0,1.7562958341931223,5.474502676256236,236.03224182128903
2025-09-15,236.03224182128903,237.5180438551372,234.36695488957943,236.33139853346725,42699500,5.0,-0.15010000000000007,0.5719,-0.7783,2.0,3.0,4.0,1.123586030144863,3.1510889655577614,237.4781494140625
2025-09-16,237.4781494140625,240.53949594661788,235.65332541334,236.51088466190768,63421100,7.0,-0.079,0.3818,-0.5423,1.0,4.0,3.0,0.6125890181851723,4.886170533277863,238.3157958984375
2025-09-17,238.3157958984375,239.42266510979977,237.05934071942244,238.2958480596019,46508000,3.0,-0.1119,0.5267,-0.8625,2.0,0.0,1.0,0.3527257082143187,2.363324390377329,237.20892333984372
2025-09-18,237.20892333984372,240.51954939992544,235.98238232851827,239.29302360434255,44249600,3.0,0.526,0.6605,0.4588,1.0,2.0,0.0,-0.4644562289381371,4.537167071407168,244.8074188232422
2025-09-19,244.8074188232422,245.60516498271892,239.53234916144805,240.5494606794321,163741300,1.0,0.0,0.0,0.0,0.0,0.0,0.0,3.2032924294809417,6.072815821270865,255.3575592041016
2025-09-22,255.3575592041016,255.9160073848096,247.42002368458668,247.5995237986898,105517400,5.0,-0.602,0.0,-0.6908,3.0,0.0,3.0,4.309567263758818,8.495983700222922,253.7122344970703
2025-09-23,253.7122344970703,256.6140289111009,252.86464151383095,255.15815615601056,60275200,1.0,0.3818,0.3818,0.3818,0.0,1.0,0.0,-0.644321911659651,3.749387397269942,251.59820556640625
2025-09-24,251.59820556640625,255.018537102084,250.33178410429736,254.49999981420797,42303700,5.0,0.2307,0.7717,0.0,1.0,1.0,0.0,-0.8332388601025364,4.686752997786641,256.14532470703125
2025-09-25,256.14532470703125,256.4444966190252,250.99989343760635,252.49566170312627,55202100,1.0,-0.4939,-0.4939,-0.4939,0.0,1.0,1.0,1.8072939472633998,5.444603181418842,254.7393341064453
2025-09-26,254.7393341064453,256.8732963908738,253.06406560531616,253.38317016390943,46076300,3.0,0.0106,0.34,-0.5106,1.0,2.0,1.0,-0.5489034797703463,3.809230785557645,253.7122344970703
2025-09-29,253.7122344970703,254.28063380560437,252.2962422052969,253.8418726304012,40127700,11.0,-0.7532,0.34,-0.6249,3.0,5.0,5.0,-0.4031963155504692,1.9843916003074753,253.9116668701172
2025-09-30,253.9116668701172,255.1980209495745,252.39595068950493,254.1410137555297,37704300,3.0,-0.0319,0.0,-0.0956,0.0,1.0,1.0,0.0786057374971394,2.80207026006957,254.72933959960935
2025-10-01,254.72933959960935,258.0599285933123,254.21080232618837,254.32049261064776,48713900,3.0,-0.0319,0.0,-0.0956,0.0,1.0,1.0,0.32203038937570483,3.8491262671239213,256.40460205078125
2025-10-02,256.40460205078125,257.4516276685696,253.43299812845933,255.85613542550084,42630200,2.0,-0.2294,0.0,-0.4588,0.0,1.0,1.0,0.6576637201686886,4.018629540110254,257.2920837402344
2025-10-03,257.2920837402344,258.5086431914624,253.23357360959045,253.9515436206674,49155600,1.0,0.7579,0.7579,0.7579,1.0,0.0,0.0,0.34612549164674267,5.275069581871946,255.9658660888672
2025-10-06,255.9658660888672,258.339156849437,254.33049322602108,257.262186546101,44664100,5.0,1.195,0.7579,-0.8988,4.0,1.0,2.0,-0.515452178741016,4.008663623415941,255.75645446777344
2025-10-07,255.75645446777344,256.6738420114173,254.70939836699205,256.0855101139428,31955800,3.0,-0.134,0.0,-0.4019,0.0,1.0,1.0,-0.08181232298413166,1.9644436444252733,257.3319702148437
2025-10-08,257.3319702148437,257.7906639625656,255.3874592951906,255.7963062732735,36496900,3.0,0.3504,0.7351,-0.1779,1.0,2.0,1.0,0.6160218909621928,2.403204667374979,253.32330322265625
2025-10-09,253.32330322265625,257.2721380835156,252.42584836214985,257.08267167133846,38322000,2.0,-0.3314,-0.0258,-0.6369,1.0,1.0,2.0,-1.5577803989300865,4.846289721365736,244.57806396484372
2025-10-10,244.57806396484372,255.6567217403356,243.3116425485481,254.2207817432353,61999100,2.0,0.0355,0.6705,-0.5994,2.0,0.0,1.0,-3.452204809648318,12.345079191787505,246.9613342285156
2025-10-13,246.9613342285156,248.98560621270488,244.867252416582,248.67648318296307,38142900,8.0,-0.23549999999999996,0.6249,-0.5994,4.0,1.0,3.0,0.9744415443628807,4.118353796122875,247.07101440429688
2025-10-14,247.07101440429688,248.1479694164288,244.00966795095763,245.90431694508948,35478000,3.0,-0.0256,0.0258,-0.1027,0.0,2.0,1.0,0.04441188177246591,4.138301465471159,248.63658142089844
2025-10-15,248.63658142089844,251.1095960297993,246.7718617608356,248.78616738422892,33893600,4.0,-0.0793,0.4588,-0.4404,0.0,4.0,2.0,0.6336506208048043,4.337734268963686,246.7519073486328
2025-10-16,246.7519073486328,248.33741809379524,244.43846029169785,247.54965348458143,39777000,5.0,-0.1081,0.3818,-0.5719,1.0,2.0,2.0,-0.7580035333075941,3.898957802097385,251.5782470703125
2025-10-17,251.5782470703125,252.66518358811555,246.5724201648456,247.3203043073955,49147000,3.0,-0.2752,0.0,-0.5994,1.0,1.0,2.0,1.955948293789933,6.0927634232699575,261.50018310546875
2025-10-20,261.50018310546875,263.63416054313814,254.90884523128253,255.168106265739,90483000,3.0,0.7246999999999999,0.6808,-0.6369,3.0,0.0,1.0,3.9438767662544505,8.72531531185561,262.0286865234375
2025-10-21,262.0286865234375,264.5415968076956,261.0913359303388,261.141213133835,46695900,1.0,-0.2732,-0.2732,-0.2732,0.0,1.0,1.0,0.20210441602466211,3.4502608773568113,257.7209167480469
2025-10-22,257.7209167480469,262.1084981259862,254.70941678507808,261.9090501595624,45015300,6.0,-0.0047,0.3818,-0.6124,1.0,2.0,1.0,-1.6440069339527463,7.39908134090814,258.8476867675781
2025-10-23,258.8476867675781,259.8847613495841,257.28213901467177,259.206686997747,32754900,1.0,0.0,0.0,0.0,0.0,0.0,0.0,0.43720549878099035,2.6026223349123256,262.0785522460937
2025-10-24,262.0785522460937,263.3848541030092,258.44880663072195,260.4531458541269,38253700,3.0,0.4479,0.7717,0.0,2.0,0.0,0.0,1.248172436409134,4.936047472287271,268.0516357421875
2025-10-27,268.0516357421875,268.3607587413759,263.9033682058253,264.13273028939324,44888200,6.0,0.8033,0.8387,-0.128,3.0,1.0,1.0,2.2791195406501874,4.457390535550587,268.2410888671875
2025-10-28,268.2410888671875,269.12859257872884,267.39348082722177,268.2311073414233,41534800,5.0,0.1299,0.743,-0.25,2.0,3.0,3.0,0.07067784700340862,1.7351117515070769,268.93914794921875
2025-10-29,268.93914794921875,270.6443152614699,266.35642794866993,268.5203194424725,51086700,5.0,-0.0843,0.1779,-0.5994,1.0,1.0,1.0,0.26023570250897077,4.287887312799967,270.63433837890625
2025-10-30,270.63433837890625,273.36662916750566,267.72259312931254,271.2226702585742,69886500,5.0,0.0456,0.6522,-0.296,1.0,2.0,2.0,0.6303249053230431,5.644036038193121,269.60723876953125
2025-10-31,269.60723876953125,276.53764389728985,268.4006608909581,276.2085578376442,86167100,1.0,-0.5267,-0.5267,-0.5267,1.0,0.0,1.0,-0.37951562818203666,8.136983006331775,268.2909851074219
2025-11-03,268.2909851074219,270.08592548154905,265.4988962118729,269.6571458353552,50194600,7.0,-1.2161,0.8316,-0.765,6.0,1.0,4.0,-0.4882115436205092,4.587029269676179,269.2781982421875
2025-11-04,269.2781982421875,270.7240893859628,266.8650119182292,267.5730004152706,49274800,5.0,-0.2097,0.5267,-0.836,3.0,2.0,3.0,0.36796358788213634,3.8590774677336412,269.3778991699219
2025-11-05,269.3778991699219,270.93349568379296,266.17693326929896,267.8521863717013,43683100,1.0,0.0,0.0,0.0,0.0,0.0,0.0,0.037025250608935245,4.756562414493999,269.0089416503906
2025-11-06,269.0089416503906,272.6287059365568,267.1342708755924,267.1342708755924,51204000,7.0,-0.1518,0.5945,-0.7964,2.0,4.0,4.0,-0.13696651457605347,5.494435060964406,267.7126159667969
2025-11-07,267.7126159667969,271.5218466038475,266.0173996929098,269.03885049148494,48227400,2.0,0.1654,0.4588,-0.128,0.0,2.0,1.0,-0.4818894404181151,5.504446910937702,268.9303283691406
2025-11-10,268.9303283691406,273.2223721938244,266.9639805623884,268.46119877683986,41312400,5.0,-0.15089999999999998,0.4939,-0.7184,1.0,3.0,3.0,0.4548580566314353,6.258391631436041,274.73956298828125
2025-11-11,274.73956298828125,275.3983427074405,269.2996575494418,269.3096487524697,46208300,4.0,0.0999,0.4767,-0.0772,0.0,2.0,1.0,2.1601262506795837,6.098685157998716,272.962890625
2025-11-12,272.962890625,275.2187095291286,271.19618380015726,274.49005224267427,48398000,3.0,-0.4996,-0.4215,-0.6369,1.0,2.0,3.0,-0.6466751071293797,4.022525728971345,272.4438171386719
2025-11-13,272.4438171386719,276.1868626363035,271.58539619817094,273.6016390736082,49602800,3.0,-0.2465,0.0,-0.6369,1.0,1.0,2.0,-0.1901626573266424,4.601466438132547,271.90484619140625
2025-11-14,271.90484619140625,275.4482508823214,269.1000594959977,270.5473523374902,47431300,2.0,0.0418,0.4019,-0.3182,0.0,2.0,1.0,-0.1978282909578022,6.34819138632372,266.9639892578125
2025-11-17,266.9639892578125,269.98836893107386,265.237217022597,268.3214829895084,45018300,10.0,-0.3841,0.5574,-0.5574,2.0,5.0,4.0,-1.817127205638569,4.7511519084768565,266.94403076171875
2025-11-18,266.94403076171875,270.2079555294705,264.8279672087311,269.48928956232544,45677300,1.0,-0.765,-0.765,-0.765,1.0,0.0,1.0,-0.007476100484282711,5.379988320739415,268.0619812011719
2025-11-19,268.0619812011719,271.7052065666708,265.0076580872151,265.0376012369211,40424500,4.0,0.3071,0.5267,0.0018,1.0,3.0,0.0,0.41879581883252914,6.697548479455747,265.7562561035156
2025-11-20,265.7562561035156,274.91922505965954,265.4268814706152,270.327749378444,45823600,3.0,-0.1808,0.0,-0.5423,1.0,0.0,1.0,-0.8601462569680418,9.49234358904431,270.98651123046875
2025-11-21,270.98651123046875,272.8230952896135,265.17732758833057,265.4568071090486,59030800,2.0,-0.089,0.0,-0.1779,0.0,1.0,1.0,1.9680647235321702,7.645767701282921,275.4083557128906
2025-11-24,275.4083557128906,276.48633959077114,270.397645153795,270.397645153795,65585800,3.0,-1.569,0.0,-0.7845,2.0,0.0,2.0,1.6317581500066458,6.088694436976141,276.45635986328125
2025-11-25,276.45635986328125,279.8600396675645,274.7395483878858,274.75950033189645,46914200,1.0,0.0,0.0,0.0,0.0,0.0,0.0,0.38052736187974556,5.120491279678674,277.0353088378906
2025-11-26,277.0353088378906,279.0116481613461,276.11703191175064,276.4464065684995,33431400,3.0,-0.3819,0.4588,-0.8615,2.0,1.0,2.0,0.20941785347086128,2.894616249595458,278.3328857421875
2025-11-28,278.3328857421875,278.4826014787427,275.4781737009374,276.7458380127342,20135600,4.0,0.7404,0.6124,0.128,2.0,2.0,0.0,0.46837961187689015,3.00442777780529,282.57501220703125
2025-12-01,282.57501220703125,282.89442609469603,275.6279276857388,277.4944549964911,46587700,3.0,-1.4948000000000001,-0.296,-0.5994,2.0,1.0,3.0,1.524119743713337,7.2664984089572044,285.6592712402344
2025-12-02,285.6592712402344,286.86701880065203,282.10587559562896,282.47518456741903,53669500,3.0,0.0106,0.5423,-0.5106,2.0,0.0,1.0,1.0914832876105063,4.761143205023075,283.623046875
2025-12-03,283.623046875,288.0847586222564,282.77461708045536,285.6692634925469,43538700,3.0,0.0794,0.2382,0.0,0.0,1.0,0.0,-0.7128157809805358,5.310141541801045,280.179443359375
2025-12-04,280.179443359375,284.20196835267484,278.0733405949076,283.5731318378766,43989100,1.0,-0.0516,-0.0516,-0.0516,0.0,1.0,1.0,-1.2141479874668626,6.1286277577672195,278.26300048828125
2025-12-05,278.26300048828125,280.6186397013617,277.5343433093784,280.01974631085085,47265800,6.0,-0.0279,0.6249,-0.7003,3.0,2.0,2.0,-0.6840055245008081,3.084296391983287,277.3746643066406
2025-12-08,277.3746643066406,279.15136205700173,275.6378704438954,277.6142094762677,38211800,8.0,-0.1984,0.4939,-0.6486,1.0,7.0,5.0,-0.3192433705098474,3.513491613106339,276.6659851074219
2025-12-09,276.6659851074219,279.5107061083118,276.4064879695729,277.6441787437343,32193300,4.0,-0.4246,0.5267,-0.875,4.0,0.0,3.0,-0.25549528865235205,3.104218138738929,278.26300048828125
2025-12-10,278.26300048828125,279.2312028389952,275.92734368017386,277.23491184461454,33038300,2.0,0.2023,0.2023,0.2023,0.0,2.0,0.0,0.5772358970110858,3.3038591588213535,277.514404296875
2025-12-11,277.514404296875,279.07150890817053,273.3022288840155,278.5824273392719,33248000,5.0,-0.0281,0.7351,-0.5574,2.0,1.0,2.0,-0.2690246960942222,5.769280024155023,277.763916015625
2025-12-12,277.763916015625,278.70217518025987,276.30663218031253,277.3846158689452,39532900,3.0,-0.0709,0.2263,-0.4391,0.0,2.0,1.0,0.08990946591842519,2.395542999947338,273.6016540527344
2025-12-15,273.6016540527344,279.6304615267261,272.33402020742307,279.6304615267261,50409100,7.0,0.082,0.4588,-0.4391,0.0,3.0,1.0,-1.4984890847580368,7.296441319303028,274.1007385253906
2025-12-16,274.1007385253906,274.9891026980292,271.2859911871425,272.3140798989353,37648600,8.0,-0.1934,0.7003,-0.5106,3.0,3.0,5.0,0.18241281266524467,3.7031115108867425,271.3358764648437
2025-12-17,271.3358764648437,275.6478724530811,271.13626563598973,274.50001118897205,50138700,4.0,-0.2404,0.0,-0.4588,0.0,3.0,3.0,-1.0087028861802239,4.511606817091376,271.68524169921875
2025-12-18,271.68524169921875,273.12257373871984,266.4549687260805,273.1025913325419,51630700,6.0,0.198,0.4588,-0.1335,0.0,5.0,1.0,0.1287574790797441,6.667605012639342,273.1625061035156
2025-12-19,273.1625061035156,274.09077415448866,269.399477884542,271.6453053723066,144632000,5.0,-0.0766,0.6249,-0.7003,3.0,1.0,2.0,0.5437411303821804,4.691296269946633,270.4674987792969
2025-12-22,270.4674987792969,273.37210596231955,270.00836035897595,272.3539780142796,36571800,4.0,-1.0276,0.5859,-0.7783,3.0,0.0,2.0,-0.9865948891234266,3.3637456033436024,271.8549194335937
2025-12-23,271.8549194335937,271.99467443806464,269.06012395403746,270.3377490962612,29642000,1.0,-0.7269,-0.7269,-0.7269,1.0,0.0,1.0,0.5129713035979089,2.93455048402717,273.3022155761719
2025-12-24,273.3022155761719,274.9192064044749,271.69521595033444,271.8349404799371,17910600,1.0,0.7391,0.7391,0.7391,1.0,0.0,0.0,0.5323781322749577,3.2239904541404485,272.8930053710937
2025-12-26,272.8930053710937,274.8593534534055,272.35399820928086,273.65160578690546,21521800,2.0,1.4782,0.7391,0.7391,2.0,0.0,0.0,-0.14972809650133367,2.505355244124644,273.2523498535156
2025-12-29,273.2523498535156,273.8512128461511,271.8449608988494,272.1843267483383,23715200,3.0,1.9548999999999999,0.7391,0.4767,2.0,1.0,0.0,0.13167962364344366,2.0062519473016778,272.57354736328125
2025-12-30,272.57354736328125,273.57169281796894,271.77504318392386,272.30405905646904,22139600,6.0,-0.2239,0.0,-0.5994,1.0,2.0,3.0,-0.24841597541549465,1.7966496340450817,271.3558349609375
2025-12-31,271.3558349609375,273.17246717497864,271.24605357156486,272.553621806917,27293600,4.0,-0.0177,0.2023,-0.2732,0.0,2.0,1.0,-0.4467463604312272,1.9264136034137778,270.5074462890625
2026-01-02,270.5074462890625,277.3247672708593,268.5011639041959,271.7551282774649,37838100,2.0,1.2498,0.6249,0.6249,2.0,0.0,0.0,-0.312648029845064,8.823603366663406,266.764404296875
2026-01-05,266.764404296875,271.00652312062255,265.64648609237463,270.1381413175191,45647200,6.0,0.9814,0.6249,-0.6597,5.0,1.0,3.0,-1.3837112595369017,5.360037028247916,261.8734741210937
2026-01-06,261.8734741210937,267.0538524025104,261.63392891626114,266.5048844877732,52352100,2.0,0.3184,0.6369,0.0,1.0,0.0,0.0,-1.8334268354402772,5.4199234862492744,259.84722900390625
2026-01-07,259.84722900390625,263.1910228349833,259.3282042611396,262.7119324450406,48309800,4.0,-0.355,0.1027,-0.8481,2.0,2.0,2.0,-0.7737496605900951,3.862818573843697,258.55963134765625
2026-01-08,258.55963134765625,258.80916773471864,255.22581364132836,256.5433578451618,50419300,1.0,0.0,0.0,0.0,0.0,0.0,0.0,-0.49552102640688656,3.583354093390284,258.8890075683594
2026-01-09,258.8890075683594,259.7274461787287,255.74485516422808,258.5995368285105,39997000,2.0,0.0756,0.3291,-0.1779,0.0,2.0,1.0,0.12738888084979916,3.9825910145006276,259.7673645019531
2026-01-12,259.7673645019531,260.81540508500296,256.32375036738995,258.679389570116,45263800,5.0,-1.3212,0.0,-0.7269,1.0,3.0,4.0,0.3392793467145605,4.491654717613017,260.5658874511719
2026-01-13,260.5658874511719,261.3244878277737,257.9108470550362,258.24022168851656,45730800,4.0,-0.2698,-0.0943,-0.4215,0.0,4.0,4.0,0.307399257312313,3.4136407727374944,259.4779052734375
2026-01-14,259.4779052734375,261.334471811998,256.2339322781376,259.0087756526009,40019400,3.0,0.0197,0.0591,0.0,0.0,1.0,0.0,-0.4175458991876879,5.100539533860399,257.7311706542969
2026-01-15,257.7311706542969,260.55593980217856,256.57331808587395,260.16664839115424,39388600,3.0,0.3836,0.5106,0.2584,1.0,2.0,0.0,-0.6731727764257678,3.9826217163046067,255.05612182617188
2026-01-16,255.05612182617188,258.41986733264514,254.4572284259222,257.4217218192236,72142800,5.0,-0.0981,0.2732,-0.3818,0.0,3.0,2.0,-1.0379221191344046,3.9626389067229297,246.2425079345703
2026-01-20,246.2425079345703,254.31750190322293,242.9685916985444,252.26132447540704,80267500,14.0,-1.4731,0.34,-0.886,7.0,5.0,10.0,-3.4555586545020445,11.348910204678532,247.1907501220703
2026-01-21,247.1907501220703,251.09350304772093,244.72532928784557,248.2388060412761,54641700,3.0,-0.2708,0.0,-0.7096,1.0,1.0,2.0,0.38508468560267684,6.368173759875361,247.8894500732422
2026-01-22,247.8894500732422,250.5345296526772,247.68980878155543,248.737864640942,39708300,4.0,-0.1776,0.0,-0.5574,1.0,1.0,2.0,0.2826561879143208,2.8447208711217797,247.58001708984372
2026-01-23,247.58001708984372,248.94748685874612,244.22624741136653,246.8613663013417,41689000,1.0,0.7096,0.7096,0.7096,1.0,0.0,0.0,-0.12482700788881695,4.721239447379588,254.93637084960935
2026-01-26,254.93637084960935,256.0842321951532,249.33677343540955,251.01365072947277,55969200,4.0,-0.7047,0.0,-0.4939,0.0,2.0,2.0,2.9713035188522863,6.747458759743665,257.7910461425781
2026-01-27,257.7910461425781,261.4642450011371,257.73115984508394,258.6894015269614,49648300,2.0,-0.4819,-0.4215,-0.5423,1.0,1.0,2.0,1.1197599163490057,3.733085156053164,255.9644470214844
2026-01-28,255.9644470214844,258.3799421919039,254.03801819206552,257.1721946066941,41288000,4.0,0.3226,0.8225,0.0,1.0,2.0,0.0,-0.7085580156587223,4.3419239998384,257.801025390625
2026-01-29,257.801025390625,259.16847988830324,253.93820707645816,257.52154586161765,67253000,4.0,0.089,0.4588,-0.1027,0.0,2.0,1.0,0.7175130728161117,5.230272811845083,258.99884033203125
2026-01-30,258.99884033203125,261.4143357105436,251.7123589200436,254.6968198516284,92443400,7.0,-0.1728,0.0,-0.7506,1.0,1.0,2.0,0.46462768702772994,9.70197679049997,269.50927734375
2026-02-02,269.50927734375,269.98836769074944,258.72928762151224,259.5477742456141,73913400,5.0,-1.704,-0.3412,-0.8689,2.0,3.0,5.0,4.0581019583889155,11.2590800692372,268.98028564453125
2026-02-03,268.98028564453125,271.3758289780004,267.11372779647115,268.70080609664296,64394700,3.0,0.0342,0.1027,0.0,0.0,1.0,0.0,-0.19627958800989553,4.26210118152926,275.97723388671875
2026-02-04,275.97723388671875,278.432693698261,271.7850411492978,271.7850411492978,90545700,4.0,-0.3499,0.2023,-0.7269,2.0,2.0,3.0,2.601286642781786,6.647652548963208,275.3983459472656
2026-02-05,275.3983459472656,278.98168486317746,272.72332314901723,277.6142303156022,52977400,6.0,0.2006,0.4588,-0.0516,0.0,5.0,1.0,-0.2097593092373451,6.25836171416023,277.6042175292969
2026-02-06,277.6042175292969,280.3890519626743,276.4164219647768,276.6060720438839,50453400,2.0,0.0595,0.7184,-0.5994,2.0,0.0,1.0,0.8009748840153375,3.9726299978974566,274.3672180175781
2026-02-09,274.3672180175781,277.9439398399519,271.4499228389202,277.6541982366954,44623400,6.0,-0.020800000000000013,0.7184,-0.5994,2.0,3.0,3.0,-1.166048390953256,6.494017001031693,273.4280700683594
2026-02-10,273.4280700683594,275.11651686144285,272.68876099546605,274.6369782150198,34376900,3.0,-0.0678,0.4215,-0.6249,1.0,1.0,1.0,-0.3422959769044165,2.427755865976792,275.24639892578125
2026-02-11,275.24639892578125,279.92208361183503,274.1973776592452,274.44714753122867,51931300,1.0,0.5719,0.5719,0.5719,1.0,0.0,0.0,0.6650117732854843,5.724705952589829,261.4891052246094
2026-02-12,261.4891052246094,275.46621856633783,259.94051360693726,275.3363333447182,81077200,3.0,0.271,0.7615,0.0,1.0,1.0,0.0,-4.998173910671744,15.52570495940057,255.5445556640625
2026-02-13,255.5445556640625,261.9886306947134,255.21485759663088,261.7688319830923,56290700,1.0,-0.4404,-0.4404,-0.4404,0.0,1.0,1.0,-2.2733450234726726,6.773773098082501,263.6371154785156
2026-02-17,263.6371154785156,266.0449008431299,255.30478047881587,257.8124646511843,58469100,9.0,-0.07949999999999999,0.6124,-0.5574,2.0,7.0,6.0,3.1667901487565153,10.74012036431401,264.106689453125
2026-02-18,264.106689453125,266.57441720150126,262.20844437502524,263.35737977838915,34203300,5.0,0.1172,0.7269,-0.3412,1.0,4.0,2.0,0.17811375828364895,4.365972826476025,260.3401184082031
2026-02-19,260.3401184082031,264.2365527856389,259.81060750150084,262.35827847824623,30845300,2.0,-0.4686,0.0,-0.9371,1.0,0.0,1.0,-1.4261551090285374,4.425945284138038,264.3364562988281
2026-02-20,264.3364562988281,264.5063132392292,257.9223826043077,258.73163460792017,42070500,4.0,0.2885,0.7579,-0.2815,1.0,3.0,1.0,1.5350449692731916,6.583930634921501,265.9349670410156
2026-02-23,265.9349670410156,269.1819753311392,263.13755670993424,263.24744081710827,37308200,13.0,-0.12510000000000002,0.4588,-0.5994,2.0,9.0,7.0,0.6047257970275721,6.044418621204954,271.8895263671875
2026-02-24,271.8895263671875,274.6369951599546,267.46358073991865,267.61343657617186,47014600,4.0,-0.2648,0.4822,-0.8316,2.0,1.0,2.0,2.239103564464129,7.173414420035954,273.97760009765625
2026-02-25,273.97760009765625,274.6869380517792,270.8005039088116,271.5298429675081,33714300,3.0,0.0054,0.5267,-0.5106,2.0,0.0,1.0,0.7679860855135612,3.8864341429675733,272.6987609863281
2026-02-26,272.6987609863281,275.8558253670768,270.55071567552415,274.6969199809464,32345100,2.0,-0.3618,-0.2787,-0.4449,0.0,2.0,2.0,-0.46676776162442035,5.305109691552673,263.93682861328125
2026-02-27,263.93682861328125,272.5588900215503,262.6480379442022,272.5588900215503,72366500,4.0,0.0369,0.34,-0.3818,0.0,4.0,2.0,-3.213044438249635,9.910852077348125,264.476318359375
2026-03-02,264.476318359375,266.2846497598317,259.960490133898,262.16844722421786,41827900,18.0,-0.6805000000000001,0.34,-0.9313,7.0,9.0,14.0,0.20440108677830526,6.324159625933703,263.5072326660156
2026-03-03,263.5072326660156,265.3155642216452,259.8905695547566,263.23749216234586,38568900,9.0,-0.1893,0.6124,-0.7506,5.0,4.0,6.0,-0.3664168116717992,5.424994666888608,262.2783508300781
2026-03-04,262.2783508300781,265.9050144519466,261.179387723623,264.4063951364299,39803100,9.0,-0.3468,0.2023,-0.8176,3.0,5.0,7.0,-0.46635601744375865,4.725626728323618,260.0504150390625
2026-03-05,260.0504150390625,261.3192350446657,257.0132047817476,260.549954795684,49658600,3.0,-0.3322,0.2023,-0.5994,2.0,1.0,2.0,-0.8494547048829904,4.306030262918057,257.2229919433594
2026-03-06,257.2229919433594,258.53178361058343,254.13584003818684,258.39192833924307,41120000,9.0,-0.5835,-0.2732,-0.8442,6.0,3.0,9.0,-1.087259597443213,4.39594357239659,259.6407775878906
2026-03-09,259.6407775878906,260.9095975388004,253.44647267699952,255.45463216869052,38218500,14.0,-1.4539,0.0516,-0.8555,8.0,6.0,13.0,0.9399570490431275,7.463124861800907,260.58990478515625
2026-03-10,260.58990478515625,262.2384104290217,256.71350175461305,257.4128391437035,30590800,8.0,-0.3015,0.296,-0.7717,3.0,4.0,6.0,0.36555398041986376,5.524908674408664,260.5699157714844
2026-03-11,260.5699157714844,261.888707997661,259.3110658747261,260.8496568052655,26218900,4.0,-0.2862,0.2023,-0.775,2.0,1.0,2.0,-0.007670678451010549,2.57764212293489,255.52456665039065
2026-03-12,255.52456665039065,258.71164792954545,253.94601921584928,258.4219063383753,40794000,6.0,-0.5901,0.0,-0.8689,5.0,0.0,5.0,-1.9362746102732808,4.765628713696174,249.8897705078125
2026-03-13,249.8897705078125,256.0940459350445,249.29033192864068,255.2448374700317,36930000,3.0,-0.2787,0.0,-0.836,1.0,0.0,1.0,-2.2051876328148534,6.803714006403823,252.58729553222656
2026-03-16,252.58729553222656,253.6563027081548,249.6499992581203,251.8779423541949,32074200,20.0,-1.0276,0.34,-0.9062,10.0,5.0,13.0,1.0794859745288043,4.0063034500345225,253.99598693847656
2026-03-17,253.99598693847656,254.89516767044785,251.94787083452104,252.72716690012703,32361600,2.0,-0.6145,-0.5106,-0.7184,2.0,0.0,2.0,0.5577047742174601,2.9472968359268066,249.7099456787109
2026-03-18,249.7099456787109,254.70534343896443,248.7708084606242,252.3974721128864,35757900,4.0,-0.3598,0.0,-0.5859,2.0,1.0,3.0,-1.6874444795081822,5.934534978340224,248.73085021972656
2026-03-19,248.73085021972656,251.5982036354298,247.0723745163624,249.17043241392184,34864100,9.0,-0.1459,0.7684,-0.743,4.0,4.0,5.0,-0.3920930967820202,4.525829119067396,247.76173400878903
2026-03-20,247.76173400878903,248.97061168291063,245.77356028907465,247.7517334570195,88331100,10.0,-0.3199,0.4939,-0.7964,5.0,5.0,7.0,-0.38962445152317393,3.1970513938359773,251.25851440429688
2026-03-23,251.25851440429688,254.3656523266213,250.0496214753341,253.73622734962268,40546100,15.0,-1.2323,0.7906,-0.9224,8.0,6.0,12.0,1.4113480475494988,4.316030851287195,251.4083709716797
2026-03-24,251.4083709716797,254.5954370944537,249.32029842391177,250.1195650925759,45152300,11.0,-0.0196,0.5994,-0.7845,3.0,5.0,4.0,0.059642383756863815,5.275138670541935,252.3874664306641
2026-03-25,252.3874664306641,254.76528059453105,251.3684162845015,253.86611511385965,28476700,15.0,-0.042,0.743,-0.8442,6.0,7.0,7.0,0.3894442556547473,3.3968643100295424,252.6572265625
2026-03-26,252.6572265625,256.7634441190972,250.53918279672283,251.88793104116343,41796700,14.0,-0.0119,0.6808,-0.802,7.0,4.0,5.0,0.10688333127271132,6.22426132237436,248.57098388671875
2026-03-27,248.57098388671875,255.2548282141602,247.8416601166152,253.666280215245,47900000,15.0,-0.353,0.5927,-0.8402,10.0,2.0,10.0,-1.6173068672430957,7.413168097544997,246.40298461914065
2026-03-30,246.40298461914065,250.63907198816295,245.2840052006544,249.83982057534303,39446200,23.0,-0.7044,0.7003,-0.8832,12.0,10.0,16.0,-0.8721851736991582,5.355066787508548,253.55638122558597
2026-03-31,253.55638122558597,255.24482803058763,246.8725521332485,247.6818040942864,49598100,8.0,0.0763,0.7351,-0.5994,2.0,4.0,2.0,2.9031290418426448,8.372275897339136,255.3946990966797
2026-04-01,255.3946990966797,255.9441806293992,253.096813183035,253.8461228128272,40059400,18.0,-0.1404,0.4939,-0.7906,4.0,7.0,7.0,0.7250134515282447,2.8473674463641885,255.68443298339844
2026-04-02,255.68443298339844,255.89424639361263,250.4192795609811,253.9660149621701,31289400,22.0,-0.3106,0.4588,-0.872,9.0,8.0,13.0,0.11344553655323608,5.474966832631537,258.6217041015625
2026-04-06,258.6217041015625,261.9186847371787,256.2239194053331,256.2738916739028,29329900,24.0,-0.3571,0.7063,-0.8316,9.0,10.0,11.0,1.1487876222620041,5.694765331845588,253.26666259765625
2026-04-07,253.26666259765625,255.96418954301225,245.47383916108728,255.92421782448065,62148000,22.0,-0.127,0.7684,-0.9022,8.0,9.0,11.0,-2.07060792616357,10.49035038192497,258.66168212890625
2026-04-08,258.66168212890625,259.51090582044134,256.29386854025813,258.2121146377317,41032800,66.0,0.0993,0.8968,-0.8442,19.0,29.0,17.0,2.1301735790709264,3.217037280183206,260.2502136230469
2026-04-09,260.2502136230469,260.879638597066,255.8342992320816,258.7615948993736,28121600,52.0,-0.0586,0.6705,-0.8481,18.0,20.0,23.0,0.6141348347641795,5.045339364984386,260.240234375
2026-04-10,260.240234375,261.94865175168746,258.7815563792568,259.7406946341393,31291500,51.0,0.0201,0.9304,-0.7506,20.0,19.0,16.0,-0.0038344821731151058,3.1670953724306514,258.96142578125
2026-04-13,258.96142578125,259.9405042051452,256.4237552437805,259.49093671136296,36234700,101.0,0.3053,0.8074,-0.8866,33.0,38.0,26.0,-0.49139542039732254,3.5167489613647263,258.5917358398437
2026-04-14,258.5917358398437,261.68888841493145,256.9532612999924,259.01136264890187,48370700,44.0,-0.0374,0.7906,-0.7964,15.0,18.0,19.0,-0.1427586909096612,4.735627114939064,266.18475341796875
