date,Close,High,Low,Open,Volume
2016-01-04,23.7091064453125,23.713608423784326,22.955186449441953,23.092467603803655,270597600
2016-01-05,23.114965438842773,23.821624751632932,23.0474512349527,23.799120017002906,223164000
2016-01-06,22.662614822387695,23.038450962466055,22.475823963727517,22.631107847818445,273829600
2016-01-07,21.706153869628906,22.534341069129724,21.70165360809434,22.208018022318978,324377600
2016-01-08,21.8209285736084,22.30478820822411,21.77591909378435,22.178760291115495,283192000
2016-01-11,22.174257278442383,22.29353393971297,21.9064462500791,22.273280189837518,198957600
2016-01-12,22.496084213256836,22.66037209985096,22.244026626852737,22.628865116175675,196616800
2016-01-13,21.917699813842773,22.772893639718973,21.897446063656986,22.577098802915323,249758400
2016-01-14,22.397056579589844,22.613106875133813,21.546364765015802,22.04597785408347,252680400
2016-01-15,21.859182357788086,21.989712226534987,21.460843219648147,21.64988505686676,319335600
2016-01-19,21.7534122467041,22.201262880477753,21.492352481407988,22.147251166520476,212350800
2016-01-20,21.78266716003418,22.097738623752576,21.024245345147918,21.402330758209725,289337600
2016-01-21,21.672391891479492,22.02797083685336,21.36632267791624,21.843429256646218,208646000
2016-01-22,22.824655532836914,22.833657772379347,22.13825150849246,22.196763490015815,263202000
2016-01-25,22.379051208496094,22.849406537567848,22.32728877108087,22.847155548897288,207178000
2016-01-26,22.502832412719727,22.7031275176358,22.070735223485162,22.48932991211915,300308000
2016-01-27,21.024248123168945,21.746661081313626,21.006243644691438,21.61388191579554,533478800
2016-01-28,21.175031661987305,21.271803587071275,20.792445939749225,21.107517443534352,222715200
2016-01-29,21.90644645690918,21.90644645690918,21.233544971670028,21.33256788400009,257666000
2016-02-01,21.701650619506836,21.764664574323376,21.46984854985964,21.710652858337983,163774000
2016-02-02,21.262800216674805,21.61387891320668,21.217789026733964,21.47434679989208,149428800
2016-02-03,21.68365478515625,21.793929250041646,21.17278997611387,21.37983640075646,183857200
2016-02-04,21.857872009277344,22.023051307354372,21.53882942849587,21.690431234443935,185886800
2016-02-05,21.274093627929688,21.93028280241884,21.19942517660604,21.839773653124055,185672400
2016-02-08,21.49810218811035,21.654228686840714,21.052346092950472,21.072709743355976,216085600
2016-02-09,21.493574142456055,21.7085335517024,21.253726404495982,21.33518445254245,177324800
2016-02-10,21.33066177368164,21.801307972120107,21.292195946026556,21.7040109380806,169374400
2016-02-11,21.201683044433594,21.432481422160656,20.950521017899042,21.222048419559226,200298800
2016-02-12,21.267305374145508,21.38270458064832,21.045559774862276,21.312560811165437,161405600
2016-02-16,21.86692237854004,21.914439283638654,21.407590569602025,21.500361176798915,196231600
2016-02-17,22.201807022094727,22.22217067140794,21.756050950844866,21.873711619396975,179452800
2016-02-18,21.780942916870117,22.376037647567838,21.742475365374155,22.36472335718932,156084000
2016-02-19,21.731163024902344,21.894079140646554,21.676858228427058,21.72211193777007,141496800
2016-02-22,21.921228408813477,21.925754815070707,21.70400751905716,21.79225345157322,137123200
2016-02-23,21.425701141357422,21.835253002769754,21.394023192205015,21.812626142849286,127770400
2016-02-24,21.744735717773438,21.808091592422585,21.115699924731025,21.265040251819542,145022800
2016-02-25,21.894081115722656,21.894081115722656,21.552409882510005,21.733428188848517,110330800
2016-02-26,21.928016662597656,22.17917695216546,21.853346500833084,21.993634012407416,115964400
2016-02-29,21.87824249267578,22.2267016158335,21.869191404582505,21.916708322333303,140865200
2016-03-01,22.74712371826172,22.80142851449741,22.043417665277012,22.09546098447838,201628400
2016-03-02,22.796905517578125,22.828583461581438,22.545743442752926,22.742600717332223,132678400
2016-03-03,22.966604232788086,23.014121137835684,22.729017981232012,22.758434441250582,147822800
2016-03-04,23.308279037475586,23.475719832914706,22.93719309822221,23.16346509661175,184220400
2016-03-07,23.050331115722656,23.267552046038453,22.844422750525865,23.16799180560761,143315600
2016-03-08,22.86025619506836,23.02543548799518,22.717705479544886,22.803688204196146,126247600
2016-03-09,22.880624771118164,22.98470968172931,22.688292194185372,22.923615276300346,108806800
2016-03-10,22.89194107055664,23.13405207582251,22.661144357421886,22.94624760120367,134054400
2016-03-11,23.13857078552246,23.143095465078485,22.966603614987008,23.134044379648405,109632800
2016-03-14,23.197404861450195,23.285652530351765,23.029964063512647,23.059380528585958,100304400
2016-03-15,23.663522720336914,23.799285555257,23.498343424866768,23.52323347933923,160270800
2016-03-16,23.978042602539062,24.054974249049753,23.665786157407254,23.670312563859795,153214000
2016-03-17,23.939577102661133,24.091178920822344,23.749507734406702,23.876219495697473,137682800
2016-03-18,23.966732025146484,24.097970211506816,23.80155441672617,24.061765859551475,176820800
2016-03-21,23.96446418762207,24.35817691589159,23.790233811135852,23.96898886725636,142010800
2016-03-22,24.14775276184082,24.276727757600753,23.806081492739757,23.81513258163924,129777600
2016-03-23,24.014244079589844,24.2269402884613,23.962202492090338,24.09344065187563,102814000
2016-03-24,23.9101619720459,24.041400147165657,23.733670087176467,23.86490826229623,104532000
2016-03-28,23.801557540893555,24.027829591359108,23.772141069489038,23.984837349348656,77645600
2016-03-29,24.364971160888672,24.38986122117192,23.731408814927196,23.73367201849436,124760400
2016-03-30,24.79036521911621,24.984959320013996,24.57314425850633,24.584458551521745,182404400
2016-03-31,24.661386489868164,24.867294852638533,24.636496430053757,24.826565820789366,103553600
2016-04-01,24.887653350830078,24.889916553885868,24.48262631974958,24.613864475895507,103496000
2016-04-04,25.143346786499023,25.385457772131094,24.951014193778747,24.98495534110106,149424800
2016-04-05,24.846935272216797,25.055106887093817,24.758689303668916,24.779054687505514,106314800
2016-04-06,25.107141494750977,25.111667901594167,24.70890228215183,24.94196389766093,105616400
2016-04-07,24.55956268310547,24.98495341463235,24.464528858985368,24.87860530017105,127207600
2016-04-08,24.58670997619629,24.83787024288714,24.47583548198376,24.643277961534878,94326800
2016-04-11,24.668170928955078,25.027944281096357,24.62518042590393,24.656858365549297,117630000
2016-04-12,24.98948097229004,25.003056740270104,24.58671707657627,24.740580383866106,108929200
2016-04-13,25.35150909423828,25.419389642400777,25.070932363933803,25.070932363933803,133029200
2016-04-14,25.365095138549805,25.430714236790166,25.190866428705064,25.256485526945426,101895600
2016-04-15,24.855974197387695,25.41034152930501,24.82882266731892,25.367349304938738,187756000
2016-04-18,24.319711685180664,24.652330025365913,24.197524616282408,24.638754259816587,243286000
2016-04-19,24.190744400024414,24.43738009269739,24.03687934520283,24.410226826675235,129539600
2016-04-20,24.240516662597656,24.457737556836925,23.99840571238447,24.129643875461802,122444000
2016-04-21,23.978042602539062,24.195263501668265,23.876219173175897,24.195263501668265,126210000
2016-04-22,23.912424087524414,24.09344237092434,23.67257632939006,23.760822267809996,134732400
2016-04-25,23.77665901184082,23.905633965633438,23.6476840580482,23.75855683993214,112126400
2016-04-26,23.611480712890625,23.826440129182235,23.511922215818263,23.511922215818263,224064800
2016-04-27,22.133926391601562,22.33530832822501,21.649704462381326,21.722111431433373,458408400
2016-04-28,21.457374572753906,22.147503149777744,21.326136396000567,22.086410468223406,328970800
2016-04-29,21.210737228393555,21.43248455248749,20.932423629466527,21.267305229545045,274126000
2016-05-02,21.1881046295166,21.287664836976287,20.907527903233213,21.262774785111365,192640400
2016-05-03,21.536569595336914,21.663281366246807,21.197161586412495,21.314822269926196,227325200
2016-05-04,21.31256103515625,21.699485962571515,21.228839770528293,21.54109452081471,164102000
2016-05-05,21.22605323791504,21.41500286744286,21.098569987548814,21.39906746114708,143562000
2016-05-06,21.107675552368164,21.273858822090435,20.90961973417624,21.255648170316455,174799600
2016-05-09,21.123607635498047,21.34670328189043,21.07807667115257,21.17141384543927,131745600
2016-05-10,21.267032623291016,21.301180422551738,20.96881209919443,21.246544985832113,134747200
2016-05-11,21.05986785888672,21.301175912061915,21.048484682600442,21.280688278941234,114876400
2016-05-12,20.56587028503418,21.121336033753508,20.367816184370167,21.107677609384716,305258800
2016-05-13,20.606842041015625,20.868639441253695,20.48846500739972,20.48846500739972,177571200
2016-05-16,21.371749877929688,21.487851693136445,20.864092098720693,21.032552364137977,245039200
2016-05-17,21.282962799072266,21.55841863488551,21.17369195249664,21.52427258084862,187667600
2016-05-18,21.52655029296875,21.67452291245479,21.37402544469915,21.43549182266564,168249600
2016-05-19,21.44459342956543,21.544759817778345,21.30117479475683,21.544759817778345,121768400
2016-05-20,21.67679786682129,21.72460408030558,21.517442085044827,21.544760665676776,128104000
2016-05-23,21.952255249023438,22.125269464843562,21.779241033203313,21.824772004118582,152074400
2016-05-24,22.286903381347656,22.33015563826558,22.04559354641188,22.132101533906077,140560800
2016-05-25,22.6784610748291,22.70577792404892,22.334709581903283,22.46219284314023,152675200
2016-05-26,22.858306884765625,22.93115471825379,22.455365948886282,22.692121841930156,225324800
2016-05-27,22.844640731811523,22.871959313517372,22.59422647840904,22.637480465236077,145364800
2016-05-31,22.73309326171875,22.85602427612958,22.49633742694555,22.67390386881822,169228800
2016-06-01,22.41438865661621,22.660250742907195,22.38479482166296,22.541871929435537,116693200
2016-06-02,22.245920181274414,22.273237022921467,21.997781203065305,22.21860160279867,160766400
2016-06-03,22.29145050048828,22.37112752057621,22.18445490058645,22.26185667497813,114019600
2016-06-06,22.45308494567871,23.19522331053951,22.207224637192535,22.307389304787257,93170000
2016-06-07,22.544147491455078,22.735374125458055,22.528212083357264,22.594230698856553,89638000
2016-06-08,22.523653030395508,22.664794677408715,22.46446364532262,22.541863679255194,83392400
2016-06-09,22.685287475585938,22.762687521221583,22.41438384220326,22.42349003642433,106405600
2016-06-10,22.498613357543945,22.61699040098032,22.418936334382074,22.430317773788715,126851600
2016-06-13,22.159414291381836,22.56463209429389,22.104778866146614,22.46674268329849,152082000
2016-06-14,22.186729431152344,22.418932991836716,22.02509842631407,22.154858626639367,127727600
2016-06-15,22.11388397216797,22.402999962509963,22.088842374994137,22.268685783411325,117780800
2016-06-16,22.207223892211914,22.252753127152243,21.870301648434932,21.95680788955315,125307200
2016-06-17,21.701839447021484,22.00233688641061,21.695010236076318,21.995507675465443,244032800
2016-06-20,21.649484634399414,21.984129948287837,21.633549225968025,21.854369697681026,137647600
2016-06-21,21.83388328552246,21.934047971216188,21.553873393846285,21.613062801412593,142185600
2016-06-22,21.751928329467773,22.056978076957133,21.706397349882533,21.91128241594292,116876400
2016-06-23,21.87712860107422,21.92038258558164,21.68362676731434,21.840705564248605,128960800
2016-06-24,21.262474060058594,21.549313056841648,21.091736851444896,21.150926236743015,301245600
2016-06-27,20.952869415283203,21.18279599784611,20.829938422729626,21.171412823102244,181958400
2016-06-28,21.30573272705078,21.321669872013963,20.97564138563484,21.1486556288244,161779600
2016-06-29,21.490123748779297,21.524271537990504,21.314832574681827,21.39223434601581,146124000
2016-06-30,21.763307571411133,21.802007597523946,21.467364049759535,21.49923486383234,143345600
2016-07-01,21.829322814941406,21.961360016776208,21.70183957831682,21.738262615854342,104106000
2016-07-05,21.62443733215332,21.71777451182094,21.503783309132288,21.715497529265225,110820800
2016-07-06,21.747371673583984,21.776967240861612,21.483298971964736,21.535657420975962,123796400
2016-07-07,21.840707778930664,21.968191025990517,21.767859961063753,21.786070612908745,100558400
2016-07-08,22.009164810180664,22.05697102082978,21.86574617823332,21.965910827619155,115648400
2016-07-11,22.07745933532715,22.22998415299696,22.020546934391074,22.025099162261355,95179600
2016-07-12,22.17762565612793,22.241367272101378,22.109331811940137,22.120713250890383,96670000
2016-07-13,22.052417755126953,22.23453639615039,22.045586808073868,22.175348749652812,103568800
2016-07-14,22.489505767822266,22.535034996280167,22.1548605544876,22.170795958130736,155676000
2016-07-15,22.48723030090332,22.605609081798118,22.423488682034822,22.51910111033757,120548000
2016-07-18,22.726261138916016,22.79455498028692,22.446251352492066,22.469015966282367,145975600
2016-07-19,22.735374450683594,22.764968284194516,22.614718659840797,22.6648018679587,95119600
2016-07-20,22.755857467651367,22.869682285959044,22.705774269703365,22.764963661535447,105104000
2016-07-21,22.635204315185547,22.99261418904708,22.56690872682313,22.726264520725785,130808000
2016-07-22,22.45991325378418,22.605608877546853,22.38023449408964,22.596502683958082,113254800
2016-07-25,22.159414291381836,22.500888738552472,22.063801863012984,22.366576289676537,161531600
2016-07-26,22.006893157958984,22.302838423366524,21.949980740521315,22.041040955787416,224959200
2016-07-27,23.43653106689453,23.755240928260108,23.391001831054744,23.737028539192586,369379200
2016-07-28,23.752960205078125,23.778001801895453,23.406933551428555,23.4092105339107,159479200
2016-07-29,23.723369598388672,23.800771381822965,23.602715562898634,23.718817369635584,110934800
2016-08-01,24.142244338989258,24.165008954984405,23.76889907881645,23.76889907881645,152671600
2016-08-02,23.784841537475586,24.14680372858213,23.675568916731894,24.14225149876461,135266400
2016-08-03,24.08305549621582,24.09443693605807,23.850851892023883,23.85995808599503,120810400
2016-08-04,24.231830596923828,24.261584742018446,24.09678879267462,24.16545435364713,109634800
2016-08-05,24.600326538085938,24.639236198825742,24.30277817025099,24.32337678608829,162213600
2016-08-08,24.804033279418945,24.804033279418945,24.52708526060686,24.60948147407652,112148800
2016-08-09,24.904741287231445,24.934497174054055,24.721636062785517,24.77199056703533,105260800
2016-08-10,24.71935272216797,24.925347677433617,24.664421316176433,24.881859368478118,96034000
2016-08-11,24.70333480834961,24.93221773930949,24.685023754775653,24.838374899421613,109938000
2016-08-12,24.760549545288086,24.820059581873906,24.6689960458263,24.6689960458263,74641600
2016-08-15,25.05809783935547,25.07183025301336,24.73766146618195,24.75139387983984,103472800
2016-08-16,25.03520965576172,25.22976150751289,24.996299983906624,25.092430377750215,135177600
2016-08-17,24.99859046936035,25.03292325340463,24.797172400960832,24.971123892877344,101424000
2016-08-18,24.966543197631836,25.085561518440528,24.952809038364844,25.000875976442813,87938800
2016-08-19,25.030630111694336,25.10616187580563,24.801747248014788,24.895588314079816,101472400
2016-08-22,24.83608055114746,24.971120605375244,24.68501701973566,24.916189205879,103280800
2016-08-23,24.91390037536621,25.021475605068048,24.840657925859944,24.854390339443075,85030800
2016-08-24,24.726213455200195,24.89100938292654,24.646104808732535,24.849810400994954,94700400
2016-08-25,24.62093162536621,24.691884760216265,24.417225999435953,24.579732636625383,100344800
2016-08-26,24.476734161376953,24.707904597919814,24.332536838720074,24.584309387410602,111065200
2016-08-29,24.449264526367188,24.59117251365014,24.327956902413796,24.403488657559762,99881200
2016-08-30,24.26158332824707,24.37602475904069,24.14714189745345,24.215807454424684,99455600
2016-08-31,24.284469604492188,24.392044821479804,24.179183704910436,24.18376233972216,118649600
2016-09-01,24.428668975830078,24.444690706547647,24.174608855710293,24.293627177292564,106806000
2016-09-02,24.657554626464844,24.719352238716972,24.449270357370363,24.65068667289205,107210000
2016-09-06,24.650691986083984,24.788023147334084,24.607205414843826,24.696469621913437,107521600
2016-09-07,24.80175018310547,24.893303688659454,24.506491044468753,24.680442530397535,169457200
2016-09-08,24.151721954345703,24.552267014663258,24.087635024092958,24.547690125175723,212008000
2016-09-09,23.604690551757812,24.19749811312488,23.604690551757812,23.950304186078277,186228000
2016-09-12,24.133413314819336,24.19750024683711,23.467363243696187,23.49482982009149,181171200
2016-09-13,24.707902908325195,24.90016540997437,24.54539629470703,24.607195641973306,248704800
2016-09-14,25.582237243652344,25.87063014465147,24.85667897528379,24.886434865548,443554800
2016-09-15,26.451995849609375,26.488617950649573,25.975919013514144,26.060606312491185,359934400
2016-09-16,26.303220748901367,26.580168830453403,26.10180443856475,26.348998373685482,319547600
2016-09-19,25.99652099609375,26.5916162050447,25.920989217686817,26.365022616061893,188092000
2016-09-20,25.99422264099121,26.120108894570805,25.751607402714964,25.875204339073825,138057200
2016-09-21,25.989648818969727,26.090356087477158,25.735588710853925,26.05831262755603,144012800
2016-09-22,26.23455047607422,26.30779291146968,26.092642493516646,26.17275113438084,124296000
2016-09-23,25.797388076782227,26.273464865638555,25.531884855537015,26.188777575064645,209924800
2016-09-26,25.836299896240234,25.953030658642643,25.53188698083939,25.552485602666827,119477600
2016-09-27,25.884361267089844,25.904961632109924,25.712699125618776,25.863762648307365,98429600
2016-09-28,26.081199645996094,26.239129368791218,25.96218133422534,26.021691363229483,118564400
2016-09-29,25.67607879638672,26.046869650892393,25.58910393995395,25.9003847630911,143548000
2016-09-30,25.875207901000977,25.9484503460104,25.58910432733329,25.74016610618626,145516400
2016-10-03,25.75389289855957,25.875202254160495,25.69896151334979,25.79738119106249,86807200
2016-10-04,25.863773345947266,26.16360945160402,25.77908602581474,25.87750576414885,118947200
2016-10-05,25.875207901000977,26.01482658464982,25.79280993208567,25.955316552380403,85812400
2016-10-06,26.06747055053711,26.170467146015195,25.8935190762136,26.023982245396795,115117200
2016-10-07,26.106374740600586,26.220816154327558,25.980490233243355,26.163595447464072,97433600
2016-10-10,26.561864852905273,26.722082206181536,26.257450135442184,26.326113967029936,144944000
2016-10-11,26.61907958984375,27.166109532262723,26.59618990489879,26.93951422421971,256164000
2016-10-12,26.857120513916016,27.003607186633243,26.722080431727257,26.85940983202171,150347200
2016-10-13,26.774721145629883,26.880007065108106,26.486328216305616,26.73123283788793,140769600
2016-10-14,26.923484802246094,27.04708173144671,26.809043395160778,26.98070550578875,142608800
2016-10-17,26.905183792114258,26.971558291980898,26.728942993020848,26.854829278087568,94499600
2016-10-18,26.886865615844727,27.056238416665614,26.882286981471605,27.049372211343297,98214000
2016-10-19,26.806760787963867,26.953245676457854,26.046869774062202,26.836514930670027,80138400
2016-10-20,26.79302406311035,26.866266500342775,26.62594057172268,26.747248194679127,96503200
2016-10-21,26.687742233276367,26.758697110259885,26.6144997848891,26.735807426320722,92770800
2016-10-24,26.928070068359375,26.94866868851393,26.779295853260383,26.80218379106691,94154800
2016-10-25,27.065399169921875,27.090576425127797,26.8502487149759,26.99673361095342,192516000
2016-10-26,26.45656967163086,26.48174692661736,25.93471701597914,26.16359988222903,264536800
2016-10-27,26.202512741088867,26.51837048528033,26.115536129527058,26.410795252814587,138248000
2016-10-28,26.028564453125,26.369599495473235,25.966765090366206,26.062897238408997,151446800
2016-10-31,25.98735809326172,26.145287813056154,25.909537018929132,26.012535345583657,105677600
2016-11-01,25.518146514892578,26.03999909376666,25.29841920516862,25.96904597446424,175303200
2016-11-02,25.541034698486328,25.714986141889998,25.458638484492432,25.4975481473135,113326800
2016-11-03,25.267271041870117,25.642264957129893,25.20285508147735,25.531838097943226,107730400
2016-11-04,25.03951072692871,25.36389333452078,24.87156937755949,24.96819331187081,123348000
2016-11-07,25.400707244873047,25.423712696207485,25.182151069187302,25.32478767578631,130240000
2016-11-08,25.550243377685547,25.70208251479845,25.237364327152967,25.37769986107729,97016800
2016-11-09,25.50882911682129,25.610055193362072,24.857766343733797,25.278771128467262,236705600
2016-11-10,24.797958374023438,25.557148915104918,24.347044789302654,25.557148915104918,228538000
2016-11-11,24.945186614990234,25.04641268693562,24.51267824839253,24.643811225593108,136575600
2016-11-14,24.31943130493164,24.80255276055703,23.944437391630697,24.779547311280258,204702000
2016-11-15,24.641510009765625,24.772642986196743,24.422955634114782,24.517278491798816,129058000
2016-11-16,25.304075241088867,25.359290416788934,24.524178875156075,24.54718432076294,235362000
2016-11-17,25.29487419128418,25.386897734297026,25.03721037709193,25.262666214510148,110528000
2016-11-18,25.3201847076416,25.43061332773471,25.22816290530128,25.24196582461165,113715600
2016-11-21,25.704381942749023,25.764195760935156,25.308681889132192,25.333988410366057,117058400
2016-11-22,25.720487594604492,25.863122445096884,25.628464034646015,25.75499489378593,103862000
2016-11-23,25.58935546875,25.653771436366686,25.382302890551035,25.61926238079961,109705600
2016-11-25,25.71818733215332,25.736592395764816,25.52493767463953,25.566348190163666,45903600
2016-11-28,25.667579650878906,25.87463227178593,25.6261691266975,25.63537166042713,108776000
2016-11-29,25.642261505126953,25.773394479759833,25.322481062509873,25.485822013003247,114115200
2016-11-30,25.42600440979004,25.812501844329436,25.368489921050262,25.674467422394557,144649200
2016-12-01,25.18905258178711,25.522637770046657,25.083226101264454,25.39150476644213,148347600
2016-12-02,25.28337287902832,25.32708270259954,25.041811292921707,25.11542977784512,106112000
2016-12-05,25.10163116455078,25.313284125596923,24.903781123293562,25.306382665702465,137298000
2016-12-06,25.29487419128418,25.389198805553196,25.12003139028318,25.191348802396664,104782000
2016-12-07,25.5433349609375,25.58014507695273,25.113127700027896,25.136133144935943,119994800
2016-12-08,25.794109344482422,25.865426778722618,25.44442012358082,25.504235708377816,108273200
2016-12-09,26.215105056762695,26.38764853477176,25.837810125265783,25.837810125265783,137610400
2016-12-12,26.065568923950195,26.45666677418299,25.879220773133106,26.06326785277385,105497600
2016-12-13,26.500375747680664,26.66831706779503,26.169091738946882,26.189796111891315,174935200
2016-12-14,26.500375747680664,26.73273301278152,26.452063788940798,26.465866704237087,136127200
2016-12-15,26.64531898498535,26.854672619230723,26.509585599866277,26.544092897640045,186098000
2016-12-16,26.679824829101562,26.801755280446198,26.606206344032927,26.794853821721503,177404400
2016-12-19,26.833959579467773,27.00420197375097,26.629208141088593,26.640711740854886,111117600
2016-12-20,26.90528106689453,27.031813662716168,26.84316618225683,26.856969099908948,85700000
2016-12-21,26.930585861206055,27.008806485032228,26.866169909350997,26.870772051742385,95132800
2016-12-22,26.753440856933594,26.80405388987019,26.603902829221738,26.767243773115222,104343600
2016-12-23,26.806364059448242,26.806364059448242,26.592409995989872,26.592409995989872,56998000
2016-12-27,26.976600646972656,27.10083217333965,26.799455010129595,26.806356469060564,73187600
2016-12-28,26.861572265625,27.151444078578333,26.732738593553627,27.03641507988799,83623600
2016-12-29,26.85466766357422,26.94208906047427,26.77874811207514,26.790249957476107,60158000
2016-12-30,26.64531898498535,26.96279841092744,26.555596500366864,26.83626755694915,122345200
2017-01-03,26.721240997314453,26.762651513638215,26.401460470504556,26.64072103646367,115127600
2017-01-04,26.691322326660156,26.80405198480791,26.629207453054597,26.652212896789884,84472400
2017-01-05,26.827062606811523,26.88457710485285,26.643015510998012,26.66832203055245,88774400
2017-01-06,27.126136779785156,27.183651273757864,26.79485273283738,26.866170143698557,127007600
2017-01-09,27.37459945678711,27.475825533009875,27.133039622896174,27.135338939026216,134247600
2017-01-10,27.402212142944336,27.464327038866397,27.215865699974678,27.323991499898003,97848400
2017-01-11,27.549448013305664,27.59085852729163,27.284880938128854,27.317088920650892,110354400
2017-01-12,27.434419631958008,27.445923235352577,27.195159074019244,27.353899673806367,108344800
2017-01-13,27.3861026763916,27.519536728605953,27.333188567684832,27.402206665093118,104447600
2017-01-17,27.606956481933594,27.662169903440613,27.19745357495073,27.225059408102727,137759200
2017-01-18,27.604656219482422,27.721986279424815,27.540240266636584,27.60695729071351,94852000
2017-01-19,27.55634307861328,27.627660486905143,27.462020224601755,27.468921682797355,102389200
2017-01-20,27.606956481933594,27.710481866659634,27.544841602138572,27.710481866659634,130391600
2017-01-23,27.625364303588867,27.793305656069048,27.554045132006674,27.60695924284487,88200800
2017-01-24,27.600059509277344,27.629966418453563,27.49193196465079,27.503435567135732,92844000
2017-01-25,28.03947639465332,28.09008944990203,27.67138384084961,27.7035918296072,129510400
2017-01-26,28.053274154663086,28.168303159062784,27.97505351896557,27.991157509373394,105350400
2017-01-27,28.05556869506836,28.14759223396349,27.97504875673625,28.099280270964226,82251600
2017-01-30,27.981952667236328,27.981952667236328,27.7587978915031,27.82091277645912,121510000
2017-01-31,27.91754150390625,27.926744035702466,27.749600125434853,27.871530600128644,196804000
2017-02-01,29.619970321655273,30.020272543535167,29.21966985497879,29.224270243127602,447940000
2017-02-02,29.569351196289062,29.76720119487324,29.396807715328656,29.44282036337326,134841600
2017-02-03,29.695884704589844,29.72119122299778,29.48423178263535,29.518739075734263,98029200
2017-02-06,29.974258422851562,30.022572152503574,29.654477909689444,29.70739378273852,107383600
2017-02-07,30.259525299072266,30.388357203952918,30.011062263771247,30.031766639111467,152735200
2017-02-08,30.376861572265625,30.41827384421646,30.188215807887737,30.218124475940726,92016400
2017-02-09,30.596357345581055,30.603288725916276,30.29598460376013,30.4184436905168,113399600
2017-02-10,30.52705192565918,30.71651913040471,30.510879873776638,30.605613476149404,80262000
2017-02-13,30.797380447387695,30.919843083711402,30.672612051335886,30.74886077555563,92141600
2017-02-14,31.197107315063477,31.213279362962442,30.788138188350544,30.83897066853526,132904800
2017-02-15,31.31032371520996,31.485928118966612,31.104684499463215,31.31263652618138,142492400
2017-02-16,31.273361206054688,31.400438901901097,31.1555206526763,31.347297127694766,90338400
2017-02-17,31.358835220336914,31.384251452160708,31.215582018580157,31.215582018580157,88792800
2017-02-21,31.585277557373047,31.59683103435728,31.418917360553394,31.476681219848377,98028800
2017-02-22,31.68001365661621,31.68232294194656,31.44895820102879,31.522894113491006,83347600
2017-02-23,31.545997619628906,31.76549957330831,31.492855857830456,31.74239614565189,83152800
2017-02-24,31.5760440826416,31.5760440826416,31.257186378512696,31.40275246528928,87106400
2017-02-27,31.6384220123291,31.75626255171669,31.488237375635933,31.68694520954043,81029600
2017-02-28,31.65229034423828,31.756264601400375,31.585282283079867,31.673084490545357,93931600
2017-03-01,32.29923629760742,32.3824163916019,31.79322787856917,31.860232400519113,145658400
2017-03-02,32.10745620727539,32.41244746653751,32.0612423121408,32.347752244099325,104844000
2017-03-03,32.29692840576172,32.30848188263105,32.02197187415191,32.06587297087968,84432400
2017-03-06,32.19526290893555,32.29461857758971,32.02428414639865,32.20219428981536,87000000
2017-03-07,32.236854553222656,32.34313807658122,32.06818155101605,32.13056750423803,69785200
2017-03-08,32.1167106628418,32.30155574588277,32.0751223701116,32.105157184096726,74828800
2017-03-09,32.04277801513672,32.068194263515565,31.666159912685085,32.05664430794765,88623600
2017-03-10,32.14905548095703,32.19988796249569,32.0335277548467,32.174471721726356,78451200
2017-03-13,32.16291046142578,32.21605221540226,32.075111808252814,32.082043188092115,69686800
2017-03-14,32.11439895629883,32.26689287710669,32.0797385226766,32.18602558324106,61236400
2017-03-15,32.45404815673828,32.52105268203677,32.12363704927191,32.211439243327874,102767200
2017-03-16,32.5071907043457,32.58343942329321,32.40783503094396,32.51412208555673,76928000
2017-03-17,32.34545135498047,32.57881607322998,32.32234440141568,32.57881607322998,175540000
2017-03-20,32.68510818481445,32.694348852295555,32.40090741959065,32.44018642623199,86168000
2017-03-21,32.310787200927734,32.994712755487875,32.28537096518604,32.83528396089231,158119600
2017-03-22,32.67586135864258,32.71745317302266,32.292308464990825,32.31310613499406,103440800
2017-03-23,32.56033706665039,32.712834526079405,32.488710433604666,32.63889508188591,81385200
2017-03-24,32.49563980102539,32.7498022176487,32.42863526880281,32.69434763794183,89582400
2017-03-27,32.551090240478516,32.62964824085136,32.02890271013015,32.20681637913718,94300400
2017-03-28,33.22575378417969,33.28120480134748,32.490996076088805,32.55800408933214,133499200
2017-03-29,33.29971694946289,33.38520988039427,33.084837030521676,33.198051967140444,116760000
2017-03-30,33.25581741333008,33.38752074455431,33.156465237671576,33.31589410152102,84829200
2017-03-31,33.193424224853516,33.33436817947322,33.0432360785983,33.207286986680685,78646800
2017-04-03,33.202667236328125,33.29971010159959,33.052482605089835,33.20498004721343,79942800
2017-04-04,33.44989013671875,33.47761565559979,33.080200098719224,33.09868495318175,79565600
2017-04-05,33.27659606933594,33.609316373182615,33.228072889347786,33.3228064391757,110871600
2017-04-06,33.193424224853516,33.39213203750382,33.14490103283233,33.338986749664876,84596000
2017-04-07,33.11948776245117,33.31357349667773,33.10331571407883,33.209599248029676,66688800
2017-04-10,33.0802116394043,33.244262576475684,33.017825674531885,33.17956732609938,75733600
2017-04-11,32.72438430786133,33.121799961435954,32.36162556132028,33.02706638137571,121517600
2017-04-12,32.7636604309082,32.844527715419915,32.58112466824049,32.717450050383505,81400000
2017-04-13,32.590370178222656,32.89767433330219,32.590370178222656,32.78907799558137,71291600
2017-04-17,32.77058792114258,32.782141396308624,32.548773185081686,32.689717120605906,66328400
2017-04-18,32.62504196166992,32.819127771610674,32.60424780895366,32.67356517696901,58790000
2017-04-19,32.50487518310547,32.809870033463476,32.451733423043436,32.782144510931275,69313600
2017-04-20,32.91154479980469,33.02245044863824,32.615794052497215,32.62965681789803,93278400
2017-04-21,32.872249603271484,32.9669796287418,32.77520676762184,32.91152859444215,69283600
2017-04-24,33.18880844116211,33.26043507464243,33.082521370895755,33.156460815537876,68537200
2017-04-25,33.39444351196289,33.47993289925257,33.241946070614006,33.25119026285557,75486000
2017-04-26,33.19804763793945,33.4106217690531,33.12873381869219,33.380583430294884,80164800
2017-04-27,33.223445892333984,33.30893876582899,33.11254031595836,33.25348421482882,56985200
2017-04-28,33.19110870361328,33.34129683760354,33.103310044002505,33.29277364954495,83441600
2017-05-01,33.86810302734375,34.01135625590871,33.49379438464133,33.526142001595545,134411600
2017-05-02,34.0829963684082,34.217008984757335,33.92818960270159,34.08992775152736,181408800
2017-05-03,33.97898864746094,34.078344250409735,33.33434597256747,33.63933710646235,182788000
2017-05-04,33.85655212402344,33.99749607838162,33.690191931153905,33.854242838931896,93487600
2017-05-05,34.41801071166992,34.42262928078691,33.909686058779336,33.909686058779336,109310800
2017-05-08,35.35378646850586,35.51321526304212,34.434186938092864,34.434186938092864,195009600
2017-05-09,35.58021545410156,35.78585457942204,35.45544358781165,35.552486414023285,156521600
2017-05-10,35.41155242919922,35.56867194825436,35.145840106230295,35.4970453320954,103222800
2017-05-11,35.717803955078125,35.74564745729754,35.3373091330769,35.36979026885097,109020400
2017-05-12,36.21662521362305,36.29086629146974,35.884850329613776,35.89181032003133,130108000
2017-05-15,36.123836517333984,36.34424457849583,35.973031933428494,36.19575881243291,104038800
2017-05-16,36.07045364379883,36.207338157780946,35.896446825631735,36.1794981997311,80194000
2017-05-17,34.859375,35.86165623339559,34.7340916159149,35.63660707330941,203070800
2017-05-18,35.39067840576172,35.57628645594224,35.063548155767805,35.09602929903596,134272800
2017-05-19,35.511314392089844,35.72476235196621,35.41155217244053,35.58555900779195,107843200
2017-05-22,35.72707748413086,35.8639619839506,35.476507267073444,35.72939630033584,91865600
2017-05-23,35.68299865722656,35.938206531456125,35.569312928958254,35.938206531456125,79675600
2017-05-24,35.57627868652344,35.768846686765585,35.420832996246155,35.69228325002992,76712000
2017-05-25,35.69923400878906,35.81060090988415,35.50434724213878,35.66675288101401,76942400
2017-05-26,35.63892364501953,35.78509053405886,35.569320195944684,35.72940706676329,87710400
2017-05-30,35.65283203125,35.82915764340433,35.57394980003706,35.59482976591507,80507600
2017-05-31,35.44172286987305,35.76885667999995,35.35356178429862,35.722455549669306,97804800
2017-06-01,35.53916549682617,35.57396899891659,35.316438660236145,35.53684667942517,65616400
2017-06-02,36.065826416015625,36.065826416015625,35.471883480111885,35.63197038115358,111082800
2017-06-05,35.71316909790039,35.83381485504756,35.60412804722725,35.80829370526987,101326800
2017-06-06,35.83380889892578,36.149341452740536,35.6783632089096,35.706203171247324,106499600
2017-06-07,36.04724884033203,36.188774517651595,35.840760905243904,35.96604778821009,84278400
2017-06-08,35.9591064453125,36.08670867055313,35.82221832958229,36.01942756161133,85003200
2017-06-09,34.564727783203125,36.00550639611998,33.87798257029216,36.00550639611998,259530800
2017-06-12,33.7387809753418,33.89422673081254,33.063633282936465,33.81302562640951,289229200
2017-06-13,34.01021194458008,34.20973990529512,33.67611828569184,34.14245882629742,136661600
2017-06-14,33.67844772338867,34.22134826314073,33.37219395829046,34.22134826314073,126124800
2017-06-15,33.476585388183594,33.520667675588555,32.994009663374705,33.25153985910825,128661600
2017-06-16,33.0079345703125,33.52531385516667,32.991692234557526,33.35826702540767,201444400
2017-06-19,33.95220947265625,34.045015233013565,33.33042680906225,33.33042680906225,130165600
2017-06-20,33.643653869628906,34.07519113673098,33.6274150660144,34.07519113673098,99600400
2017-06-21,33.843177795410156,33.88958246333637,33.55084750444229,33.76197670689753,85063200
2017-06-22,33.7874870300293,34.03573493101668,33.66916012098944,33.81996816306067,76425200
2017-06-23,33.93829345703125,34.142462613482856,33.66684321411892,33.67148438772323,141757600
2017-06-26,33.831573486328125,34.40231397122722,33.7294889013404,34.14478369189126,102769600
2017-06-27,33.3466682434082,33.91045221913847,33.32114709981254,33.643639619696934,99047600
2017-06-28,33.83389663696289,33.89885891933453,33.214432597089726,33.523005208444474,88329600
2017-06-29,33.33507537841797,33.67149150233917,33.010263961048665,33.57404807712838,125997600
2017-06-30,33.41394805908203,33.632037156573915,33.35826460647424,33.51371026230457,92096400
2017-07-03,33.29330062866211,33.710917651203445,33.20049841928731,33.61347426930669,57111200
2017-07-05,33.430206298828125,33.592612038178764,33.11235481322904,33.337404030679075,86278400
2017-07-06,33.11466598510742,33.29331402723533,33.04042489576544,33.18195062313297,96515200
2017-07-07,33.45107650756836,33.58332341824197,33.15410508801684,33.15410508801684,76806800
2017-07-10,33.655250549316406,33.86173857462647,33.26315447492133,33.434842539856305,84362400
2017-07-11,33.76428985595703,33.83853448003167,33.49748076106818,33.57868183594897,79127200
2017-07-12,33.81301498413086,33.91509603695035,33.59956698976132,33.84317376647763,99538000
2017-07-13,34.28399658203125,34.45104347027611,33.74341478259706,33.75733476658762,100797600
2017-07-14,34.578643798828125,34.645928438020356,34.18191011600604,34.33039583744347,80528400
2017-07-17,34.69929122924805,35.01018267036603,34.46960441447506,34.527606707527475,95174000
2017-07-18,34.81993103027344,34.83153219493407,34.49279730380701,34.61576186081721,71475200
2017-07-19,35.03801727294922,35.13081950217448,34.78976582249554,34.912730369299176,83692000
2017-07-20,34.8802490234375,35.205063904111555,34.84544907273368,35.14938044280735,68974800
2017-07-21,34.86402893066406,34.90347007601415,34.54153623380859,34.79906662771332,105010400
2017-07-24,35.28626251220703,35.36746711176589,34.77816202624112,34.93593005219546,85972800
2017-07-25,35.437076568603516,35.692284493098995,35.218987415187335,35.218987415187335,75415600
2017-07-26,35.604129791259766,35.71317084727418,35.51132399653175,35.57860864023195,63124000
2017-07-27,34.931297302246094,35.72709053321311,34.17494874241261,35.671407062358746,129905200
2017-07-28,34.68537139892578,34.854737104138636,34.613449121650966,34.77585483488103,68854800
2017-07-31,34.50672912597656,34.87794528142556,34.36752572281791,34.77817947932454,79383600
2017-08-01,34.81298065185547,34.852421790449135,34.432485711104334,34.5925726231594,141474400
2017-08-02,36.45792007446289,37.06346413718461,36.23055208383855,36.954419546336645,279747200
2017-08-03,36.093666076660156,36.474160950665876,35.966060332900575,36.43703863608513,108389200
2017-08-04,36.283905029296875,36.51823295889064,36.12149935828248,36.209663954052346,82239600
2017-08-07,36.845359802246094,36.870880941526856,36.348860534565596,36.439343930165116,87481200
2017-08-08,37.14002227783203,37.54603825885882,36.72008631531287,36.79664975369933,144823600
2017-08-09,37.36738586425781,37.41610933395925,36.91496881779299,36.94976876745259,104526000
2017-08-10,36.17717361450195,37.267238638725885,36.01645807921951,37.243945192944345,163217200
2017-08-11,36.680274963378906,36.93416070229305,36.351860156850435,36.47530758815783,105028400
2017-08-14,37.23229217529297,37.31614358221261,36.97607855579409,37.10884476428348,88490800
2017-08-15,37.63990783691406,37.779657832245334,37.29984276218854,37.420962268073296,117862000
2017-08-16,37.48850631713867,37.851861268607664,37.30216944215757,37.719098599761814,110686400
2017-08-17,36.7687873840332,37.43261145636436,36.76412798432432,37.38835604433153,111762400
2017-08-18,36.6849365234375,37.15077698722718,36.50325902688598,36.76878794908287,109712400
2017-08-21,36.617393493652344,36.775777555216585,36.128259554669306,36.68493880130041,105474000
2017-08-22,37.215999603271484,37.26724234582348,36.806061216936655,36.85497248223008,86418400
2017-08-23,37.26256561279297,37.37669776885797,37.00635557328964,37.050610971643,77596400
2017-08-24,37.097206115722656,37.43959913896575,36.92950326539622,37.36739088206577,79275600
2017-08-25,37.234622955322266,37.39766638293493,37.09720089162589,37.18570814999838,101920400
2017-08-28,37.60963821411133,37.733085679229205,37.25093898959107,37.29985381260072,103864000
2017-08-29,37.94504165649414,37.99395292241599,37.26724282464148,37.29053627303937,118067600
2017-08-30,38.04751968383789,38.17329503991752,37.87515744009567,38.15233307291767,109078400
2017-08-31,38.19892120361328,38.320040729401555,38.077801677825,38.115069771003085,107140400
2017-09-01,38.210567474365234,38.41786635335139,38.11274139649231,38.385257660727085,66364400
2017-09-05,37.751712799072266,38.257149291687355,37.39767304031707,38.14068917207796,117874000
2017-09-06,37.71211242675781,37.963666682533365,37.388353473821574,37.8984493074153,86606800
2017-09-07,37.560707092285156,37.788971428503594,37.35108035110812,37.75403126892082,87714000
2017-09-08,36.94814682006836,37.53510339320149,36.924853369385254,37.46755807275102,114446000
2017-09-11,37.61663055419922,37.744737437181605,37.241628708059096,37.38371024117012,126323200
2017-09-12,37.46754837036133,38.18960250557941,36.98074594224573,37.87515877319203,286856000
2017-09-13,37.18571090698242,37.257919159067484,36.78043200745177,37.23695363861418,179629600
2017-09-14,36.86663055419922,37.127500193612306,36.822375121638295,37.03200555680863,95042800
2017-09-15,37.23929977416992,37.493182055504654,36.801408460248126,36.910881288728575,196458400
2017-09-18,36.957462310791016,37.38370687170587,36.80140614161699,37.292868099975266,113077600
2017-09-19,36.9714241027832,37.21366311254684,36.90387880537779,37.15310158306575,83242400
2017-09-20,36.35186767578125,36.86196007366764,35.83012499967972,36.77810863561706,211805600
2017-09-21,35.72762680053711,36.28896529568272,35.57855802527852,36.28896529568272,150046800
2017-09-22,35.37825393676758,35.4667647623346,35.068469601363695,35.296730433842086,186581600
2017-09-25,35.066139221191406,35.36427681327334,34.74238026319241,34.93570446891562,177549200
2017-09-26,35.66939163208008,35.85106906477024,35.33165812536525,35.3526200858881,146640000
2017-09-27,35.923282623291016,36.03741480448484,35.76256711139289,35.82312863998077,102016800
2017-09-28,35.702003479003906,35.934923649693694,35.56690935351426,35.844084925287866,88022000
2017-09-29,35.89765548706055,35.89998696337314,35.4038658636364,35.68570083331964,105199200
2017-10-02,35.825462341308594,35.97453115605567,35.571580127050126,35.93027574081998,74795200
2017-10-03,35.98152160644531,36.12360311051281,35.84875890327996,35.87204879737292,64921200
2017-10-04,35.74859619140625,35.83710701682054,35.51102011384265,35.78353635863432,80655200
2017-10-05,36.1934700012207,36.20511672212214,35.881357783911426,35.911634993358895,85135200
2017-10-06,36.172508239746094,36.21676364697264,36.00014601004277,36.09564414626003,69630400
2017-10-09,36.29828643798828,36.50558529280248,36.21676649297357,36.29129911567504,65051600
2017-10-10,36.312255859375,36.80138967542724,36.125922552383685,36.34952394240527,62468000
2017-10-11,36.463661193847656,36.563815182604465,36.277324306816766,36.32856703960228,67622400
2017-10-12,36.335548400878906,36.6546479129913,36.27265895658116,36.417071886230794,64500400
2017-10-13,36.566158294677734,36.63370361625292,36.43106409744572,36.50559674352587,65576800
2017-10-16,37.23929977416992,37.26724907366899,36.71988493126674,36.77811500794435,96486000
2017-10-17,37.376712799072266,37.46987947743301,37.0878904096244,37.21599725793115,75989200
2017-10-18,37.211326599121094,37.432603612919934,37.17406207150014,37.36505477057717,65496800
2017-10-19,36.33089828491211,36.5871119722712,36.107296843290385,36.51024786606347,170336800
2017-10-20,36.39377975463867,36.74316004028321,36.32623446320929,36.47763116535656,95896400
2017-10-23,36.375152587890625,36.72919233940038,36.219096457297425,36.542855441022574,87937200
2017-10-24,36.59175491333008,36.666287508985725,36.38212465776014,36.40308661709336,71028800
2017-10-25,36.431060791015625,36.696589760350115,36.16553182168114,36.54752092763744,84828400
2017-10-26,36.66396713256836,36.76179318366867,36.51722627887791,36.62203965119396,68002000
2017-10-27,37.9776496887207,38.10575654450994,36.96444512048361,37.10186722302062,177816800
2017-10-30,38.83245849609375,39.14690220770844,38.13369785168815,38.17329386171482,178803200
2017-10-31,39.37282180786133,39.51490324591135,38.883691610206846,39.107292970826165,144187200
2017-11-01,38.87206268310547,39.58247019850598,38.573925029770365,39.566164074081144,134551200
2017-11-02,39.15623092651367,39.24706969938162,38.49706606531022,38.80452256060582,165573600
2017-11-03,40.178749084472656,40.588687505807215,39.8573179544908,40.52812951129416,237594400
2017-11-06,40.586341857910156,40.75870407267221,39.997054079679806,40.14845077688652,140105200
2017-11-07,40.71678924560547,40.819274726553346,40.43495772707984,40.50716243754375,97446000
2017-11-08,41.04986572265625,41.04986572265625,40.60498719669403,40.68185130490328,97638000
2017-11-09,40.96602249145508,41.017265240518434,40.327819605717956,40.78667286973333,117930400
2017-11-10,40.83042907714844,40.99639849993857,40.736927487906414,40.93328296542886,100582000
2017-11-13,40.66680145263672,40.79069266937852,40.53355793641035,40.556935118264605,67928400
2017-11-14,40.052032470703125,40.55227366875041,40.0146303929209,40.449419738278515,99130000
2017-11-15,39.523712158203125,39.813572695556196,39.360082647945674,39.73175615699956,116632400
2017-11-16,39.995914459228516,40.17590518761419,39.80890772349603,40.014611922630635,94550000
2017-11-17,39.773841857910156,40.0637024759367,39.65462680301197,39.98188591460903,87598000
2017-11-20,39.73410415649414,39.86968395261924,39.63592642140843,39.806568420472395,65049600
2017-11-21,40.47278594970703,40.60368961957662,39.921117936072704,39.921117936072704,100525200
2017-11-22,40.89822769165039,40.907576425416,40.4517498586186,40.52421413758926,102355600
2017-11-24,40.90056228637695,41.024453513062106,40.82575815192538,40.93095191185509,56106800
2017-11-27,40.69483947753906,40.926260670448954,40.51952136478021,40.91924823128709,82867200
2017-11-28,40.456424713134766,40.877185489404816,40.173576481492574,40.7439455280813,105715200
2017-11-29,39.617225646972656,40.42135213023279,39.074910025823634,40.353564015160494,166665600
2017-11-30,40.17123031616211,40.239018425988334,39.374116335223185,39.8392915065516,166108800
2017-12-01,39.98422622680664,40.129154754037586,39.38814381183188,39.7270915170193,159037200
2017-12-04,39.69202423095703,40.35121852648377,39.65228588396219,40.31849261914353,130169600
2017-12-05,39.654632568359375,40.094097925131834,39.364771908190285,39.519052754741125,109400800
2017-12-06,39.50736999511719,39.785542104908174,38.9112909791169,39.154397309411614,114240000
2017-12-07,39.57982635498047,39.841633644959046,39.48398491245016,39.51203467441735,102693200
2017-12-08,39.59151840209961,39.972544381752805,39.4629545923694,39.853329305384676,93420800
2017-12-11,40.36290740966797,40.41433434541488,39.455927161247565,39.55176859303558,141095200
2017-12-12,40.136173248291016,40.297466539043796,40.080073715408226,40.241363439303626,77636800
2017-12-13,40.269412994384766,40.566282506322544,40.206297458955966,40.32317623063898,95273600
2017-12-14,40.25773620605469,40.47045648892587,40.12449265518216,40.29981086410406,81906000
2017-12-15,40.66680145263672,40.71355224948807,40.313828834523285,40.5873247413037,160677200
2017-12-18,41.2395133972168,41.421844031172604,40.87485212930518,40.879528279802386,117684400
2017-12-19,40.80003356933594,40.998728876380696,40.694843404900205,40.91457603146081,109745600
2017-12-20,40.755638122558594,41.00575689448895,40.49850334126773,40.87718950384352,93902400
2017-12-21,40.909912109375,41.14600954402588,40.69719542593479,40.71355660149593,83799600
2017-12-22,40.909912109375,41.005753571622236,40.790697029632184,40.83277168123875,65397600
2017-12-26,39.87202453613281,40.08240489130736,39.66397690538748,39.92578777056952,132742000
2017-12-27,39.8790397644043,39.92111441163747,39.67099568597355,39.76216098850259,85992800
2017-12-28,39.99125671386719,40.17125109194283,39.85100070580801,39.97255567500207,65920800
2017-12-29,39.55878829956055,39.87669870309674,39.55645200818158,39.86033752972982,103999600
2018-01-02,40.26707077026367,40.27642306888876,39.565798181369,39.7761820981515,102223600
2018-01-03,40.26007080078125,40.802390149607916,40.19695881636793,40.3301987947651,118071600
2018-01-04,40.44706344604492,40.54991732565844,40.22499451516484,40.33252097704683,89738400
2018-01-05,40.9075813293457,40.99407050276175,40.4517547079046,40.54292003219282,94640000
2018-01-08,40.755638122558594,41.050171408244445,40.65745679380547,40.755638122558594,82271200
2018-01-09,40.750953674316406,40.921595685232134,40.53589715868877,40.802380620103136,86336000
2018-01-10,40.741607666015625,40.74394752463994,40.44006195266457,40.47746402207704,95839600
2018-01-11,40.9730224609375,41.02211311511454,40.7883555686387,40.81172918317203,74670800
2018-01-12,41.3961181640625,41.459233692882485,41.05950676616482,41.18339796582762,101672400
2018-01-16,41.18574142456055,41.93376483703263,41.17405283422285,41.58546481936825,118263600
2018-01-17,41.865970611572266,41.90103281061262,40.92392815088581,41.176383117689284,137547200
2018-01-18,41.90338134765625,42.09974042023661,41.6672874824555,41.929094823419305,124773600
2018-01-19,41.71636962890625,41.97817691644085,41.47092351341417,41.75143183103793,129700400
2018-01-22,41.37508773803711,41.5574183478053,41.28158614164321,41.44521571876117,108434400
2018-01-23,41.384437561035156,41.94545785474811,41.33301417846406,41.44521681046371,130756400
2018-01-24,40.72524642944336,41.44522021370444,40.486812695865126,41.433531621173195,204420400
2018-01-25,39.998268127441406,40.89589656869833,39.862688274304936,40.79304264101837,166116000
2018-01-26,40.09175491333008,40.206297393461384,39.75280718937289,40.206297393461384,156572000
2018-01-29,39.26192092895508,39.7761868421077,39.05387684544463,39.7761868421077,202561600
2018-01-30,39.030494689941406,39.12399627428952,38.499864103281,38.6938832793173,184192800
2018-01-31,39.138023376464844,39.37412077565685,38.92063057543217,39.00711972420556,129915600
2018-02-01,39.2198486328125,39.416204154709504,38.9814148894474,39.077256358536815,188923200
2018-02-02,37.518096923828125,38.990770600564964,37.42459530527834,38.803763796607285,346375200
2018-02-05,36.58072280883789,38.30819107991556,36.46618031736213,37.19083019912959,290954000
2018-02-06,38.109493255615234,38.27078653650845,35.99866285535439,36.19268205071455,272975200
2018-02-07,37.293678283691406,38.19598257725575,37.183815515739305,38.123518306819236,206434400
2018-02-08,36.26748275756836,37.634965863191155,36.23943299272922,37.46899643189285,217562000
2018-02-09,36.71107864379883,37.058449261240575,35.26291495408006,36.86598846911432,282690400
2018-02-12,38.18977355957031,38.466730422889015,36.969275246625436,37.20164009234235,243278000
2018-02-13,38.572349548339844,38.66858177983185,37.94097729101988,38.01139120629208,130196800
2018-02-14,39.28350830078125,39.323408669280425,38.22966009746978,38.267211068093054,162579600
2018-02-15,40.60258865356445,40.626057565112156,39.6660920548011,39.85151185604618,204588800
2018-02-16,40.47114181518555,41.03210351492394,40.31623556104345,40.454713937633706,160704400
2018-02-20,40.335018157958984,40.900667983713674,40.23409073734247,40.381959561813375,135722000
2018-02-21,40.15195083618164,40.86781542185468,40.13786518942926,40.56504027258118,149886400
2018-02-22,40.487586975097656,40.82791670005755,40.30216713810029,40.32329023698601,123967600
2018-02-23,41.191715240478516,41.22692040214116,40.73168083348682,40.76219436119442,135249600
2018-02-26,42.00616455078125,42.10474259221506,41.35836445790183,41.39122380504643,152648800
2018-02-27,41.870033264160156,42.360577669613704,41.816050816738084,42.03667940368092,155712400
2018-02-28,41.8066520690918,42.39342858513631,41.790224188970356,42.07422201715211,151128400
2018-03-01,41.07435989379883,42.19627640895745,40.52513788389774,41.9052339409774,195208000
2018-03-02,41.358360290527344,41.37948338697755,40.47584605945342,40.55799620973738,153816000
2018-03-05,41.501529693603516,41.71746301418378,40.96169460145311,41.12364548723818,113605600
2018-03-06,41.46630859375,41.83715165813126,41.33956648431768,41.75735093806652,95154000
2018-03-07,41.08140563964844,41.273870095734,40.90302683123286,41.06028254024403,126814000
2018-03-08,41.52968978881836,41.571935973323356,41.09078215882034,41.18701077288144,95096400
2018-03-09,42.24321746826172,42.2479126835741,41.63531780640628,41.76910458230956,128740800
2018-03-12,42.651615142822266,42.80887083210406,42.29720338770059,42.31597708610445,128828400
2018-03-13,42.240875244140625,43.06940353794993,42.069537475364825,42.855815990569,126774000
2018-03-14,41.88176727294922,42.369965835063375,41.73389842335402,42.3230244232332,117473600
2018-03-15,41.931053161621094,42.30424579003283,41.79492414608478,41.89584799922378,90975200
2018-03-16,41.78317642211914,42.04135589872213,41.6892900458461,41.931041644975714,157618800
2018-03-19,41.144771575927734,41.65409318133053,40.759846310114575,41.61888802159753,133787200
2018-03-20,41.13068771362305,41.49683568443578,41.06027381583607,41.13068771362305,78597600
2018-03-21,40.19887924194336,41.0954717328217,40.19652984421135,41.083735488358585,148219600
2018-03-22,39.63088607788086,40.52982452051389,39.57220842812468,39.90080183419946,165963200
2018-03-23,38.713165283203125,39.88202301847782,38.713165283203125,39.522916102330775,164115200
2018-03-26,40.550960540771484,40.62841548606614,39.065241676811105,39.44782118743007,150164800
2018-03-27,39.51118087768555,41.10955946368787,39.177892261077965,40.764534600998445,163690400
2018-03-28,39.07461929321289,39.905496814461294,38.77184419806612,39.2553474561917,166674000
2018-03-29,39.3797492980957,40.31155078767656,39.17320279721128,39.38679033049858,153594000
2018-04-02,39.121559143066406,39.65200736477822,38.60285074845011,39.11217229534909,150347200
2018-04-03,39.52293014526367,39.60742613093235,38.69909697104452,39.34689714023731,121112000
2018-04-04,40.278690338134766,40.372573155198666,38.673270529102645,38.69908884100521,138422000
2018-04-05,40.5579948425293,40.89362930170126,40.38900291382461,40.50635822090288,107732800
2018-04-06,39.520572662353516,40.482883990273784,39.47832289128992,40.128472267405044,140021200
2018-04-09,39.912540435791016,40.62605912311723,39.865599029495826,39.87264006137012,116070800
2018-04-10,40.66361999511719,40.83965298210904,40.25991739177053,40.60494233278657,113634400
2018-04-11,40.4735107421875,40.82088155017214,40.29982354749478,40.42421992295011,89726400
2018-04-12,40.872501373291016,41.074352620855194,40.61431829568591,40.70116364800726,91557200
2018-04-13,41.010982513427734,41.271511425086416,40.8044396188746,41.02271875981588,100497200
2018-04-16,41.26681900024414,41.35366077533175,41.03445421925359,41.08139562250636,86313600
2018-04-17,41.83481979370117,41.99911650197846,41.40529895401935,41.42407623230813,106421600
2018-04-18,41.740936279296875,41.97095526813903,41.515616087100334,41.733895247128224,83018000
2018-04-19,40.5579948425293,41.16589447365878,40.525135499803376,40.78331502653571,139235200
2018-04-20,38.896236419677734,40.187144570368126,38.828168347966916,40.04162516124711,261964400
2018-04-23,38.783592224121094,39.177904428859584,38.51367280600551,39.15678132819158,146062000
2018-04-24,38.24374771118164,39.03941654299841,37.84004517183039,38.88450667946601,134768000
2018-04-25,38.41039276123047,38.825831574734394,38.11935387520056,38.16864110139597,113528400
2018-04-26,38.544166564941406,38.89857820390743,38.34466116613745,38.52069407752962,111852000
2018-04-27,38.09822463989258,38.56999163589468,37.701563170268216,38.492536711524295,142623200
2018-04-30,38.788272857666016,39.25769406239759,37.98556302734298,38.053631107612816,169709600
2018-05-01,39.68956756591797,39.71303647925035,38.79062545495093,39.05819542045914,214277600
2018-05-02,41.442848205566406,41.71980496672397,40.792698905965494,41.1283333112394,266157600
2018-05-03,41.5179557800293,41.661129382006536,40.94291555554344,41.28089937538475,136272800
2018-05-04,43.1468505859375,43.245428609444815,41.81838771321594,41.8371649912268,224805200
2018-05-07,43.459014892578125,44.04813720028736,43.36278268851024,43.463706525898886,169805600
2018-05-08,43.667911529541016,43.70781190513855,43.109299108375836,43.41911884558,113611200
2018-05-09,43.975379943847656,43.98476679241279,43.473099382720285,43.78526492315641,92844800
2018-05-10,44.604408264160156,44.681863204805836,44.04344998015062,44.064576659526814,111957200
2018-05-11,44.43476486206055,44.7811202353957,44.16616310265883,44.64682115330001,104848800
2018-05-14,44.331092834472656,44.656243653269094,44.26276586287573,44.53372248173257,83115200
2018-05-15,43.92818832397461,44.076627354090526,43.612464172969005,44.008296792998124,94780800
2018-05-16,44.338157653808594,44.404133352868826,43.82451718880194,43.841012012369504,76732400
2018-05-17,44.057777404785156,44.510159080061804,43.90933837555642,44.29574794788918,69176000
2018-05-18,43.897552490234375,44.25097597581326,43.85514339766552,44.10489541890773,73190800
2018-05-21,44.20856857299805,44.59497812152537,44.038925005819245,44.29574521897252,73603200
2018-05-22,44.09783172607422,44.503090985077776,44.00829661681228,44.385283144558365,60962800
2018-05-23,44.38056945800781,44.41355550927262,43.767967254278695,43.90698323730388,80233600
2018-05-24,44.331092834472656,44.49366824387088,43.874001393175,44.47717701426208,92936000
2018-05-25,44.43240737915039,44.6845142986647,44.21328291731223,44.34994044932966,69844000
2018-05-29,44.27219009399414,44.47246488387322,44.02950620237712,44.20150825776424,90056400
2018-05-30,44.17794418334961,44.295752034505206,44.00830059006872,44.229779925474894,74762000
2018-05-31,44.02949905395508,44.349936508610654,43.857500621703196,44.111965976448204,109931200
2018-06-01,44.82352066040039,44.82823038465097,44.23683642236109,44.293385470252254,93770000
2018-06-04,45.198150634765625,45.57277865594449,45.085056129264544,45.153383085968876,105064800
2018-06-05,45.546871185302734,45.69531022935619,45.32303698544506,45.49032571725215,86264000
2018-06-06,45.7047233581543,45.72828636153599,45.21935568825165,45.62226003673747,83734400
2018-06-07,45.582210540771484,45.756563841147845,45.3183185372882,45.74242747573462,85388800
2018-06-08,45.16752624511719,45.23821166989341,44.71278969726127,45.04265021927023,106627200
2018-06-11,45.05679702758789,45.231153969750345,44.81647156094477,45.085073361177756,73234000
2018-06-12,45.30418014526367,45.381933746768155,45.03793329119162,45.094482345524824,67644400
2018-06-13,44.931907653808594,45.445551685104874,44.87064887374254,45.33716689476205,86553600
2018-06-14,44.955474853515625,45.13689994342156,44.81881732042377,45.132186622912144,86440400
2018-06-15,44.49366760253906,44.80468204998491,44.35701006610469,44.77405085873973,246876800
2018-06-18,44.47011184692383,44.583206384745495,44.10726162839729,44.267482185920976,73939600
2018-06-19,43.751487731933594,43.902281663090356,43.223707175279465,43.62189835471819,134314000
2018-06-20,43.94232940673828,44.10725968278852,43.76090430547783,43.90698848873122,82514800
2018-06-21,43.69728469848633,44.37821385591246,43.57476354074038,44.119035175144084,102847600
2018-06-22,43.5700569152832,43.8598632336105,43.51822117116477,43.852795049886204,108801600
2018-06-25,42.9221076965332,43.570050812040066,42.58282054445238,43.21191397426476,126652400
2018-06-26,43.45459747314453,43.94939183167297,43.009283988552895,43.11531391910178,98276800
2018-06-27,43.39098358154297,44.12610333725696,43.36035239331826,43.643090484345954,101141200
2018-06-28,43.70669937133789,43.873988050554196,43.30615351932165,43.37683892737374,69460800
2018-06-29,43.61481475830078,44.104895760187524,43.096461027816034,43.89283951007356,90950800
2018-07-02,44.102542877197266,44.13081920457902,43.216629182120954,43.31087761470998,70925200
2018-07-03,43.334434509277344,44.283965391794474,43.244899402321124,44.24626602094871,55819200
2018-07-05,43.68315505981445,43.92112924889861,43.419266591740104,43.65016900130516,66416800
2018-07-06,44.288673400878906,44.39705458505111,43.63601705281612,43.68785278271046,69940800
2018-07-09,44.90363311767578,44.92719252665673,44.60204535912611,44.64916777229769,79026400
2018-07-10,44.849449157714844,45.0685700292257,44.80939132562234,44.934270952056835,63756400
2018-07-11,44.26747131347656,44.71513962901053,44.20385407867217,44.41355187208477,75326000
2018-07-12,45.00965881347656,45.09919391389085,44.60439959451979,44.65623532684284,72164400
2018-07-13,45.080345153808594,45.20050784745144,44.97902854938801,45.021441238162346,50055600
2018-07-16,44.981388092041016,45.39135705389442,44.8659351203138,45.125113793493355,60172400
2018-07-17,45.1086311340332,45.207589309963836,44.578495737483614,44.70808510901566,62138000
2018-07-18,44.86122131347656,45.19108540259918,44.750481662975155,45.18637208262621,65573600
2018-07-19,45.209938049316406,45.36780012426097,44.69393913236674,44.69393913236674,81147200
2018-07-20,45.10626220703125,45.33951940784949,44.80702931428614,45.1863706680151,82704800
2018-07-23,45.14632034301758,45.22878726865295,44.66330748260312,44.92719589230041,63957600
2018-07-24,45.47383499145508,45.629342233032894,45.2500007714201,45.34424562347357,74791600
2018-07-25,45.90265655517578,45.90972473919883,45.33953152979535,45.48797058470053,66839600
2018-07-26,45.75891876220703,46.171246165870855,45.61754792858129,45.85316358781776,76304000
2018-07-27,44.99788284301758,45.9898264659988,44.79054348344733,45.94270404769693,96096000
2018-07-30,44.74577713012695,45.2853354853208,44.547860810814726,45.21465005836353,84118000
2018-07-31,44.835304260253906,45.271194687816894,44.61147009280662,44.83766271788807,157492000
2018-08-01,47.476566314697266,47.537825105988844,46.48933589897435,46.918158223646834,271742800
2018-08-02,48.864341735839844,49.097602581978514,47.20560872670718,47.25979933310733,249616000
2018-08-03,49.00569152832031,49.18240323405393,48.41429405219816,48.779498963089395,133789600
2018-08-06,49.26017761230469,49.30258671388447,48.788946198074015,49.0080670799903,101701600
2018-08-07,48.798362731933594,49.36148405297779,48.715895807364944,49.319074957057836,102349600
2018-08-08,48.83134078979492,48.96328497133965,48.18811110715973,48.548602744312035,90102000
2018-08-09,49.21538162231445,49.42743419813703,48.81954559351514,49.36853030538539,93970400
2018-08-10,49.068817138671875,49.4400328797773,48.865476836370014,49.02862242410072,98444800
2018-08-13,49.38564682006836,49.87744668704269,49.10901007136139,49.4896818929809,103563600
2018-08-14,49.59370803833008,49.78522547543453,49.241408169898676,49.69065012134938,82992000
2018-08-15,49.70956039428711,49.82778137767627,49.25795537186419,49.468388577984165,115230400
2018-08-16,50.43781661987305,50.55367090797726,50.00039741215219,50.066600893302926,114001600
2018-08-17,51.44505310058594,51.532535490008144,50.399979846645785,50.466183320989956,141708000
2018-08-20,50.94379806518555,51.82335904051192,50.86104191692848,51.56800483956419,121150800
2018-08-21,50.844486236572266,51.35283870270329,50.60568111471057,51.26062646675485,104639200
2018-08-22,50.84685134887695,51.15658978265497,50.560754949723034,50.62223217694636,76072400
2018-08-23,50.950897216796875,51.31974622714638,50.74046394254264,50.75228315845391,75532800
2018-08-24,51.10930252075195,51.28426728810176,50.861037704362104,51.21333757583482,73905600
2018-08-27,51.53016662597656,51.71932093494493,51.14949488701187,51.343375438036134,82100400
2018-08-28,51.94630432128906,52.14491472640033,51.7618798582831,51.78315877144107,91107200
2018-08-29,52.721832275390625,52.84241999553279,51.8777362734872,52.05270103162549,109019200
2018-08-30,53.20655822753906,53.97026509633108,52.58471443473294,52.78569163548751,195175200
2018-08-31,53.8212776184082,54.114463302267275,53.43587611845051,53.55646020379731,173360400
2018-09-04,53.993900299072266,54.18778088108534,53.58485661111945,54.00572312173843,109560400
2018-09-05,53.641597747802734,54.30363609852174,53.22309798700196,54.14285726319419,133332000
2018-09-06,52.75022506713867,53.755103822862765,52.32462863726809,53.49028626215467,137160000
2018-09-07,52.324623107910156,53.28694031504542,52.185123173027854,52.4546669488255,150479200
2018-09-10,51.62238693237305,52.45466385736109,51.18260462853595,52.24186387354506,158066000
2018-09-11,52.927547454833984,53.03394564193792,51.203883114038426,51.54672332040395,142996000
2018-09-12,52.27024459838867,53.19946010310294,51.97941828552849,53.18527415765987,197114800
2018-09-13,53.5328483581543,53.99154653769781,52.62491170196772,52.84953094028925,166825600
2018-09-14,52.92518997192383,53.6345161536313,52.61308832803869,53.37679517348761,127997200
2018-09-17,51.515987396240234,52.71474653653947,51.37175762273958,52.525592202926,148780400
2018-09-18,51.601097106933594,52.45465276750049,51.33627964580432,51.49469533361137,126286800
2018-09-19,51.63185119628906,51.92740376962097,50.90597595225203,51.66258981841782,108495200
2018-09-20,52.02434158325195,52.55633617131596,51.816271434307,52.07399599891171,106435200
2018-09-21,51.46397399902344,52.338808803475615,51.37648799310484,52.20167199078347,384986800
2018-09-24,52.204036712646484,52.31516476068613,51.220440562753595,51.265365127852924,110773600
2018-09-25,52.53505325317383,52.68401288099076,51.94631132173357,51.95813414435409,98217600
2018-09-26,52.11655044555664,52.90390281763559,51.960497843994546,52.25368725227918,95938800
2018-09-27,53.187625885009766,53.53992575525717,52.8542418072406,52.92044888482368,120724800
2018-09-28,53.37442398071289,53.39806601850307,52.96774340940435,53.14980117088278,91717600
2018-10-01,53.73381423950195,54.24452988828253,53.518654734943205,53.896959816847335,94403200
2018-10-02,54.211421966552734,54.38166049673322,53.58485210395696,53.73144499079402,99152800
2018-10-03,54.87110900878906,55.202126440086474,54.32965468667187,54.393495051214735,114619200
2018-10-04,53.90642547607422,54.93731298129252,53.60850617745029,54.56609722279109,128168000
2018-10-05,53.03157043457031,54.00571385150835,52.15437270372623,53.899315681414315,134322000
2018-10-08,52.90863037109375,53.15216535637329,52.06453065114557,52.53978140728469,118655600
2018-10-09,53.641597747802734,53.73617671665903,52.549236814198565,52.87789106435932,107564000
2018-10-10,51.156593322753906,53.51865029661315,51.08329687705558,53.308217052458474,167962400
2018-10-11,50.70499038696289,51.89902330763163,50.201371338479035,50.721543060089694,212497600
2018-10-12,52.516136169433594,52.698197531427574,51.27008573845108,52.11654858627355,161351600
2018-10-15,51.39303207397461,52.449928078120834,51.37175316034392,52.29151237472821,123164000
2018-10-16,52.52559280395508,52.72420684082225,51.25117047250022,51.76424921811775,116736000
2018-10-17,52.29860305786133,52.64144321335758,51.86118394400235,52.56105380461304,91541600
2018-10-18,51.07621765136719,51.95578245209896,50.36216158027425,51.51127020008062,130325200
2018-10-19,51.854095458984375,52.31515664645652,51.40958333577089,51.558542953192145,132314800
2018-10-22,52.170921325683594,52.811680677472054,51.76660756117778,51.96758107903151,115168400
2018-10-23,52.66272735595703,52.785678210129554,50.76409832307149,51.03127894622945,155071200
2018-10-24,50.8563117980957,53.017391656334006,50.726267969157426,52.63199362779541,163702000
2018-10-25,51.96995544433594,52.343534259721785,51.2488065794398,51.47579250051913,119423200
2018-10-26,51.14240646362305,52.06216571984942,50.28412082995475,51.04782749681985,189033600
2018-10-29,50.18245315551758,51.94394539631925,48.72833263934348,51.82572439213365,183742000
2018-10-30,50.43307876586914,50.87758726765469,49.48021780499368,49.924726306779235,146640000
2018-10-31,51.74769973754883,52.12364167690508,51.21806832318598,51.27954555631616,153435600
2018-11-01,52.54214859008789,52.575250330223895,51.262996332298286,51.792627782293415,233292800
2018-11-02,49.056983947753906,50.51583061906915,48.572277138067086,49.54642060751403,365314800
2018-11-05,47.66434097290039,48.326379281390906,46.85570978180658,48.30510036768756,264654800
2018-11-06,48.17980194091797,48.40442118737774,47.68800199904348,47.74238266532286,127531600
2018-11-07,49.6410026550293,49.66701142221143,48.264911939279166,48.69996440139942,133697600
2018-11-08,49.46780014038086,49.85454290419516,49.0549542402841,49.82132566766374,101450400
2018-11-09,48.513980865478516,48.87937043055105,47.98724786748592,48.77022964453493,137463200
2018-11-12,46.070133209228516,47.41781165926097,45.97997059020177,47.21613325998762,204542000
2018-11-13,45.60984420776367,46.784315386331606,45.42477619758487,45.46748614938422,187531600
2018-11-14,44.321475982666016,46.14368479083384,44.11505123237931,46.00606949744506,243204000
2018-11-15,45.415283203125,45.5481521610165,44.345206577891304,44.69873575688715,185915200
2018-11-16,45.91828155517578,46.259946609491415,44.95260676177665,45.19936284522291,147713200
2018-11-19,44.09844970703125,45.24682124683419,43.892028552427426,45.08073505230195,167701200
2018-11-20,41.99150466918945,43.05683460015604,41.64272195581489,42.32130559172112,271300800
2018-11-21,41.94406509399414,42.77212832849176,41.889494691042145,42.64400210541268,124496800
2018-11-23,40.87873840332031,41.901362428757146,40.83366070501607,41.50749825732366,94496000
2018-11-26,41.43155288696289,41.50985141346875,40.39706885921027,41.34139390950067,179994000
2018-11-27,41.341400146484375,41.467151357006,40.544182944086934,40.693658680506765,165549600
2018-11-28,42.931095123291016,43.01413640794062,41.505118017849625,41.932199377386205,184250000
2018-11-29,42.60129165649414,43.37240942608668,42.16234624717858,43.33919219005899,167080000
2018-11-30,42.37113952636719,42.78635675904082,42.003374967632006,42.77686405200895,158126000
2018-12-03,43.851688385009766,43.8801592662894,42.99515437591232,43.76627212076378,163210000
2018-12-04,41.92269515991211,43.275115960024046,41.82304348205187,42.933450995699744,165377200
2018-12-06,41.45528793334961,41.46952337319293,40.435039173164846,40.75297606435523,172393600
2018-12-07,39.977115631103516,41.40071754199759,39.9320343246601,41.163450556848574,169126400
2018-12-10,40.24049758911133,40.35675613943839,38.752832006978714,39.14906758995533,248104000
2018-12-11,40.01034164428711,40.76010273038026,39.623595215094355,40.72926047741938,189126800
2018-12-12,40.121849060058594,40.79094008262468,40.10286726659763,40.43029324768022,142510800
2018-12-13,40.560787200927734,40.945162148551596,40.228614895975355,40.451646423760494,127594400
2018-12-14,39.26294708251953,40.1171098380698,39.21549440063509,40.09812804123451,162814800
2018-12-17,38.89755630493164,39.943904744588174,38.61046161430654,39.25582820608512,177151600
2018-12-18,39.402931213378906,39.74933899527448,39.00432078305257,39.23921640915953,135366000
2018-12-19,38.173885345458984,39.73035619895045,37.746804045316345,39.386319792315824,196189200
2018-12-20,37.21059036254883,38.46336004562786,36.847572080543415,38.057631813758896,259092000
2018-12-21,35.76325225830078,37.52614787017046,35.50226074249866,37.217700060216195,382978400
2018-12-24,34.83790969848633,35.95781008841347,34.7809643222436,35.151100216804714,148676800
2018-12-26,37.29125213623047,37.30548757627083,34.81181283127579,35.186695107435334,234330000
2018-12-27,37.049251556396484,37.19635960176957,35.60667095581887,36.97569934391403,212468400
2018-12-28,37.0682258605957,37.611569368803295,36.66961900113825,37.369555992471305,169165600
2018-12-31,37.42649841308594,37.810869799996105,37.12753967179389,37.61393775275985,140014000
2019-01-02,37.469207763671875,37.689867977237725,36.59369187126671,36.750288975035055,148158800
2019-01-03,33.73698806762695,34.574540108213995,33.69190676803851,34.16169431348471,365248800
2019-01-04,35.17720031738281,35.24600976737911,34.11899163910133,34.292195516680664,234428400
2019-01-07,35.098907470703125,35.31244995449789,34.61725572428317,35.28160408429917,219111200
2019-01-08,35.76799774169922,36.02187515169098,35.23889338251769,35.485649452234306,164101200
2019-01-09,36.37540054321289,36.664866551777166,35.502259784558376,35.89612022438251,180396400
2019-01-10,36.491668701171875,36.532003660455786,35.794103077351124,36.18322084854541,143122800
2019-01-11,36.13338088989258,36.467928145951724,35.94831296535054,36.27337113673844,108092800
2019-01-14,35.59004211425781,35.89137215120563,35.404974184896176,35.791720467734464,129756800
2019-01-15,36.318458557128906,36.3943821085161,35.601911260051914,35.65411028555859,114843600
2019-01-16,36.76216125488281,36.985192885103864,36.301862549176946,36.320844349664725,122278800
2019-01-17,36.98042678833008,37.40750802029229,36.363531273228396,36.58656278438679,119284800
2019-01-18,37.208213806152344,37.45971625451414,37.00890676859886,37.369553633249645,135004000
2019-01-22,36.3730354309082,37.18685958381331,36.21169197229735,37.11093601889627,121576000
2019-01-23,36.52012634277344,36.80959229423162,35.99339345539255,36.574696724321946,92522400
2019-01-24,36.23067855834961,36.65301362642966,36.00290421307908,36.56522597464914,101766000
2019-01-25,37.43124008178711,37.51903133240946,36.61504465459194,36.890271619149736,134142000
2019-01-28,37.08483123779297,37.09194895785594,36.4584465294026,36.96382275590851,104768400
2019-01-29,36.7004508972168,37.519024789086224,36.565210615346906,37.07296175472334,166348800
2019-01-30,39.2083740234375,39.42191288765638,38.017292600660475,38.73383999592237,244439200
2019-01-31,39.4907112121582,40.098114016816574,39.04464819355946,39.41241268525057,162958400
2019-02-01,39.50970458984375,40.09337942283648,39.36971429863973,39.61410265633867,130672400
2019-02-04,40.631980895996094,40.729261252002615,39.69003045070155,39.72087632465673,125982000
2019-02-05,41.3271598815918,41.54070233089087,40.89296450420444,41.013969357855885,144406400
2019-02-06,41.341400146484375,41.656965666225744,41.01159918712273,41.43867685735861,112958400
2019-02-07,40.55841064453125,41.270211452977485,40.41604903467955,40.90481834388098,126966800
2019-02-08,40.6060791015625,40.665650250891964,40.131891443963546,40.26771540968325,95280000
2019-02-11,40.37255859375,40.79670853270349,40.32966911040256,40.75858212354943,83973600
2019-02-12,40.720455169677734,40.7466666211287,40.436895913781186,40.53221193539128,89134000
2019-02-13,40.551273345947266,41.099328678315466,40.489320656037144,40.83959932500604,89960800
2019-02-14,40.69900894165039,40.80861781758018,40.36064525814671,40.43927960962729,87342800
2019-02-15,40.60845947265625,40.91346345759115,40.44880923334926,40.80623611906368,98507200
2019-02-19,40.729976654052734,40.85150410234934,40.386849953980956,40.43927284620034,75891200
2019-02-20,40.99209213256836,41.299481247841676,40.74427779259907,40.791933976908496,104457600
2019-02-21,40.76097106933594,41.07312337466057,40.5798760468402,40.93730301677255,68998800
2019-02-22,41.21608352661133,41.223231773038286,40.83721192224632,40.88486811040405,75652800
2019-02-25,41.51632308959961,41.90710967168657,41.44960369528727,41.499645058988676,87493600
2019-02-26,41.5401496887207,41.771286013409664,41.26373871380323,41.39241441823523,68280800
2019-02-27,41.66883087158203,41.6998090360794,41.15890192366394,41.27328116060738,111341600
2019-02-28,41.25896453857422,41.67834763454405,41.20416011523574,41.53776063575114,112861600
2019-03-01,41.692657470703125,41.735546954193026,41.19702505785762,41.52824051212283,103544800
2019-03-04,41.9023551940918,42.35509455351058,41.45437890957655,41.86422877925325,109744800
2019-03-05,41.82610321044922,41.93809728384338,41.59020010429096,41.92380078697351,78949600
2019-03-06,41.58543014526367,41.81656650222476,41.44722463850816,41.621171381521776,83241600
2019-03-07,41.10408020019531,41.56635275637002,40.98970464726478,41.43052883306923,99185600
2019-03-08,41.201778411865234,41.23990480878672,40.38922730265103,40.58462235992365,95997600
2019-03-11,42.62910842895508,42.681531325611424,41.78320110804429,41.816560802649775,128044000
2019-03-12,43.10805892944336,43.527438429638856,42.74109868533032,42.891219115734174,129870400
2019-03-13,43.298702239990234,43.67757393364114,43.1104553438934,43.427374341932726,124130000
2019-03-14,43.78002166748047,43.86818942807558,43.50122916555662,43.82052960680952,94318000
2019-03-15,44.349525451660156,44.63785139707803,43.7824106162076,44.04690664893718,156171600
2019-03-18,44.802268981933594,44.890433115459594,44.27089173604565,44.273276908909104,104879200
2019-03-19,44.44721984863281,45.033401481377794,44.30186611779311,44.880899504425805,126585600
2019-03-20,44.83563232421875,45.15255128641642,44.018314235196435,44.375741144089886,124140800
2019-03-21,46.4869384765625,46.782412668747526,45.228796167797555,45.278837530094265,204136800
2019-03-22,45.52427673339844,47.106486442351226,45.45993886884796,46.54651613890854,169630800
2019-03-25,44.97383117675781,45.7458708587234,44.4639023409663,45.633876819634864,175381200
2019-03-26,44.50918197631836,45.96033805607303,43.98257500926579,45.66963053267575,199202000
2019-03-27,44.90949630737305,45.216881824139065,44.45199033761694,44.97621570071659,119393600
2019-03-28,44.96907424926758,45.169232459544084,44.68551496674179,45.02387869438107,83121600
2019-03-29,45.26215362548828,45.2931317832796,44.92617150707696,45.233560640409536,94256000
2019-04-01,45.569549560546875,45.67439173346239,44.88805543895594,45.66486194899173,111448000
2019-04-02,46.231971740722656,46.336817529759834,45.524266300655576,45.53379608332538,91062800
2019-04-03,46.54890060424805,46.822926454826096,46.02467154689668,46.0485014625707,93087200
2019-04-04,46.629913330078125,46.791945110655476,46.02228688104425,46.41545501139502,76457200
2019-04-05,46.94206237792969,46.965892290363215,46.68709613144077,46.811005131413616,74106400
2019-04-08,47.680747985839844,47.7117225101516,46.78479559908021,46.8038588026213,103526800
2019-04-09,47.53778076171875,48.336035677504945,47.47344289751336,47.73317589155191,143072800
2019-04-10,47.80465316772461,47.833249790891394,47.22323818776864,47.34238048248308,86781200
2019-04-11,47.406715393066406,47.89519949822014,47.28519156894748,47.85945826640106,83603200
2019-04-12,47.38766860961914,47.690291142297916,46.75383418483477,47.466302982800336,111042800
2019-04-15,47.473445892333984,47.621184835604666,47.18273835239689,47.31856233696164,70146400
2019-04-16,47.47821044921875,47.98337267920693,47.31379347996625,47.528251819139626,102785600
2019-04-17,48.40275192260742,48.462323072559556,47.32570451341118,47.547307445984586,115627200
2019-04-18,48.57670211791992,48.64580305696875,48.257401604087235,48.400370192581796,96783200
2019-04-22,48.73634719848633,48.83404475360525,48.214503361460345,48.33126412020742,77758000
2019-04-23,49.43928146362305,49.503619315451935,48.58622226846949,48.71251279943443,93292000
2019-04-24,49.363040924072266,49.677574720140036,49.3368294714054,49.41069711912076,70162400
2019-04-25,48.915061950683594,49.50600673522847,48.8769355424073,49.28440380449955,74172800
2019-04-26,48.68154525756836,48.848343752952516,48.162082930875414,48.82451383821142,74596400
2019-04-29,48.75541687011719,49.07948410291866,48.57670340282082,48.70537549946289,88818800
2019-04-30,47.81657409667969,48.467090089008494,47.4448506724918,48.386074191108,186139600
2019-05-01,50.16368103027344,51.30506280144106,49.856291823259944,50.01117901340884,259309200
2019-05-02,49.83721923828125,50.671215281428715,49.594171580722325,50.00163618282265,127985200
2019-05-03,50.45676040649414,50.478205146321336,50.094566822586664,50.25183551985448,83569600
2019-05-06,49.677574157714844,49.7633567622048,48.490917825549325,48.679161066436805,129772400
2019-05-07,48.338417053222656,49.42499431382498,47.854699576559206,49.05803760722793,155054800
2019-05-08,48.34794235229492,48.92935733960514,48.073916525359294,48.109657759852,105358000
2019-05-09,47.8284797668457,48.057230920723306,46.8610449825507,47.75222695826382,139634400
2019-05-10,47.16590118408203,47.565372181315134,46.11102196215222,47.2233110420529,164834800
2019-05-13,44.42463302612305,45.32403198718554,43.738123877782556,44.90064671970861,229722400
2019-05-14,45.127899169921875,45.37666791392155,44.350491826259756,44.5896940858481,146118800
2019-05-15,45.668487548828125,45.86702583004832,44.496398127096036,44.55619868228515,106178800
2019-05-16,45.46756362915039,46.03925685450639,45.170951528362195,45.42689968507999,132125600
2019-05-17,45.20922088623047,45.66370365738736,44.673406583972145,44.7140705245547,131516400
2019-05-20,43.795536041259766,44.09693319133087,43.123378349333606,43.89839489959819,154449200
2019-05-21,44.63513946533203,44.970021141517655,44.18065301915265,44.30503920599439,113459200
2019-05-22,43.72138214111328,44.42224655428425,43.66636665166303,44.17108348949689,118994400
2019-05-23,42.975074768066406,43.18557025463366,42.53254916971738,43.008562935243226,146118800
2019-05-24,42.81000900268555,43.568279378868276,42.72628679035779,43.10422662468957,94858800
2019-05-28,42.63301086425781,43.19752825231062,42.55646805143749,42.79806098088244,111792800
2019-05-29,42.4296875,42.900916127061286,42.09958729527348,42.20005178150852,113924800
2019-05-30,42.649749755859375,42.87220603302129,42.25984903144603,42.56602753223366,84873600
2019-05-31,41.877132415771484,42.57560242696121,41.85799580108924,42.15460420382392,108174400
2019-06-03,41.453739166259766,42.558852087002684,40.72895684162504,42.003904918771,161584400
2019-06-04,42.97029113769531,43.01574014822659,41.74557681150609,41.96564243887218,123872000
2019-06-05,43.663970947265625,44.250019297013125,43.32908930449805,44.080184117507756,119093600
2019-06-06,44.30503463745117,44.36483519131341,43.570682084053516,43.79314204238784,90105200
2019-06-07,45.48430633544922,45.90769533953983,44.43660296337536,44.61361029225214,122737600
2019-06-10,46.06556701660156,46.732939648630975,45.83593126422042,45.88138027302039,104883600
2019-06-11,46.5989875793457,46.88363882764626,46.30955491422111,46.610948421278835,107731600
2019-06-12,46.45066452026367,46.87644404085741,46.25930207675373,46.39325469223018,73012800
2019-06-13,46.44111633300781,47.07261014000274,46.309558012750465,46.57267830320191,86698400
2019-06-14,46.10384750366211,46.30716724615414,45.52019337239175,45.819196214236236,75046000
2019-06-17,46.3789176940918,46.63486581817367,45.96748958898146,46.14210618535647,58676400
2019-06-18,47.46968078613281,47.90981200382238,46.69466791366559,46.89559690653218,106204000
2019-06-19,47.330928802490234,47.81172746553545,47.19697618092338,47.76388411503141,84496800
2019-06-20,47.71127700805664,47.986358104546575,47.36921593118183,47.92894825704651,86056000
2019-06-21,47.54861831665039,48.04376867773491,47.397919745896615,47.553403383165076,191202400
2019-06-24,47.50077819824219,47.87871815109603,47.40270441017317,47.49120806529403,72881600
2019-06-25,46.78076934814453,47.663422274579474,46.713789383736064,47.46488403884307,84281200
2019-06-26,47.79261016845703,48.07726142928263,47.206565387311976,47.30702989408513,104270000
2019-06-27,47.77825164794922,48.21599213856582,47.737587709468265,47.90980994600214,83598800
2019-06-28,47.3428955078125,47.72083539403826,47.134790777081065,47.52468785247962,124442400
2019-07-01,48.21121597290039,48.914471197496404,47.9959317500997,48.59872246403011,109012000
2019-07-02,48.493473052978516,48.58915614675348,48.1657671253992,48.17772796836317,67740800
2019-07-03,48.895328521728516,48.90250429660593,48.483900395720205,48.62502883489124,45448000
2019-07-05,48.85227584838867,49.055599226493996,48.534136409086,48.64178034451634,69062000
2019-07-08,47.84523010253906,48.17532669133114,47.46011437400138,48.0341982544595,101354400
2019-07-09,48.13705825805664,48.20164023244244,47.555794939029724,47.64908366307894,82312000
2019-07-10,48.61307907104492,48.732680212837536,48.21361169545004,48.282982401654586,71588400
2019-07-11,48.25905990600586,48.890553778109265,48.24949342079485,48.632214878166444,80767200
2019-07-12,48.62981414794922,48.79725497916496,48.36669023465564,48.42649079222815,70380800
2019-07-15,49.086692810058594,49.2445635130071,48.79725649643611,48.81878382184684,67789600
2019-07-16,48.91686248779297,49.301978274892384,48.67766022623897,48.93838981534798,67467200
2019-07-17,48.64176940917969,49.05797890617675,48.62263279495951,48.80921022118632,56430000
2019-07-18,49.19432830810547,49.246953087288276,48.72549036173215,48.79725175606653,74162400
2019-07-19,48.45997619628906,49.39525773939744,48.40496070844038,49.2254225596,83717200
2019-07-22,49.56748962402344,49.5698803325022,48.70396937143094,48.7135358552826,89111600
2019-07-23,49.95498275756836,49.97172866225892,49.584218645891866,49.86408841046526,73420800
2019-07-24,49.9143180847168,50.02913410826558,49.55551481743322,49.67511590652774,59966400
2019-07-25,49.519649505615234,50.050678778547585,49.450278810987754,49.96695653329002,55638400
2019-07-26,49.69187545776367,50.167885587126946,49.54835265146059,49.62968053839526,70475600
2019-07-29,50.155921936035156,50.385557683272346,49.85931350619357,49.864098572785444,86693600
2019-07-30,49.940635681152344,50.27073588947548,49.58900815053056,49.93585061510733,135742800
2019-07-31,50.95964431762695,52.95219944273716,50.54343475015479,51.768149068134655,277125600
2019-08-01,49.85691452026367,52.153257179746014,49.452665854213244,51.16535089156151,216071600
2019-08-02,48.80204391479492,49.378518561545334,48.23035068507519,49.163237997191345,163448400
2019-08-05,46.24735641479492,47.51751962109188,46.0655640412733,47.35964892958403,209572000
2019-08-06,47.122833251953125,47.37878135711824,46.41479313620579,46.957783150481916,143299200
2019-08-07,47.61080551147461,47.73519168066867,46.362173353172416,46.742503985009016,133457600
2019-08-08,48.66090774536133,48.68482942826137,47.6945323451434,47.88828556685008,108038000
2019-08-09,48.25992202758789,48.68491595492223,47.851730305039446,48.33435586806552,98478800
2019-08-12,48.137474060058594,48.51445025945154,47.81812584573982,47.93097835996543,89927600
2019-08-13,50.17600631713867,50.9371579045492,48.13746218750722,48.26712420599327,188874000
2019-08-14,48.682525634765625,49.56853618197208,48.644106979365894,48.78097206530071,146189600
2019-08-15,48.440006256103516,49.256382389403456,47.942974606430376,48.852997569788144,108909600
2019-08-16,49.58293533325195,49.74140951677776,48.944239015747925,49.04988847143179,110481600
2019-08-19,50.50736999511719,51.07883190639441,50.43053268655295,50.57219735243816,97654400
2019-08-20,50.509765625,51.22769905454453,50.50016279412302,50.634624409226056,107537200
2019-08-21,51.05722427368164,51.29973516626406,50.80751034118719,51.14126462439481,86141600
2019-08-22,51.01400375366211,51.48942268562583,50.60341217800857,51.189283823360064,89014800
2019-08-23,48.65611267089844,50.91555897861763,48.26233061738834,50.28646541152127,187272000
2019-08-26,49.58053207397461,49.748609076351144,49.23717136701609,49.42926093993379,104174400
2019-08-27,49.021080017089844,50.07516753420753,48.86980886104783,49.90949029926712,103493200
2019-08-28,49.35002517700195,49.39564686397116,48.81938179356974,49.0066681246404,63755200
2019-08-29,50.185604095458984,50.26004159092135,49.621345384100835,50.063148791485034,83962000
2019-08-30,50.12078857421875,50.53137647269659,49.751015456218866,50.461745870992495,84573600
2019-09-03,49.390846252441406,49.69818812822895,49.03548289552534,49.56612630727239,80092000
2019-09-04,50.22883605957031,50.2984666588224,49.77982952447207,50.03674646797927,76752400
2019-09-05,51.210880279541016,51.376557476754485,50.785882729793876,50.90353845367969,95654800
2019-09-06,51.20607376098633,51.48460341781366,51.02599049966228,51.395763514644194,77449200
2019-09-09,51.424591064453125,51.96964425782235,50.680248893016675,51.58546505309072,109237600
2019-09-10,52.032066345214844,52.05127566981013,50.833914491991756,51.3501518092004,127111600
2019-09-11,53.686431884765625,53.71524770381324,52.27938090410862,52.36102145030546,177158400
2019-09-12,53.566375732421875,54.36594600540606,53.51115121424335,53.976967258907166,128906800
2019-09-13,52.524288177490234,53.01411307002046,52.108897118568684,52.824426967075894,159053200
2019-09-16,52.8004264831543,52.85565467101706,52.238567419766575,52.279385864836165,84632400
2019-09-17,52.99250793457031,53.02132375192014,52.61313203639829,52.81482810263167,73274800
2019-09-18,53.48953628540039,53.508745607854166,52.68996609930479,53.07894480353371,101360000
2019-09-19,53.0549430847168,53.72725114264616,52.91327477040642,53.307056774538246,88242400
2019-09-20,52.279380798339844,53.43911767399923,52.2169532408371,53.155788377866706,221652400
2019-09-23,52.517086029052734,52.78600921665871,52.260165462190585,52.57231054140675,76662000
2019-09-24,52.26736831665039,53.42230547207564,52.14971625438767,53.07174174905982,124763200
2019-09-25,53.071746826171875,53.18459931647141,52.13771495764018,52.4762724285388,87613600
2019-09-26,52.798011779785156,53.05012908229732,52.5434946860541,52.82442413840649,75334000
2019-09-27,52.541099548339844,53.05493702755311,52.17132649489073,52.95408716657338,101408000
2019-09-30,53.777679443359375,53.924147350243985,53.01412429579234,53.04053666142086,103909600
2019-10-01,53.92654800415039,54.798152420020195,53.832904827025864,54.041803963537824,139223200
2019-10-02,52.5747184753418,53.68403038252034,52.3274007167669,53.55917160743665,138449200
2019-10-03,53.021324157714844,53.054939558377036,51.65509168829448,52.44745522730388,114426000
2019-10-04,54.50761032104492,54.622866267592265,53.7584649875072,54.17865934180888,138478800
2019-10-07,54.51960754394531,55.20872499803021,54.22667180682277,54.329921450465996,122306000
2019-10-08,53.88092041015625,54.75972776925968,53.8641145411307,54.221881339577685,111820000
2019-10-09,54.51241683959961,54.6948999368784,54.17866259327657,54.51241683959961,74770400
2019-10-10,55.24714660644531,55.331186933368876,54.577238437627656,54.728505896765036,113013600
2019-10-11,56.71664047241211,57.05999756214249,55.780205051339095,55.93387599775765,166795600
2019-10-14,56.63500213623047,57.17765554935528,56.34686955839495,56.402094083727334,96427600
2019-10-15,56.502933502197266,57.06238901917909,56.397284055002885,56.75985041805286,87360000
2019-10-16,56.274818420410156,56.483717498585555,55.99388896748813,56.03470740111235,73903200
2019-10-17,56.49333190917969,56.70222736637808,56.070737747547255,56.447710219951496,67585200
2019-10-18,56.764652252197266,57.04558173135252,56.25561435236558,56.32764839764216,97433600
2019-10-21,57.749107360839844,57.864363302867055,56.983156188347394,57.03117766562347,87247200
2019-10-22,57.617042541503906,58.15488888679274,57.53540200940533,57.90517503559485,82293600
2019-10-23,58.39020919799805,58.40461894002899,57.9195935448391,58.1308924623088,75828800
2019-10-24,58.48625946044922,58.77919528194411,58.06126180732885,58.70956101444865,69275200
2019-10-25,59.20657730102539,59.24259248944674,58.31816723653138,58.38539803078692,73477200
2019-10-28,59.799659729003906,59.84768120784419,59.24020052419486,59.408277532037836,96572800
2019-10-29,58.41661834716797,59.9677374114046,58.24374175415912,59.780451077157984,142839600
2019-10-30,58.40941619873047,58.89924482176762,57.91719144782321,58.76958279527963,124522000
2019-10-31,59.73002624511719,59.82847265948915,56.96874904224295,59.365060070154456,139162000
2019-11-01,61.425209045410156,61.45161774300314,59.82606861277858,59.91730831812791,151125200
2019-11-04,61.82859802246094,61.912638359081036,61.31956374708165,61.78777591806556,103272000
2019-11-05,61.739749908447266,61.99426701235729,61.54526056164069,61.72053692271421,79897600
2019-11-06,61.766170501708984,61.82619827037496,61.317163964504836,61.65331800351261,75864400
2019-11-07,62.47901916503906,62.70058775080912,62.161119287475856,62.31284456311313,94940400
2019-11-08,62.6500244140625,62.72227105623637,61.85768527338709,62.30081516113781,69986400
2019-11-11,63.14613723754883,63.211159215108815,62.20207280445758,62.206886797370636,81821200
2019-11-12,63.088321685791016,63.28821627609812,62.837861804605424,62.98957972605956,87388800
2019-11-13,63.692840576171875,63.76749790965915,62.87401323012433,62.88846256243739,102734400
2019-11-14,63.25210189819336,63.791563071866,63.12205059753754,63.51942181384487,89182800
2019-11-15,64.00350952148438,64.00832351523762,63.34122157477898,63.502574886013555,100206400
2019-11-18,64.32622528076172,64.40569660274649,63.635038653115814,64.01313928749168,86703200
2019-11-19,64.13114929199219,64.5429699152776,63.9144019823477,64.51888524762629,76167200
2019-11-20,63.38454818725586,64.08054855468487,62.71262513008036,63.9505046207332,106234400
2019-11-21,63.100379943847656,63.58204383142426,62.90048531472307,63.504975845506166,121395200
2019-11-22,63.04500198364258,63.38216532076734,62.81861931094247,63.240075319750815,65325200
2019-11-25,64.15039825439453,64.16725825293672,63.22319387946589,63.26895253287637,84020400
2019-11-26,63.649471282958984,64.34065772923968,63.21838008089831,64.2876744119495,105207600
2019-11-27,64.50443267822266,64.53815268116317,63.89512810024147,63.9601500849875,65235600
2019-11-29,64.36233520507812,64.54295915794552,64.03721061999535,64.20579591584789,46617600
2019-12-02,63.618160247802734,64.60316190902952,63.4471716441627,64.36714398387619,94487200
2019-12-03,62.48386001586914,62.503123340399675,61.722830078760026,62.20930803145001,114430400
2019-12-04,63.03535079956055,63.413458716319425,62.78006952636724,62.873997512530956,67181600
2019-12-05,63.96015548706055,64.03482016421954,63.273790207946085,63.52907152465446,74424400
2019-12-06,65.19561767578125,65.26546100190234,64.37437981221761,64.41773515061479,106075600
2019-12-09,64.28286743164062,65.21728922547906,63.79879285948436,65.02462660501106,128042400
2019-12-10,64.6585464477539,65.04146825890689,64.02756074204926,64.68744509771174,90420400
2019-12-11,65.2100601196289,65.28953877362453,64.66337427533851,64.73803158690569,78756800
2019-12-12,65.376220703125,65.64113724354316,64.3791805323222,64.48996114027678,137310400
2019-12-13,66.26488494873047,66.30100825788557,65.24857420340442,65.3762147954892,133587600
2019-12-16,67.39923095703125,67.62321027270899,66.70564106368182,66.71045505717711,128186000
2019-12-17,67.53166198730469,67.85918978542159,67.14391887525788,67.3293641091257,114158400
2019-12-18,67.37031555175781,67.89051335467951,67.22100094482415,67.38476487826064,116028400
2019-12-19,67.4377670288086,67.71713300190731,67.18008240112675,67.31253704760239,98369200
2019-12-20,67.29808807373047,68.07115666009031,67.08615475855936,67.97001134578234,275978000
2019-12-23,68.39627838134766,68.45648637288053,67.52205716835296,67.560591164887,98572000
2019-12-24,68.46128845214844,68.61061041883474,68.13617123413715,68.56244109414793,48478800
2019-12-26,69.81958770751953,69.83644770700805,68.56485537418061,68.59375403067095,93121200
2019-12-27,69.79308319091797,70.7973554694835,69.38848735406549,70.11098306970483,146266000
2019-12-30,70.20732116699219,70.4890977572307,68.69008295692782,69.71120798213394,144114400
2019-12-31,70.72026824951172,70.72749291071767,69.72563157573316,69.82437351195087,100805600
2020-01-02,72.33387756347656,72.39408555090253,71.0911838210517,71.34405442839761,135480400
2020-01-03,71.63065338134766,72.38927264137095,71.40668140593664,71.56322072155912,146322800
2020-01-06,72.201416015625,72.23995000976231,70.50355369984423,70.75402098693286,118387200
2020-01-07,71.8618392944336,72.4663224088167,71.64268136784916,72.211041164577,108872000
2020-01-08,73.01782989501953,73.31886979288494,71.56561372170107,71.56561372170107,132079200
2020-01-09,74.56880187988281,74.76146451044018,73.74275001069596,73.99320996049889,170108400
2020-01-10,74.73736572265625,75.30091887725054,74.23643856809193,74.80239504412852,140644800
2020-01-13,76.33407592773438,76.36057125816924,74.9348431957367,75.05285582286368,121532000
2020-01-14,75.3033218383789,76.48099343710987,75.18050255877637,76.27147084582813,161954400
2020-01-15,74.98062133789062,75.98248317068368,74.54953007278792,75.10344798902688,121923600
2020-01-16,75.91985321044922,76.03064118697364,75.16123412136378,75.52248200660513,108829200
2020-01-17,76.76036834716797,76.76277166888072,75.86206254796348,76.16791647174253,137816400
2020-01-21,76.24017333984375,76.8302072165908,76.10289736234121,76.38948797518701,110843200
2020-01-22,76.51231384277344,77.06381371935198,76.41838585398544,76.72423978617735,101832400
2020-01-23,76.88080596923828,76.96027729950708,76.01862324900956,76.56531662094284,104472000
2020-01-24,76.65922546386719,77.86819933392093,76.46896614550444,77.12644008388187,146537600
2020-01-27,74.40503692626953,75.08417746726008,73.42484908589569,74.67235687385795,161940000
2020-01-28,76.5098876953125,76.68087628820244,75.18531223152581,75.28405419350632,162234000
2020-01-29,78.1114273071289,78.95674973344263,77.39856685210137,78.13792264122904,216229200
2020-01-30,77.99823760986328,78.05122092954578,76.76517927864235,77.19627050016777,126743200
2020-01-31,74.5398941040039,77.71164655303768,74.24607885109228,77.29019066933044,199588400
2020-02-03,74.3351821899414,75.49839714349714,72.78422401879573,73.2851511845041,173788400
2020-02-04,76.78926849365234,76.97952779146334,75.53212542449515,75.93672133535755,136616400
2020-02-05,77.41543579101562,78.21258898353346,76.81335589638837,77.91395235806485,118826800
2020-02-06,78.32096862792969,78.32337929968051,77.12885469909907,77.68517600247516,105425600
2020-02-07,77.25636291503906,78.06989154294402,76.76631409771366,77.82124622907054,117684000
2020-02-10,77.62330627441406,77.62330627441406,75.76450341427329,75.84416334192943,109348800
2020-02-11,77.15499114990234,78.1906145236601,76.93772941121844,78.11819639978289,94323200
2020-02-12,78.98723602294922,78.99206144129231,77.60399117788235,77.60399117788235,113730400
2020-02-13,78.42475128173828,78.75064746940821,78.05782062596876,78.26059867524006,94747600
2020-02-14,78.4440689086914,78.69271421468866,77.93712009409066,78.3933688702963,80113600
2020-02-18,77.0077133178711,77.1887659353896,75.94794846047884,76.12900107799734,152531200
2020-02-19,78.12300109863281,78.35233737517142,77.24912158938099,77.24912158938099,93984000
2020-02-20,77.32152557373047,78.37163210197758,76.81699322453267,77.88399976313329,100566000
2020-02-21,75.57137298583984,77.35776502195542,74.95579692410486,76.91599243144344,129554000
2020-02-24,71.981689453125,73.43011036441114,69.82113268068633,71.75960237227564,222195200
2020-02-25,69.54352569580078,73.03180965186876,69.07279323243056,72.6503953158895,230673600
2020-02-26,70.64673614501953,71.90927916190874,69.16210602316792,69.16934783382864,198054800
2020-02-27,66.02869415283203,69.04141300899963,65.89350875868202,67.85853712666133,320605600
2020-02-28,65.99005889892578,67.20915102510166,61.88861568726967,62.103468343907636,426510000
2020-03-02,72.13378143310547,72.76867383608672,67.04258234775999,68.14338175177791,341397200
2020-03-03,69.8428726196289,73.38667475068135,68.99312746023453,73.30701482551375,319475600
2020-03-04,73.08248901367188,73.24181619852034,70.76260504877715,71.56164999828624,219178400
2020-03-05,70.71189880371094,72.31239742072097,70.34737725228122,71.33954185333918,187572800
2020-03-06,69.77286529541016,70.20497969740977,67.88992061879122,68.07579869358199,226176800
2020-03-09,64.2543716430664,67.13189718407227,63.489119320777824,63.670171942415024,286744800
2020-03-10,68.88209533691406,69.14764074332749,65.02687994218032,66.90259043839642,285290000
2020-03-11,66.48975372314453,67.88748182990133,65.62794159632746,66.96290981260235,255598800
2020-03-12,59.9235954284668,65.17895115078981,59.86807364961435,61.78481820985721,418474000
2020-03-13,67.10294342041016,67.5736832780311,61.06302571813862,63.94538830639056,370732000
2020-03-16,58.4703483581543,62.542820889319664,57.93684495675963,58.40758108532822,322423600
2020-03-17,61.041282653808594,62.187945473114404,57.550586794967394,59.749772593000145,324056000
2020-03-18,59.547000885009766,60.35087498179023,57.24159672400037,57.881318208922394,300233600
2020-03-19,59.09075927734375,61.036471254980725,58.56691402825116,59.720822675289355,271857200
2020-03-20,55.339351654052734,60.79265701633852,55.04000992313828,59.67012828805372,401693200
2020-03-23,54.1636962890625,55.1606938155284,51.3247927605554,55.059304798459365,336752800
2020-03-24,59.59770584106445,59.793242114858536,56.56084893172045,57.05813962396852,287531200
2020-03-25,59.269386291503906,62.34245170831376,58.97487373705756,60.53192552123785,303602000
2020-03-26,62.38832473754883,62.44625922344338,59.472169846872056,59.51079529315195,252087200
2020-03-27,59.80531311035156,61.76792134587147,59.638744081772344,61.0147434951052,204216800
2020-03-30,61.512027740478516,61.68342585318123,60.206033868463194,60.529517371062305,167976400
2020-03-31,61.38649368286133,63.366001623216455,60.83368129501873,61.702735358357586,197002000
2020-04-01,58.15652084350586,60.04188167908633,57.726822887688364,59.50596558883749,176218400
2020-04-02,59.126956939697266,59.18006600388776,57.188487147319506,58.018915768998035,165934000
2020-04-03,58.277217864990234,59.31283722451452,57.68819275537644,58.6127685713981,129880000
2020-04-06,63.36117935180664,63.51567376682207,60.201208300554335,60.568138982385115,201820400
2020-04-07,62.6273078918457,65.58933353543772,62.52350615550967,65.3720644929947,202887200
2020-04-08,64.23021697998047,64.54403851459621,63.06182517929843,63.42633937506472,168895200
2020-04-09,64.69371795654297,65.19584133375365,63.899505790640596,64.86511973614601,161834800
2020-04-13,65.9635238647461,66.07215841536981,64.17230617831575,64.77098966919036,131022800
2020-04-14,69.29487609863281,69.58456326372355,67.12224446160415,67.59298426311395,194994800
2020-04-15,68.66239929199219,69.12106449233013,67.7450688913163,68.17235045630129,131154400
2020-04-16,69.20796966552734,69.57249130619873,68.16027936470277,69.37453866907585,157125200
2020-04-17,68.2689208984375,69.27075152318855,66.83498322406335,68.72517714348913,215250000
2020-04-20,66.85187530517578,67.99854202997274,66.83256626499734,67.09811161151838,130015200
2020-04-21,64.78544616699219,66.92911009651182,64.07571939662287,66.69494844279068,180991600
2020-04-22,66.65151977539062,67.08604320648949,65.7100474299754,66.05041994300701,116862400
2020-04-23,66.39320373535156,68.01543553598502,66.35457829164004,66.59598178954948,124814400
2020-04-24,68.30994415283203,68.31960235496462,66.86876505886688,66.91704870248016,126161200
2020-04-27,68.35823059082031,68.68895219864656,67.58091104598891,68.02750161594408,117087600
2020-04-28,67.25017547607422,69.0003506347447,67.15844834573424,68.81929803212363,112004800
2020-04-29,69.45904541015625,69.92736888191205,68.53205667132409,68.73483476728254,137280800
2020-04-30,70.92434692382812,71.10057413486881,69.60870223992275,69.99735834734561,183064000
2020-05-01,69.78251647949219,72.17965163700352,69.00519685948858,69.1017567929507,240616800
2020-05-04,70.76983642578125,70.89777995985193,69.11863770856678,69.80663901583497,133568000
2020-05-05,71.83202362060547,72.66245223551824,71.08367131021836,71.2285148811078,147751200
2020-05-06,72.5731430053711,73.20320267035598,72.14827044329485,72.5321011645588,142333600
2020-05-07,73.32390594482422,73.66911859215423,72.89662434827942,73.19837876119128,115215200
2020-05-08,75.06912994384766,75.1223827731926,73.65551811313698,73.98229650289032,133838400
2020-05-11,76.2503662109375,76.74415709638575,74.36957888241814,74.57775171164975,145946400
2020-05-12,75.37897491455078,77.3832066763356,75.25794640867731,76.93297679324957,162301200
2020-05-13,74.46881866455078,76.47789576756719,73.39408522317618,75.55807493186354,200622400
2020-05-14,74.92632293701172,74.98683718466037,72.98744407851115,73.70877656980059,158929200
2020-05-15,74.48335266113281,74.52934407916516,72.66792527667609,72.70181680027588,166348400
2020-05-18,76.23825073242188,76.61102048338427,75.11511038710799,75.80497413426188,135178400
2020-05-19,75.7977294921875,77.0999898949941,75.76626090152799,76.25521336264156,101729600
2020-05-20,77.2718505859375,77.34204178986873,76.61587086677298,76.65460086911052,111504800
2020-05-21,76.69577026367188,77.67368271832201,76.45855171857032,77.13389289033314,102688800
2020-05-22,77.1895523071289,77.27185079219365,76.33266854723075,76.43432834001963,81803200
2020-05-26,76.66670227050781,78.48454498542678,76.6110265113562,78.3054252019707,125522000
2020-05-27,77.00074768066406,77.14598335609439,75.78562421645006,76.52390248864035,112945200
2020-05-28,77.03462982177734,78.29090607267398,76.4004417495467,76.67638285095582,133560800
2020-05-29,76.9595947265625,77.73659554294788,76.60377068012559,77.27668877080987,153532400
2020-06-01,77.90605163574219,78.0270801430567,76.78290354210658,76.91361639836452,80791200
2020-06-02,78.26670837402344,78.29091555107586,77.1992361328535,77.6397816394303,87642800
2020-06-03,78.69757843017578,78.95900415271024,78.01497584988421,78.58623426753769,104491200
2020-06-04,78.0197982788086,78.81858326292213,77.64702850562604,78.52085794063949,87560400
2020-06-05,80.24187469482422,80.30238892913404,78.24006648317224,78.26911213372232,137250400
2020-06-08,80.71632385253906,80.75021537775042,79.23009773769596,79.93932296340279,95654400
2020-06-09,83.2651596069336,83.65729064511632,80.36532236126617,80.39679094356325,147712400
2020-06-10,85.40739440917969,85.8745626649843,83.77350959383725,84.2116321903992,166651600
2020-06-11,81.30693817138672,84.97652287764004,81.20527837641917,84.55292316229209,201662400
2020-06-12,82.00889587402344,84.18740853476542,80.90027823694467,83.44187634114364,200146000
2020-06-15,83.02310180664062,83.67423552165188,80.50328834719761,80.66546973617807,138808800
2020-06-16,85.22342681884766,85.4945368687229,83.4418908130573,85.07335265810912,165428800
2020-06-17,85.10482025146484,86.02705683600927,84.98379175074255,85.96654258564811,114406400
2020-06-18,85.13871002197266,85.55504835135272,84.53114459703605,85.06125001022909,96820400
2020-06-19,84.65216064453125,86.30782937031772,83.54595856056092,85.84308414219812,264476000
2020-06-22,86.86697387695312,87.00978658675993,84.99829398313842,85.04428539322777,135445200
2020-06-23,88.72116088867188,90.1371959593026,87.68999560053155,88.10875691220691,212155600
2020-06-24,87.1550521850586,89.26821268122214,86.78228229668392,88.3508144843821,192623200
2020-06-25,88.31207275390625,88.35080275936323,86.55232106785238,87.30996064055707,137522400
2020-06-26,85.5986099243164,88.42825657527817,85.45095132716905,88.20798383985682,205256800
2020-06-29,87.57137298583984,87.6657787527797,85.02977472321102,85.50662726415537,130646000
2020-06-30,88.30236053466797,88.58799331138403,87.14049028565559,87.1598515887764,140223200
2020-07-01,88.13536834716797,88.9220535759505,88.08696138066959,88.37984827441205,110737200
2020-07-02,88.13536834716797,89.67485466688348,88.02160865174983,89.04066652590694,114041600
2020-07-06,90.49298858642578,90.96015670821257,89.52959930495038,89.56106788910034,118655600
2020-07-07,90.21220397949219,91.64759989931855,90.10085985246303,90.87059916943323,112424400
2020-07-08,92.31326293945312,92.34473152661032,91.10055518911935,91.18769953716944,117092000
2020-07-09,92.71024322509766,93.2572869587544,91.66455533300416,93.20403412942578,125642800
2020-07-10,92.8724136352539,92.93051232943125,91.69602034280251,92.30600122922262,90257200
2020-07-13,92.4439926147461,96.7792345052281,92.23098126624099,94.1746987408597,191649200
2020-07-14,93.97377014160156,94.16498980895781,90.89480551473416,91.82671884066302,170989200
2020-07-15,94.62007141113281,96.09419752364778,93.42430934647335,95.84487913129125,153198000
2020-07-16,93.45578002929688,94.31024088700049,92.85789898357274,93.49451003316076,110577600
2020-07-17,93.2669677734375,94.06091431617955,92.79495374103925,93.90600170117715,92186800
2020-07-20,95.23246765136719,95.37044189094031,93.01038653957822,93.35411067179673,90318000
2020-07-21,93.9181137084961,96.09662665534265,93.66879530005893,96.02158957813295,103433200
2020-07-22,94.18195343017578,94.86213298167614,93.53324246932021,93.62037944003524,89001600
2020-07-23,89.89512634277344,93.99314942038049,89.08665688068213,93.91568941051719,197004400
2020-07-24,89.67242431640625,90.01614846898383,86.31267234298356,88.09663844239333,185438800
2020-07-27,91.79768371582031,91.88966654711753,90.50994623863684,90.7326345162056,121214000
2020-07-28,90.28966522216797,91.54594138277622,90.28481935549645,91.36923715007886,103625600
2020-07-29,92.0204086303711,92.20437435144164,90.73508629119527,90.77139337114475,90329200
2020-07-30,93.13385772705078,93.2379404686909,90.78832470426487,91.19497870904048,158130000
2020-07-31,102.88391876220703,103.03399293401982,97.62159407755033,99.61614896320704,374336800
2020-08-03,105.4763412475586,108.0905539794476,104.46454472688619,104.76227011908288,308151200
2020-08-04,106.18070983886719,107.26996618839969,104.94379489849536,105.6651273181697,173071600
2020-08-05,106.56558227539062,106.8850992523654,105.43759589570149,105.90234853375506,121776800
2020-08-06,110.2835693359375,110.77736760867772,106.30899814130089,106.89719478834881,202428800
2020-08-07,107.77619171142578,110.26174899503663,106.98081367668276,109.80586023116359,198045600
2020-08-10,109.34270477294922,110.35875275642206,106.69710077257369,109.21903076531765,212403600
2020-08-11,106.09086608886719,109.10505737675727,105.83139636601508,108.60794885006547,187902400
2020-08-12,109.61672973632812,109.87377217439806,106.98567459916234,107.17966637873178,165598000
2020-08-13,111.55667114257812,112.55817011651827,110.50667052619417,110.99408465160128,210082000
2020-08-14,111.45724487304688,111.54696624880587,109.65066604650143,111.3820725095563,165565200
2020-08-17,111.166259765625,112.60182410704658,110.54062998121614,112.57757328432733,119561600
2020-08-18,112.09257507324219,112.51693852673742,110.58426581680665,110.91890789561272,105633600
2020-08-19,112.23321533203125,113.64452867430332,112.13864675565405,112.49995954797271,145538000
2020-08-20,114.72364044189453,114.837612647254,112.25747906222769,112.27445537799255,126907200
2020-08-21,120.63563537597656,121.11819493819868,115.66936721789659,115.68148892938783,338054800
2020-08-24,122.07845306396484,124.91805616382935,120.21610549023623,124.83317459173283,345937600
2020-08-25,121.07695007324219,121.42129395286675,119.35767277780953,120.95328347307442,211495600
2020-08-26,122.72350311279297,123.17939196014703,121.32673854222942,122.391288286882,163022400
2020-08-27,121.25642395019531,123.65710756851145,120.11427449940825,123.32489273389695,155552400
2020-08-28,121.05998229980469,122.64588380173389,120.83688511649021,122.2287948592591,187630000
2020-08-31,125.1654052734375,127.06656032182518,122.2166916072517,123.7492518971319,225702700
2020-09-01,130.15106201171875,130.75245576113278,126.61066398001222,128.7737011544299,151948100
2020-09-02,127.45455169677734,133.83698109172641,123.18667288708147,133.45869190086984,200119000
2020-09-03,117.25041198730469,124.97140134269283,116.8818246649217,123.09935930505591,257599600
2020-09-04,117.32801818847656,119.98574406174012,107.56038329847304,116.46474218511382,332607200
2020-09-08,109.43243408203125,115.41717011939836,109.2966383541402,110.52850171438395,231366600
2020-09-09,113.79730224609375,115.56265389882519,111.79915900187885,113.7391061983007,176940500
2020-09-10,110.08230590820312,116.88182317054356,109.12203408038299,116.74602745349068,182274400
2020-09-11,108.63705444335938,111.77007275174712,106.6971070425851,111.12988655734183,180860300
2020-09-14,111.89616394042969,112.44904864015743,109.41303369608222,111.27538137934282,140150100
2020-09-15,112.07073974609375,115.26195346815392,110.19869058392199,114.7769667152629,184642000
2020-09-16,108.76313781738281,112.51693833812011,108.67584374495958,111.7700619173575,154679000
2020-09-17,107.0268783569336,108.83102975873638,105.44582412860575,106.42549948987329,178011000
2020-09-18,103.6319808959961,107.5506753180143,102.9045006607274,107.08509211161683,287104900
2020-09-21,106.77470397949219,106.88140167582651,100.0042844680874,101.40104892896447,195713800
2020-09-22,108.4527359008789,109.47121104759135,105.88231201688097,109.29661551959238,183055400
2020-09-23,103.90360260009766,108.74377009186884,103.56410582867457,108.2684849723151,150718700
2020-09-24,104.97054290771484,106.93958810787352,101.84722676940335,102.01212050333626,167743300
2020-09-25,108.90863037109375,109.06382969318265,104.43705165768294,105.17423363698332,149981400
2020-09-28,111.50814819335938,111.85733923135933,109.39360575227525,111.55664982653556,137672400
2020-09-29,110.66426849365234,111.84763729884212,110.15988555061436,111.11046279750276,99382200
2020-09-30,112.33264923095703,113.73911550361659,110.20841190929694,110.37330565840851,142675200
2020-10-01,113.28323364257812,114.18530951408272,112.35205974301084,114.1077098390407,116120400
2020-10-02,109.62641906738281,111.90586307346008,108.85044458473479,109.50032515653433,144712000
2020-10-05,113.00191497802734,113.14741248595817,110.14049605673375,110.48968711564349,106243800
2020-10-06,109.76220703125,112.6333277612592,108.87952757625551,112.22593325878677,161498200
2020-10-07,111.62458038330078,112.08046922763401,110.70310088509402,111.17839334850785,96849000
2020-10-08,111.51786804199219,112.90493061170089,111.1492733309645,112.7594330889432,83477200
2020-10-09,113.45781707763672,113.48691510258755,111.46936816913343,111.81855926916633,100506900
2020-10-12,120.66473388671875,121.42131221454332,115.69846570876324,116.45504403658781,240226800
2020-10-13,117.46379852294922,121.62498605023444,116.05733979847938,121.50858655705257,262330500
2020-10-14,117.55111694335938,119.33586502763562,116.028258506117,117.36681956932418,150712000
2020-10-15,117.08552551269531,117.56081055796655,114.60239518602361,115.15527990408137,112559200
2020-10-16,115.44625854492188,117.90029805270329,115.24256497002679,117.63840102761567,115393800
2020-10-19,112.49754333496094,116.80422116143153,112.18715207359088,116.35803418573154,120639300
2020-10-20,113.98162078857422,115.40748342708119,112.15806534871491,112.71095010647143,124423700
2020-10-21,113.36083221435547,115.14558032107824,112.95343762450592,113.16683302863848,89946000
2020-10-22,112.27446746826172,114.49570836063894,111.1492943069264,113.92341996987348,101988000
2020-10-23,111.58576965332031,113.05043193781697,110.84858760677534,112.89523260157101,82572600
2020-10-26,111.5954818725586,113.05044248419397,109.49063323015535,110.58670829378724,111850700
2020-10-27,113.09893035888672,113.75851276167866,111.10078693291935,112.02225897491293,92276800
2020-10-28,107.86105346679688,111.9640447506843,107.76405759395712,111.5954574737689,143937800
2020-10-29,111.85734558105469,113.41900353400632,108.83102554669962,108.99592666867332,146129200
2020-10-30,105.59134674072266,108.62736202117581,104.4855772187525,107.72528610585144,190272600
2020-11-02,105.50404357910156,107.35669702970988,104.09758457442842,105.83383850866505,122866900
2020-11-03,107.1238784790039,108.14234624016166,105.46522463913784,106.36730031348367,107624400
2020-11-04,111.49847412109375,112.119256698551,108.97654397513469,110.71279779031768,138235500
2020-11-05,115.45596313476562,116.02825144019144,113.36082388514865,114.40838980980128,126387100
2020-11-06,115.32479095458984,115.8203256136095,112.83736946099638,114.96527887670223,114457900
2020-11-09,113.02198791503906,118.53122507296646,112.7596464655049,117.08347300114552,154515300
2020-11-10,112.68189239501953,114.25595563166621,110.89405824079327,112.27380247537614,138023400
2020-11-11,116.10209655761719,116.23812654293447,113.13857769111563,113.86731293234887,112295000
2020-11-12,115.83007049560547,117.11264459911943,115.20821683408843,116.22844943571378,103162300
2020-11-13,115.87862396240234,116.27699537989376,114.52803521767761,116.05352071993178,81581900
2020-11-16,116.88915252685547,117.55958400464418,114.80010971790968,115.54827474511946,91183000
2020-11-17,116.00493621826172,117.24864320805052,115.58712770640344,116.16040329852451,74271000
2020-11-18,114.68352508544922,116.42277457305377,114.65437685369791,115.24708227624227,76322100
2020-11-19,115.27620697021484,115.68429695756758,113.49809106564801,114.25597458875419,74113000
2020-11-20,114.01305389404297,115.40250938194856,113.96447599254086,115.27619794234921,73604300
2020-11-23,110.62201690673828,114.2851304944073,110.5248536828197,113.85760341347095,127959300
2020-11-24,111.90458679199219,112.56530706965945,109.39773567263003,110.68031687022992,113874200
2020-11-25,112.74020385742188,113.43979090606146,111.90458681744444,112.27381743371453,76499200
2020-11-27,113.28431701660156,114.15880077486167,112.92481238098438,113.26488733889717,46691300
2020-11-30,115.6745834350586,117.54014397849063,113.49808872130923,113.65355580646789,169410200
2020-12-01,119.24053955078125,119.9692749139944,116.60737666127397,117.57902381222483,127728200
2020-12-02,119.59033203125,119.87211059203429,117.46242241782213,118.56038101970898,89004200
2020-12-03,119.45430755615234,120.270487635051,118.74500184780301,120.01785729073868,78967600
2020-12-04,118.78386688232422,119.37657225081612,118.07456118438024,119.12394191020984,78260400
2020-12-07,120.2413330078125,121.038083362331,118.7838623046875,118.84215876062711,86712000
2020-12-08,120.85347747802734,121.43647173529656,119.60005168582639,120.84376634333147,82225500
2020-12-09,118.32719421386719,122.37896123763355,117.56931058790569,120.99922399995596,115089200
2020-12-10,119.74579620361328,120.35793867044406,116.74340998030307,117.0834850101648,81312200
2020-12-11,118.93933868408203,119.27941372539408,117.13207427816091,118.95876836655133,86939800
2020-12-14,118.32719421386719,119.85268001340195,118.0940009627436,119.12394461719592,79184500
2020-12-15,124.25422668457031,124.27366377761385,120.61055011219938,120.81459511068267,157243700
2020-12-16,124.18621826171875,124.73033828648967,122.97165933994127,123.79756533721344,98208600
2020-12-17,125.05097961425781,125.90603381216341,124.40968896582861,125.24530607028412,94359800
2020-12-18,123.0688247680664,125.43964605507787,122.5441344465272,125.30361605465058,192541500
2020-12-21,124.59429168701172,124.67202522679207,119.94982017477122,121.47530568083864,121251600
2020-12-22,128.14083862304688,130.5991048748753,125.97405467288996,127.87848972538272,168904800
2020-12-23,127.24691009521484,128.67521768491736,127.07200590849821,128.4128836440795,88223700
2020-12-24,128.22825622558594,129.67601559807733,127.38292807699283,127.59669160383469,54930100
2020-12-28,132.814453125,133.44601785068772,129.72460743607215,130.1910087492954,124486200
2020-12-29,131.04605102539062,134.8549062093824,130.53107920371312,134.13589678161503,121047300
2020-12-30,129.9286651611328,132.13430846309575,129.61773093964035,131.73592955161843,96452100
2020-12-31,128.92784118652344,130.9197204767935,127.98534242224186,130.27842990655225,99116600
2021-01-04,125.74083709716797,129.82175137838865,123.1659711614339,129.73430670995643,143301900
2021-01-05,127.2955093383789,128.0048225528177,124.78865748776747,125.23562177595956,97664900
2021-01-06,123.01052856445312,127.33436285992687,122.79676500387103,124.09877604874403,155088000
2021-01-07,127.20805358886719,127.89792964576662,124.23481543686934,124.720639051932,109578200
2021-01-08,128.3059844970703,128.86954151504634,126.53757990692247,128.67520026141898,105158200
2021-01-11,125.32302856445312,126.47929089114106,124.85664214589357,125.5270809622862,100384500
2021-01-12,125.14816284179688,126.01292826031991,123.26316489383075,124.85666571536174,91951100
2021-01-13,127.1788558959961,127.722975761063,124.84690938109378,125.1092433563661,88636800
2021-01-14,125.25502014160156,127.2857588427231,125.10926419379747,127.09143240514113,90221800
2021-01-15,123.53521728515625,126.52789226757409,123.39918727805356,125.12871800814145,111598500
2021-01-19,124.20561981201172,125.06067379262403,123.34085470022134,124.15703450381248,90757300
2021-01-20,128.2865753173828,128.7335395413519,124.90524730001776,125.01212908230433,104319500
2021-01-21,132.98931884765625,135.70993338633443,129.80231790485385,130.00637029637122,120150900
2021-01-22,135.12693786621094,135.88482124174027,131.1917650617903,132.41603478545585,114459400
2021-01-25,138.86782836914062,140.97630120112478,132.66871393860882,139.013584357772,157611700
2021-01-26,139.1009979248047,140.20867499016745,137.36174136904043,139.52852500725305,98390600
2021-01-27,138.0321807861328,140.20867556656404,136.4289690465183,139.36333253146313,140843800
2021-01-28,133.20309448242188,137.96417406452278,132.82415271471342,135.5642045936499,142621100
2021-01-29,128.2185516357422,132.86302336292994,126.51816929301403,131.9788209864335,177523800
2021-02-01,130.33673095703125,131.54157860190338,127.21773749244758,129.9577892114423,106239800
2021-02-02,131.16270446777344,132.44527148853356,130.7934736646591,131.88171414605128,83305400
2021-02-03,130.14239501953125,131.92051071941538,129.82174974648763,131.91078476116337,89880900
2021-02-04,133.49459838867188,133.5043095225396,130.7739834636992,132.43550657690793,84183100
2021-02-05,133.0810089111328,133.72325779067754,132.20522578325316,133.65514858435046,75693800
2021-02-08,133.22698974609375,133.27564766652046,131.29051736028654,132.37065786118401,71297200
2021-02-09,132.3511505126953,134.17085520152048,132.19546600344356,132.9447413211224,76774200
2021-02-10,131.74790954589844,133.30487431692404,130.78453592339073,132.80858418639744,73046600
2021-02-11,131.494873046875,132.72097244544923,130.17145780866096,132.24414858851415,64280000
2021-02-12,131.72840881347656,131.88410821935858,130.0936095966532,130.73585850968206,60145100
2021-02-16,129.60708618164062,132.35121823326722,129.21783758857316,131.8452173347529,80576300
2021-02-17,127.32025146484375,128.66313264506522,125.98711077615506,127.71922556162117,97918500
2021-02-18,126.220703125,126.50289535830979,123.9825720066899,125.72441303259558,96856700
2021-02-19,126.37635040283203,127.1937647700894,125.3351422926217,126.73640709556466,87668800
2021-02-22,122.61045837402344,126.23038738054991,122.22121733879867,124.56638176936013,103916400
2021-02-23,122.47425842285156,123.30139120748287,115.2052066551197,120.43075171253977,158273000
2021-02-24,121.97795104980469,122.18230093698557,118.94188709836797,121.57898434363891,111039900
2021-02-25,117.7352523803711,123.05810538980377,117.29736077604736,121.32599026278942,148199500
2021-02-26,117.99798583984375,121.49140765726709,117.93959485190196,119.29220185674814,164560400
2021-03-01,124.35232543945312,124.48855870917815,119.48683030882653,120.42100448300808,116307900
2021-03-02,121.754150390625,125.25730532990295,121.64710890595583,124.95564701355688,102260900
2021-03-03,118.77647399902344,122.32828720569532,118.56239100874602,121.45249652917722,112966300
2021-03-04,116.89839172363281,120.27504677444026,115.4290174341431,118.47481493176636,178155000
2021-03-05,118.15367889404297,118.65969453198089,114.40724922583529,117.72552038212189,153766600
2021-03-08,113.22980499267578,117.74498394850409,113.08383865170997,117.67686731260757,154376600
2021-03-09,117.83256530761719,118.77647261328785,115.59444185391254,115.8279835568737,129525800
2021-03-10,116.7524185180664,118.88350022910564,116.23666982400522,118.4164168777091,111943300
2021-03-11,118.67916870117188,119.89554261056912,117.99800228157227,119.24356797692991,103026500
2021-03-12,117.774169921875,117.91040318694742,115.95447955662657,117.16112022904915,88105100
2021-03-15,120.65453338623047,120.66426645422422,117.18057052802266,118.14394380720245,92403800
2021-03-16,122.19204711914062,123.79766203262986,121.36491441345117,122.31854732264155,115227900
2021-03-17,121.40381622314453,122.47422348758266,119.0489113323945,120.71291692133306,111932600
2021-03-18,117.28762817382812,119.86634216018179,117.08327826271949,119.57440947336566,121229700
2021-03-19,116.76215362548828,118.16341864155612,116.46049529392347,116.67457827406234,185549500
2021-03-22,120.07067108154297,120.53776181396455,117.02487423771213,117.09299086284075,111912300
2021-03-23,119.24354553222656,120.89781076796868,118.8543044696532,120.01229458916613,95467100
2021-03-24,116.85946655273438,119.5938800533793,116.8400078374971,119.51603034411634,88530500
2021-03-25,117.34600067138672,118.3872236915313,115.7987768800299,116.32425121223295,98844700
2021-03-26,117.94933319091797,118.21207408800578,115.72093550893463,117.11246742653448,94071200
2021-03-29,118.12450408935547,119.28249444245718,117.48226251708941,118.37751194468804,80819200
2021-03-30,116.67456817626953,117.16111766205535,115.66254435493632,116.87891806940085,85671900
2021-03-31,118.8640365600586,120.19717735139929,117.89093762370798,118.37748709188328,118323800
2021-04-01,119.6911849975586,120.8394421912494,119.19490239563412,120.33343394406754,75089100
2021-04-05,122.51316833496094,122.7661761594041,119.75929632134557,120.53777850848313,88651200
2021-04-06,122.81482696533203,123.71007628588559,122.26989388745704,123.09702657327624,80171300
2021-04-07,124.45938110351562,124.47883981962588,121.77362540670963,122.44506618695044,83466700
2021-04-08,126.85320281982422,126.88239460577601,125.06270398931379,125.48112948683244,88844600
2021-04-09,129.4221649169922,129.4610823431084,125.987126690143,126.3082511367721,106686700
2021-04-12,127.70954132080078,129.27623158953074,127.1159502289636,128.95510707935833,91420000
2021-04-13,130.81373596191406,131.0375594988716,128.3809876339905,128.87727779581004,91266500
2021-04-14,128.478271484375,131.36837696548068,128.1182295730411,131.3099933958929,87222800
2021-04-15,130.88185119628906,131.36840082898902,130.04498523411246,130.220150823009,89347100
2021-04-16,130.5509796142578,131.04725481288563,129.69464764958488,130.68721289515452,84922400
2021-04-19,131.212646484375,131.82570351653897,129.75299819698287,129.91842322109008,94264200
2021-04-20,129.52920532226562,131.88410306298763,128.26417368348118,131.38782793049364,94812300
2021-04-21,129.90875244140625,130.15202725871225,127.76793701877672,128.79941986842354,68847100
2021-04-22,128.3907012939453,130.54124205126504,127.87495994409139,129.46110142550572,84566500
2021-04-23,130.7066650390625,131.4851323617936,128.60476763173878,128.60476763173878,78657500
2021-04-26,131.09588623046875,131.42673629598994,129.96708793224363,131.20292770440926,66905100
2021-04-27,130.77481079101562,131.76737620766062,130.50234418226077,131.37812758921328,66015800
2021-04-28,129.98655700683594,131.38782184344353,129.50000754125335,130.69691506905932,107760100
2021-04-29,129.8892364501953,133.38267277073504,128.88694577541443,132.79880749394718,151101000
2021-04-30,127.92362213134766,129.96712145874997,127.5441140528076,128.23500614148355,109839500
2021-05-03,128.97454833984375,130.46340362512916,128.28365629304724,128.48799878924353,75135100
2021-05-04,124.41072845458984,127.9528162936493,123.2916629147694,127.66088357051092,137564700
2021-05-05,124.65399169921875,126.94076551104096,124.5274840738415,125.72439172337612,84000900
2021-05-06,126.24989318847656,126.25961883490083,123.71009630596178,124.44965376287253,78128300
2021-05-07,126.92244720458984,127.94592476658238,126.21086763240989,127.54628780481441,78973300
2021-05-10,123.64728546142578,126.26936319427197,123.60829449035425,126.14265555263232,88071200
2021-05-11,122.73101043701172,123.0819142652862,119.67028275042819,120.38185488141869,126142800
2021-05-12,119.6702880859375,121.4930768252382,119.16342036759427,120.28438654552215,112172300
2021-05-13,121.81475067138672,122.96495825371117,121.12267768901388,121.43459801116457,105861300
2021-05-14,124.23212432861328,124.66101753625983,122.67252280548946,123.06242504546209,81918000
2021-05-17,123.08192443847656,123.72526428981506,122.00969878967952,123.61804098125864,74244600
2021-05-18,121.6977767944336,123.78374532662899,121.62954445690447,123.36460169987382,63342900
2021-05-19,121.54181671142578,121.76600548369002,119.75801895076617,120.050447495282,92612000
2021-05-20,124.09564208984375,124.49529387434113,121.94144162904036,122.06816411523008,76857100
2021-05-21,122.26313018798828,124.76824225453443,122.04868358173061,124.59278661639331,79295400
2021-05-24,123.8909683227539,124.70976380781524,122.76025995557121,122.82849229292907,63092900
2021-05-25,123.6960220336914,125.08017543327662,123.1306641265909,124.59279202902988,72009500
2021-05-26,123.64728546142578,124.17365241574042,123.228141818366,123.75450877268065,56575900
2021-05-27,122.11691284179688,124.41732784538095,121.92196544288971,123.24762857840483,94625600
2021-05-28,121.46382904052734,122.6237861257757,121.40534630909178,122.3995899273286,71311100
2021-06-01,121.14217376708984,122.18515807859856,120.81076166659518,121.92197831860382,67637100
2021-06-02,121.90245819091797,122.07791381305455,120.91796422365286,121.14215297391479,59278900
2021-06-03,120.42083740234375,121.69775987143738,120.02118559755706,121.5320538514475,76229200
2021-06-04,122.71150970458984,122.97469686847107,120.72301503974921,120.93746163646239,75169300
2021-06-07,122.72126770019531,123.1306617200527,121.67828344764422,122.98444744531308,71057600
2021-06-08,123.5400390625,125.21662075817993,123.02342180669262,123.40357440763638,74403800
2021-06-09,123.92021942138672,124.52456834027448,123.32562010482052,123.99820136642403,56877900
2021-06-10,122.92596435546875,124.95345011953233,122.76025831506651,123.81298472926724,71186400
2021-06-11,124.13465881347656,124.22239035571975,122.91621888119515,123.33536251537065,53522400
2021-06-14,127.18563842773438,127.24412116871932,123.86173793219395,124.59280194157657,96906500
2021-06-15,126.36682891845703,127.30259723643738,126.12314095657528,126.6592574474217,62746300
2021-06-16,126.86396789550781,127.58528973592168,125.21664949570912,127.07841452715692,91815000
2021-06-17,128.46253967285156,129.20336059736883,126.37657131032402,126.52279301183641,96721700
2021-06-18,127.16615295410156,128.18963065921508,126.95170632339287,127.40984095504005,108953300
2021-06-21,128.95968627929688,129.06690958900398,125.9477063159808,127.01018237446559,79663300
2021-06-22,130.5972442626953,130.6947253937975,128.29682937988724,128.79396232556323,74783600
2021-06-23,130.32432556152344,130.92868185123652,129.8661909803765,130.39256533356104,60214200
2021-06-24,130.0416259765625,131.240566385548,129.57373445842103,131.05536118547494,68711000
2021-06-25,129.7492218017578,130.50952706925113,129.45679326652197,130.09039090512184,70783700
2021-06-28,131.3770751953125,131.8352098315601,129.98318695524438,130.04166969629122,62111300
2021-06-29,132.887939453125,133.04390333984907,130.95793469390316,131.39657011097157,64556100
2021-06-30,133.50205993652344,133.94069542579433,132.4395687976653,132.73199741502498,63261400
2021-07-01,133.80419921875,133.86268195374564,132.3323143115352,133.15111722207564,52485800
2021-07-02,136.42628479003906,136.46526832234767,134.27207651002422,134.41828334809892,78852600
2021-07-06,138.43426513671875,139.53572463895688,136.53350195950557,136.53350195950557,108181800
2021-07-07,140.91989135742188,141.23180423568894,139.0581116318865,139.91588320227135,104911600
2021-07-08,139.62347412109375,140.42276298269945,137.11835448019005,138.0053823208354,105575500
2021-07-09,141.44622802734375,141.97258743167365,139.04833216120844,139.1458132863032,99890800
2021-07-12,140.85166931152344,142.62572515772004,140.36429329314447,142.51850183873523,76299700
2021-07-13,141.96290588378906,143.73696197798483,140.0036593704911,140.39355429028427,100827100
2021-07-14,145.38426208496094,145.79367103404422,143.95137538377713,144.36078433286042,127050800
2021-07-15,144.73114013671875,146.21276700697837,143.37623575739534,145.47196100861444,106820300
2021-07-16,142.69393920898438,145.97884856339024,142.1968210625346,144.7116829108476,93251400
2021-07-19,138.85340881347656,140.43251704679776,138.0931035014654,140.12058929133983,121434600
2021-07-20,142.4600067138672,143.38603306380864,139.35056015600642,139.83793618290784,96350000
2021-07-21,141.7289581298828,142.44053791570667,140.97840967554887,141.8556806702285,74993500
2021-07-22,143.09356689453125,144.45821346206498,142.1285572602189,142.25527975346566,77338200
2021-07-23,144.8091278076172,144.96509166825837,143.210535419876,143.82463382519293,71447400
2021-07-26,145.22824096679688,146.04702871142854,143.97080311926462,144.52641865039016,72434100
2021-07-27,143.06431579589844,145.44271240050767,141.8751174935938,145.35497344078965,104818600
2021-07-28,141.3195037841797,143.25926511063363,138.9411071473103,141.1537977724019,118931200
2021-07-29,141.96290588378906,142.84993393088695,140.9296709601532,141.03689429412697,56699500
2021-07-30,142.17735290527344,142.63548761761535,140.4715365982456,140.7347238502062,70440600
2021-08-02,141.8458709716797,143.23975875771586,141.58268384916155,142.6646588267022,62880000
2021-08-03,143.63941955566406,144.30224361135603,141.51445299043982,142.12855135709023,64786600
2021-08-04,143.2397918701172,144.058579914417,142.58670986762564,143.5517196242508,56368300
2021-08-05,143.3469696044922,144.10727467156428,142.4794412652161,143.26898769075027,46397700
2021-08-06,142.6636505126953,143.6105775396916,142.16578765248929,142.86866162914254,54126800
2021-08-09,142.6148681640625,143.21035833317768,142.05843483321482,142.72225212556916,48908700
2021-08-10,142.13650512695312,144.19631350606738,141.84363848192044,142.9565198163916,69023100
2021-08-11,142.3903350830078,143.2298783064216,142.06818321748432,142.57581781429272,48493500
2021-08-12,145.3482666015625,145.50446416374155,142.37081574173467,142.71249604702388,72282600
2021-08-13,145.55323791503906,145.88514647193662,144.74298004086066,145.4263255685366,59375000
2021-08-16,147.52520751953125,147.59354953492934,142.98582599022765,145.00657783567002,103296000
2021-08-17,146.6173553466797,148.07190241442922,145.54351565601462,146.65639729187643,92229700
2021-08-18,142.87843322753906,147.134719463398,142.67342208980006,146.23660593235846,86326000
2021-08-19,143.2103729248047,144.47945217305653,141.06270837166667,141.5800998127829,86960300
2021-08-20,144.66490173339844,144.9675251601663,143.28843882859866,143.9327425154178,60549600
2021-08-23,146.14871215820312,146.61728977008812,144.37199908209297,144.78200635446908,60131800
2021-08-24,146.06088256835938,147.27139120779157,145.60206158624175,145.89492826143862,48606400
2021-08-25,144.83090209960938,146.74428535198763,144.28422542630764,146.2464073920847,58991300
2021-08-26,144.03038024902344,145.5727977281921,144.00109506679658,144.82112485660906,48597200
2021-08-27,145.0651397705078,145.21156564308194,143.33723999505236,143.97177197062845,55802400
2021-08-30,149.4776153564453,149.83882401907485,145.07490345956626,145.45562564226032,90956700
2021-08-31,148.2183074951172,149.16523456794167,147.69114453920625,149.02856544896787,86453100
2021-09-01,148.8821258544922,151.293371319359,148.71617155840954,149.1945209265185,80313700
2021-09-02,149.9950408935547,151.03959539227287,148.7747752992504,150.20980882981786,71115500
2021-09-03,150.62954711914062,150.9516989362315,149.44832378980732,150.10238418360416,57808700
2021-09-07,152.9627227783203,153.51915609845358,150.71743128739138,151.28363626481305,82278300
2021-09-08,151.4202880859375,153.30437064554417,150.31716343749,153.24580029178898,74420200
2021-09-09,150.40504455566406,152.39651120399355,150.28788894400816,151.79126431107525,57305700
2021-09-10,145.4263458251953,151.78148246152148,145.16276433644302,151.3129047338198,140893200
2021-09-13,145.9925537109375,147.81806596111582,145.21158088499752,147.04686479158386,102404300
2021-09-14,144.5966033935547,147.47644243735672,143.41539450679298,146.7735681841506,109296300
2021-09-15,145.48492431640625,145.8851749521173,142.88819590848047,145.02610332343372,83281300
2021-09-16,145.25064086914062,145.42636685232276,143.71799510025087,144.90897545621797,68034100
2021-09-17,142.5855712890625,145.27992686740734,142.29270460935308,145.27992686740734,129868800
2021-09-20,139.53981018066406,141.39460787991925,137.909537174392,140.37935348466607,123478900
2021-09-21,140.0181427001953,141.16032435989862,139.38361057442205,140.50624891873463,75834000
2021-09-22,142.3805694580078,142.94675948187773,140.28170408222925,141.01386330488788,76404300
2021-09-23,143.33729553222656,143.58134867828787,142.17560017364323,143.16156952123504,64838200
2021-09-24,143.4250946044922,143.96201429353556,142.09744541695585,142.19507259526048,53477900
2021-09-27,141.91197204589844,142.48794860245857,140.39885495340664,142.00959923062172,74150700
2021-09-28,138.53428649902344,141.30672576458994,138.31951860844126,139.84240736288436,108972300
2021-09-29,139.432373046875,141.01383184837374,138.6514004044236,139.0809361025626,74602000
2021-09-30,138.1340789794922,140.94557595435964,137.91931102192194,140.2427017106428,89056700
2021-10-01,139.2566680908203,139.5202495626883,135.80088336468526,138.52450892126643,94639600
2021-10-04,135.83018493652344,138.82716398233575,134.98088496397907,138.38785651091933,98322000
2021-10-05,137.75331115722656,138.8564357660988,136.04493972017434,136.17185207930245,80861100
2021-10-06,138.6221466064453,138.76857249312508,135.07849119061893,136.15233067899587,83221100
2021-10-07,139.88145446777344,140.7893396562003,139.32502120039112,139.65692980871162,61732700
2021-10-08,139.500732421875,140.7502829805711,139.16882381318146,140.60385709315267,58773200
2021-10-11,139.41285705566406,141.36528138783962,138.43664488957629,138.8857090401355,64452200
2021-10-12,138.14378356933594,139.84239816609858,137.68496264197734,139.82286975119803,73035900
2021-10-13,137.55809020996094,138.03642474342516,135.88876048394778,137.88024208325538,78762700
2021-10-14,140.3402557373047,140.45741132647578,138.14377836199483,138.72951162040368,69907100
2021-10-15,141.3946075439453,141.45317790755652,140.09624319922384,140.35006796929892,67940300
2021-10-18,143.0638885498047,143.3469835092285,139.75453007307178,140.03762503249558,85589200
2021-10-19,145.22134399414062,145.62159463310732,143.06392303976392,143.51297237963328,76378900
2021-10-20,145.70947265625,146.1878221446277,144.59659100003023,145.16279603857302,58418800
2021-10-21,145.92425537109375,146.0804529621916,144.35255248824924,145.27019471617143,61421000
2021-10-22,145.15301513671875,146.6075619891813,145.1042015405824,146.12922747617256,58883400
2021-10-25,145.1042022705078,145.8168331110648,144.10846150842693,145.14324421012236,50720600
2021-10-26,145.76803588867188,147.2518679421637,145.46539754636262,145.77779264971988,60893400
2021-10-27,145.30921936035156,146.16827612937263,144.9577823061733,145.80708231384622,56094900
2021-10-28,148.9407196044922,149.52643805425132,146.1585085567286,146.256135746264,100077900
2021-10-29,146.2366180419922,146.373287179863,142.92725865743117,143.7179883048137,124953200
2021-11-01,145.41661071777344,146.13899838558393,144.2842007193759,145.44589589912687,74588300
2021-11-02,146.45140075683594,147.96453308347574,145.113979527006,145.12375118515345,69122000
2021-11-03,147.88641357421875,148.35499132920407,146.25614074482093,146.81257403590004,54511500
2021-11-04,147.36900329589844,148.80402155525002,147.05660823548425,147.97425010568048,60394600
2021-11-05,147.8968963623047,148.79632044310813,146.70417825312853,148.49325541689277,65463900
2021-11-08,147.07571411132812,148.18044870579655,146.80197694204415,148.02402320404659,55020900
2021-11-09,147.4374237060547,148.04355383183062,146.7041960051751,146.84106457930375,56787900
2021-11-10,144.61207580566406,146.7726603269792,144.54364896685252,146.66511965093986,65187100
2021-11-11,144.56317138671875,146.0882826457482,144.37741797894228,145.6288070022433,41000000
2021-11-12,146.63577270507812,147.03659252052734,144.18189439318962,145.11064651980587,63804000
2021-11-15,146.64552307128906,148.48348506739984,146.08826292319225,147.00724392124764,59222800
2021-11-16,147.6231689453125,148.10221638704422,146.00028814358132,146.5868762388628,59256200
2021-11-17,150.05752563476562,151.53375230300938,147.61343285568483,147.6232038564801,88807000
2021-11-18,154.3395538330078,155.12166644396783,149.62735108476016,150.27259510761894,137827700
2021-11-19,156.9596405029297,157.41913113659675,153.02953515610952,154.12448394226502,117305600
2021-11-22,157.4191436767578,161.99447854129045,157.3995867561447,158.06437288139423,117467900
2021-11-23,157.80044555664062,158.18172351994562,155.50299185623751,157.51692237613375,96041900
2021-11-24,158.31857299804688,158.5140974575523,156.07000441983408,157.1551823252834,69463600
2021-11-26,153.3032989501953,156.8618980401627,152.86336515925657,156.00158738073347,76959800
2021-11-29,156.65655517578125,157.58530732404222,155.23896961955737,155.8060008585356,88748200
2021-11-30,161.60342407226562,161.8185054389282,156.34373142534065,156.41217318635103,174048100
2021-12-01,161.08526611328125,166.49159798116264,160.85062784337472,163.7346542506034,152052500
2021-12-02,160.09780883789062,160.52797144851237,154.27110143280012,155.190082479573,136739200
2021-12-03,158.2207794189453,161.27101721338744,156.14819360952984,160.35203598315746,118023100
2021-12-06,161.62295532226562,164.12570364495514,160.60620449270007,160.61597549233863,107497000
2021-12-07,167.3519287109375,167.74299254141582,164.57544264356054,165.2988995417756,120405400
2021-12-08,171.16468811035156,172.02501344578044,166.8826332677211,168.280661937793,116998900
2021-12-09,170.6563262939453,172.79735388590385,170.03063915946248,170.9985052389604,108923700
2021-12-10,175.43698120117188,175.61296364291238,170.78343380069845,171.29180928871014,115402700
2021-12-13,171.80995178222656,178.05705234389498,171.60464142456377,177.06962931153166,153237000
2021-12-14,170.43148803710938,173.76523433574428,168.3589020297747,171.33091243496327,139380400
2021-12-15,175.29031372070312,175.48583813344078,168.45662585148168,171.1940123824784,131063300
2021-12-16,168.40774536132812,177.08916675225177,166.9315188519041,175.27076132354634,150185800
2021-12-17,167.3128204345703,169.59071677301714,165.89524955752734,166.12987292514003,195432700
2021-12-20,165.95388793945312,166.76532847471316,163.71510567618958,164.51676029378936,107499100
2021-12-21,169.12144470214844,169.3267401361631,165.3379790393109,167.72341591348743,91185900
2021-12-22,171.7122039794922,171.92728536537462,168.30024464668514,169.1703411922784,92135300
2021-12-23,172.33786010742188,172.89512039322665,171.35045204505695,171.9174833311616,68356600
2021-12-27,176.29725646972656,176.38524020677164,173.11016568158362,173.1297076781128,74919600
2021-12-28,175.28057861328125,177.27496698697752,174.537579662478,176.13113317745794,79144300
2021-12-29,175.36851501464844,176.59056116138325,174.15623986676752,175.31963018526795,62348900
2021-12-30,174.21493530273438,176.53194546765312,174.10739462067014,175.45653864701075,59773000
2021-12-31,173.5990447998047,175.22191121478994,173.2959647369927,174.10740540326523,64062300
2022-01-03,177.939697265625,178.7902515625947,173.73587028238754,173.85318194367048,104487900
2022-01-04,175.6813507080078,178.84889968411812,175.1143195069881,178.5458346271631,99310400
2022-01-05,171.00830078125,176.1408961877194,170.73456355297643,175.59342173117227,94537600
2022-01-06,168.15359497070312,171.37980064842037,167.80164498917833,168.83793801323478,96904000
2022-01-07,168.31976318359375,170.2457092977057,167.2052575825263,169.0236630282213,86709100
2022-01-10,168.33934020996094,168.64240533418686,164.40923476090865,165.29888813158135,106765600
2022-01-11,171.16468811035156,171.26244286002324,166.99995985190662,168.46641535499305,76138300
2022-01-12,171.60464477539062,173.21774007794218,170.91053076473975,172.18144710369126,74805200
2022-01-13,168.33934020996094,172.6702655459411,167.94827640647682,171.84905393496265,84505800
2022-01-14,169.19961547851562,169.89372928280528,167.26388378987963,167.50829300048528,80440800
2022-01-18,166.00279235839844,168.68150862321704,165.62151446360372,167.6745435442064,90956700
2022-01-19,162.5126190185547,167.25416515581253,162.22911080921511,166.19831524532339,94815000
2022-01-20,160.8310546875,165.8854360990158,160.50843269303434,163.24581922868165,91420500
2022-01-21,158.77806091308594,162.61039693927614,158.6705202245997,160.74310631081485,122848900
2022-01-24,158.00572204589844,158.67052310978175,151.24047430258736,156.44151145113545,162294600
2022-01-25,156.20681762695312,159.12017131763488,153.50854524070638,155.42470514878522,115798400
2022-01-26,156.118896484375,160.71378862428045,154.2907195812304,159.84369205931444,108275300
2022-01-27,155.6593475341797,160.1760252131081,154.7403664665498,158.81711052646853,121954600
2022-01-28,166.5209197998047,166.5404767176366,159.1593140383979,162.0042414218655,179935700
2022-01-31,170.87139892578125,171.0864802658057,165.71924760028926,166.3547206203823,115541600
2022-02-01,170.70521545410156,170.93006781127377,168.45664712970438,170.1186272242385,86213900
2022-02-02,171.90769958496094,171.94681342176997,169.45383589849953,170.84207875406224,84914300
2022-02-03,169.033447265625,172.29876649074853,168.27089152715305,170.57811566132818,89418100
2022-02-04,168.74957275390625,170.42346859121156,167.0756769166009,168.05455952783922,82465400
2022-02-07,168.0349884033203,170.27662295458384,167.3399751947351,169.20964451994723,77251200
2022-02-08,171.13809204101562,171.64711530996314,167.80988135828758,168.10354920331756,74829200
2022-02-09,172.55743408203125,172.91961588647231,171.20657123174874,172.3322952525055,71285000
2022-02-10,168.4852752685547,171.7743215374217,167.92731993059743,170.4626223841964,90865900
2022-02-11,165.07876586914062,169.42500712943504,164.49143031742815,168.6908451580762,98670700
2022-02-14,165.313720703125,165.9989356288058,163.04270559336564,163.83559821712237,86185500
2022-02-15,169.14112854003906,169.29775335068365,166.65477315145358,167.35956986279012,62527400
2022-02-16,168.9062042236328,169.67951494494773,166.45899759893967,168.2209893560315,61177400
2022-02-17,165.313720703125,168.2797341887302,164.91237519788157,167.41831260412283,69589300
2022-02-18,163.76708984375,166.93866044821442,162.68052937533312,166.23387859788448,82772700
2022-02-22,160.85000610351562,163.16995323151656,158.72581758393332,161.49605730830203,91162800
2022-02-23,156.68975830078125,162.6413518716535,156.37650867254357,162.04423283731927,90009200
2022-02-24,159.30335998535156,159.4110376690062,148.79015546543386,149.35790916683425,141147500
2022-02-25,161.36880493164062,161.6330924831591,157.47284137265066,160.38012393186045,91974200
2022-02-28,161.63307189941406,161.92673963359974,158.9998756125995,159.6165763607333,95056600
2022-03-01,159.75367736816406,163.08188800417662,158.54965565066482,161.2220016361372,83474400
2022-03-02,163.0426788330078,163.82578787806702,159.50891214996344,160.91850544375748,79724800
2022-03-03,162.71966552734375,165.34307890598984,162.0540324670775,164.91236813214016,76678400
2022-03-04,159.72425842285156,162.05400359179123,158.67686189722227,161.01639051416453,83737200
2022-03-07,155.93600463867188,161.53521443024337,155.68148559760553,159.91026569329455,96418800
2022-03-08,154.11526489257812,159.4403881412621,152.50989817230385,155.4661275372027,131148300
2022-03-09,159.50892639160156,159.95921898709753,156.04368834876885,158.06996768709067,91454900
2022-03-10,155.17250061035156,157.00300660733848,152.6861300144377,156.81701649151432,105342000
2022-03-11,151.4625244140625,155.9164439341305,151.23738556277695,155.57382899544626,96970100
2022-03-14,147.43930053710938,150.86538982544317,146.9302923114544,148.25177493215907,108732100
2022-03-15,151.81491088867188,152.28478532825997,147.20438184151632,147.713390079557,92964300
2022-03-16,156.21987915039062,156.6212246232631,151.19822129277074,153.73352378158447,102300200
2022-03-17,157.2281494140625,157.6001296550613,154.3012994227279,155.26060037752023,75615400
2022-03-18,160.51718139648438,161.00662274780382,156.38629519642316,157.1204572234023,123511700
2022-03-21,161.8876190185547,162.83713639325782,159.56765695852218,160.05709828830467,95811400
2022-03-22,165.25497436523438,165.84229498697943,161.42753966012307,162.01486028186812,81532000
2022-03-23,166.61558532714844,168.99426246742138,164.1096337544523,164.44246513312697,98062700
2022-03-24,170.39410400390625,170.46261801995993,166.61561651162776,167.44765777264146,90131400
2022-03-25,171.0303497314453,171.5785215356228,169.10195003253148,170.2080920251791,80546200
2022-03-28,171.89178466796875,172.019029244763,168.36780145361686,168.53420969754978,90371900
2022-03-29,175.1808319091797,175.22976408859992,172.61614940998814,172.95876428530602,100589400
2022-03-30,174.01597595214844,175.81711647524634,172.96856432856262,174.77950323773482,92633200
2022-03-31,170.92269897460938,174.27047582290578,170.7171270473916,174.08448573079536,103049300
2022-04-01,170.62905883789062,171.18702920461877,168.3091113767006,170.35497284823808,78751300
2022-04-04,174.67184448242188,174.720791608407,170.75631338866327,170.88357292891146,76468400
2022-04-05,171.36322021484375,174.53480585728352,170.7367358216346,173.75169663163055,73401800
2022-04-06,168.20140075683594,169.963392443072,166.5373033062765,168.72020734548278,89058800
2022-04-07,168.5048370361328,169.69907490999924,166.2632026288955,167.5455363451221,77594700
2022-04-08,166.4981689453125,168.15248323813117,165.6269638660641,168.15248323813117,76575500
2022-04-11,162.2498016357422,165.4605355802755,162.00508096962494,165.14730089465874,72246700
2022-04-12,164.1194610595703,166.28278325109693,163.1209966207163,164.47185939466212,79265200
2022-04-13,166.80160522460938,167.42808955183875,163.24827119923606,163.85517369033073,70618900
2022-04-14,161.79949951171875,167.65322825491936,161.55477886000992,167.01694559853848,75329400
2022-04-18,161.58416748046875,163.08185675186522,160.11584349387897,160.45844346214486,69023900
2022-04-19,163.8649444580078,164.2760883021938,160.44865367684753,161.53521398147984,67723800
2022-04-20,163.69857788085938,165.31374357546795,162.59245039656437,165.1962674744082,67929800
2022-04-21,162.90565490722656,167.90774603308134,162.4064301142371,165.34307817395856,87227800
2022-04-22,158.37339782714844,164.32500539707067,158.08952846576778,162.9447923826861,84882400
2022-04-25,159.4403839111328,159.72425325965065,155.11372512050855,157.71754117840766,96046400
2022-04-26,153.48878479003906,158.91178747297153,153.41047239469103,158.8236916294158,95623200
2022-04-27,153.26364135742188,156.4156292897006,152.09876878373368,152.61757531774515,88063200
2022-04-28,160.1843719482422,161.04579354437072,155.57382764277364,155.88707729102597,130216800
2022-04-29,154.32086181640625,162.6903124384376,153.9293146853147,158.42238298865084,131747600
2022-05-02,154.6243133544922,154.88860092145774,150.0333512355366,153.4007100151784,123055300
2022-05-03,156.11221313476562,157.31624964341847,153.01895506893698,154.81029731534235,88966500
2022-05-04,162.5141143798828,162.96439206944154,155.89685759161674,156.29820309411934,108256500
2022-05-05,153.45944213867188,160.61507214954577,151.67786848905013,160.38993331507154,130525300
2022-05-06,154.18484497070312,156.30234136161945,151.14584468974874,152.9398334410661,116124600
2022-05-09,149.06759643554688,152.76341048572758,148.50882129057032,151.8811126841976,131577900
2022-05-10,151.46937561035156,153.65550196924158,149.92046680625165,152.45950928453797,115366700
2022-05-11,143.61705017089844,152.39092157530175,142.9406261760487,150.47929830193112,142689800
2022-05-12,139.75454711914062,143.32291464808353,136.06854586723028,139.9604210928437,182602000
2022-05-13,144.2150115966797,145.18553469561974,140.2937279042498,141.74459868206603,113990900
2022-05-16,142.6759033203125,144.616949555646,141.34266624082053,142.68571610317943,86643800
2022-05-17,146.3031005859375,146.8226694807634,143.7934664467187,145.9305738468132,78336300
2022-05-18,138.04879760742188,144.46008977155722,137.14688920750964,143.9601314929513,109742900
2022-05-19,134.64707946777344,138.87226008655338,133.91183880440775,137.12729010884627,136095600
2022-05-20,134.88233947753906,137.93113785871375,130.00034593006458,136.3528207232791,137426100
2022-05-23,140.2937469482422,140.4407891232643,134.9411873997547,135.0784317492794,117726300
2022-05-24,137.59783935546875,139.17615657107172,134.62746828487894,138.03898075989613,104132700
2022-05-25,137.75469970703125,138.99969650386015,135.61759232548434,135.7058176181396,92482700
2022-05-26,140.95053100585938,141.49950829001511,134.44120114221013,134.68628135538745,90601500
2022-05-27,146.6951904296875,146.73439667634008,142.4013809336445,142.5288274126525,90978500
2022-05-31,145.91098022460938,147.69517170019813,143.95033814163904,146.1364648342796,103718400
2022-06-01,145.7835235595703,148.75389460714223,144.7737792988703,146.95009283292427,74286600
2022-06-02,148.23431396484375,148.29313081917098,143.96991252402043,144.920824891666,72348100
2022-06-03,142.51907348632812,145.05810131692076,141.61717995046743,144.0091506541789,88570300
2022-06-06,143.26406860351562,145.64625571792195,142.04846553260185,144.13655344098794,71598400
2022-06-07,145.7835235595703,146.06781003090646,141.26424373812605,141.50932395629872,67808200
2022-06-08,145.04827880859375,146.9206802540853,144.55811838609154,145.6560729457736,53950200
2022-06-09,139.83297729492188,145.0384790561678,139.72514139394366,144.18560463111925,69473000
2022-06-10,134.43138122558594,137.98993516430295,134.3627515970909,137.51938542071767,91437900
2022-06-13,129.28469848632812,132.53935542645704,128.853354985689,130.25520640425938,122207100
2022-06-14,130.1473846435547,131.25515193955982,128.8925752102517,130.51011351307002,84784300
2022-06-15,132.76486206054688,134.63727870714717,129.55922325217023,131.64729675078482,91533000
2022-06-16,127.50053405761719,129.7846835531672,126.50060254968962,129.4807864670593,108123900
2022-06-17,128.97100830078125,130.4611001773296,127.25544681769559,127.51033981148552,134520300
2022-06-21,133.19618225097656,134.36276639582726,130.6963761788774,130.7943992837295,81000500
2022-06-22,132.68643188476562,135.04899374439105,131.27476747959807,132.13743964836019,73409200
2022-06-23,135.54898071289062,135.86267563561398,132.96093402675356,134.1275183400123,72433800
2022-06-24,138.8722381591797,139.1173183416044,137.01943257838917,137.1468641014651,89116800
2022-06-27,138.8722381591797,140.66622688954945,138.19581446232633,139.8917651363233,70207900
2022-06-28,134.7352752685547,140.59758868635495,134.6176415748851,139.3329816038879,67083400
2022-06-29,136.4900665283203,137.90173093297278,133.98044756827542,134.75490940956817,66242400
2022-06-30,134.02944946289062,135.64697266058235,131.13750634293814,134.54901824559195,98964500
2022-07-01,136.19598388671875,136.3038197907336,132.9903451154339,133.36285690870372,71051600
2022-07-05,138.7742462158203,138.82326526029516,134.23535494237336,135.05883599741875,73353800
2022-07-06,140.107421875,141.28380363283725,138.30363551574916,138.5683262727769,74064300
2022-07-07,143.4699249267578,143.66598605387244,140.46033352285502,140.47013134373395,66253700
2022-07-08,144.1464080810547,144.646381415915,142.14655961715215,142.4014377182976,64547800
2022-07-11,142.0190887451172,143.7542609845207,140.95054251842944,142.80334848304327,63141600
2022-07-12,142.9896240234375,145.52865186539117,142.19556639366533,142.89158593841137,77588800
2022-07-13,142.6269073486328,143.56800712971256,139.3232154144063,140.17610485424197,71185600
2022-07-14,145.54824829101562,146.01879814456234,140.4309718883509,141.244640047542,78140700
2022-07-15,147.2147674560547,147.89119117713278,145.28353435270415,146.83244295612025,76259900
2022-07-18,144.17579650878906,148.58724039251226,143.81306761767442,147.77357228115997,81420900
2022-07-19,148.02842712402344,148.25389669881054,144.01891901249385,145.0090375439563,82982400
2022-07-20,150.02830505371094,150.6949310490213,147.41085002655058,148.14609070693865,64823400
2022-07-21,152.29286193847656,152.50853373902038,148.94996398855773,151.45958316742,65086600
2022-07-22,151.05764770507812,153.20455292364784,150.3910366563313,152.33206789895848,66675400
2022-07-25,149.94004821777344,151.98891489270602,149.2832351431614,150.9791857674136,53623900
2022-07-26,148.6166534423828,150.07732200029463,147.83239373585778,149.2636538636445,55138700
2022-07-27,153.70449829101562,154.23387992265205,149.16562296270044,149.57735592146827,78620700
2022-07-28,154.25347900390625,154.53776544520662,151.37133354934207,153.89075014754778,81378700
2022-07-29,159.31192016601562,160.40988958103017,156.36116008489938,158.0669235799792,101786900
2022-08-01,158.33160400390625,160.37067302404677,157.72380990621818,157.84144361325252,67829400
2022-08-02,156.86111450195312,159.21389322725332,156.4886027966237,156.94935473605096,59907000
2022-08-03,162.86068725585938,163.31162641377182,157.5865569548774,157.67478223031586,82507500
2022-08-04,162.54701232910156,163.89986001020398,161.19416464799912,162.74307352499065,55474100
2022-08-05,162.3212127685547,162.81205403488926,160.01425282506756,160.22041274781424,56697000
2022-08-08,161.8500213623047,164.7361708864107,161.19229575323052,163.32254540690658,60276900
2022-08-09,161.8990936279297,162.78261696114208,160.25968547297944,161.0155852740051,63135500
2022-08-10,166.1399688720703,166.23812814464867,163.8428202002786,164.60853143111325,70170500
2022-08-11,165.40371704101562,167.85792369494868,165.10920924668594,166.94495103045548,57149200
2022-08-12,168.9475860595703,169.01629605421468,166.29703098384923,166.70935086886797,68039400
2022-08-15,170.01759338378906,170.21392688656005,168.21130119143814,168.37818541775778,54091700
2022-08-16,169.86056518554688,170.52811724537264,168.51566461022102,169.61514449782814,56377100
2022-08-17,171.35269165039062,172.92337473871223,169.40896440067246,169.6052979143018,79542000
2022-08-18,170.9600372314453,171.69629926083016,169.9489052427666,170.56737014082248,62290100
2022-08-19,168.37818908691406,170.5575254675204,168.1720291679761,169.8605242913159,70346300
2022-08-22,164.5005340576172,166.74858025975374,164.0784028181707,166.58169604206546,69026800
2022-08-23,164.16677856445312,165.6196796113523,163.5974008535258,164.0195321647684,54147100
2022-08-24,164.46128845214844,165.03066617037743,163.2047358944321,164.25514348994625,53841500
2022-08-25,166.91551208496094,167.0234977835924,165.26629230145085,165.68840868200775,51218200
2022-08-26,160.62294006347656,167.9168512892463,160.56404149028532,167.44564772442519,78961000
2022-08-29,158.4239501953125,159.91609703205498,156.89252766433086,158.19815240165843,73314000
2022-08-30,155.9991912841797,159.58232691391927,154.83098655063566,159.1602105704912,77906200
2022-08-31,154.34014892578125,157.6386032608909,154.2616125155062,157.37354474862363,87991100
2022-09-01,155.0666046142578,155.51817026416148,151.836860169279,153.77077627080038,74229900
2022-09-02,152.95596313476562,157.42262194968552,152.13135334781393,156.82379496598037,76957800
2022-09-06,151.69940185546875,154.21250676362826,150.8747921160952,153.60386838160778,73714800
2022-09-07,153.1032257080078,153.80021196934476,150.79626559392008,151.9841081371773,87449600
2022-09-08,151.6306915283203,153.49588236025656,149.88328282837716,151.80738719524012,84923800
2022-09-09,154.48739624023438,154.92916542303703,151.91539245059826,152.62220516793604,68028800
2022-09-12,160.43637084960938,161.2511691580026,156.38203213199495,156.6667134786447,104956000
2022-09-13,151.0220489501953,157.59931943362142,150.56065692569356,156.97104316313002,122656600
2022-09-14,152.46511840820312,154.22233860679495,150.79626102566698,151.95463927472932,87965400
2022-09-15,149.5789794921875,152.3964188629796,148.60712326254628,151.81721471946022,90481100
2022-09-16,147.93954467773438,148.5776472684102,145.65222273370736,148.44021232229758,162278800
2022-09-19,151.65029907226562,151.72883546494634,146.36885773323408,146.57500265714634,81474200
2022-09-20,154.02603149414062,155.18442503374376,150.27601083725375,150.5901415565976,107689800
2022-09-21,150.90423583984375,155.83228620825895,150.78643873263653,154.45792171393398,101696800
2022-09-22,149.9421844482422,151.64049091114813,148.1457037475465,149.588778163199,86652500
2022-09-23,147.6745147705078,148.69547312127722,145.83877299693037,148.4206031759059,96029900
2022-09-26,148.00828552246094,150.95333323742267,146.8989794231201,146.91861726875362,93339400
2022-09-27,148.9801788330078,151.88596656060932,147.20333533190674,149.94223877822546,84442700
2022-09-28,147.0953369140625,147.88068609523327,142.18692325585735,144.93563790031018,146691400
2022-09-29,139.8701171875,144.03245634378814,138.103085707034,143.4238179924611,128138200
2022-09-30,135.6685028076172,140.47875548865403,135.47216932618974,138.69208635531004,124925300
2022-10-03,139.8406982421875,140.44935170481597,135.16789396191245,135.67837316238783,114311700
2022-10-04,143.42379760742188,143.54159469628158,141.6174906956308,142.37339030080975,87830100
2022-10-05,143.71835327148438,144.68041318278895,140.39044924017614,141.43104557154376,79471000
2022-10-06,142.76609802246094,144.83744897574383,142.55995305808347,143.13914221609966,68402200
2022-10-07,137.52391052246094,140.47878470691822,136.8956342636469,139.9290298735793,85925600
2022-10-10,137.8478240966797,139.29089824805226,136.03172086444982,137.8478240966797,74899000
2022-10-11,136.43421936035156,138.76081689569904,135.68814610919395,137.337365394685,77033700
2022-10-12,135.8059844970703,137.78898779453903,135.62928879673916,136.58152223774053,70433700
2022-10-13,140.3708038330078,140.9598044199806,131.90868942611982,132.5173428390662,113224000
2022-10-14,135.84523010253906,141.87276009592642,135.65870802953629,141.66660017858484,88598000
2022-10-17,139.80145263671875,140.282467627112,137.70065202144465,138.48600126569377,85250900
2022-10-18,141.11688232421875,144.0128431743189,138.03439937209953,142.825015544548,99136600
2022-10-19,141.22488403320312,142.2949146585481,138.9081120945048,139.09463421767856,61758300
2022-10-20,140.7634735107422,143.21768011702426,140.0370229627389,140.40025572638473,64522000
2022-10-21,144.57240295410156,145.1417806685085,140.03701908535325,140.25299045906925,86548600
2022-10-24,146.71243286132812,147.47814394112922,143.32563155001017,144.49383601206912,75981900
2022-10-25,149.5495147705078,149.69677613929844,146.62410499116672,147.3407290522299,74732300
2022-10-26,146.61428833007812,149.20592954793565,145.32827166402765,148.19479776463467,88194300
2022-10-27,142.14764404296875,146.31979510961392,141.48991849585923,145.35775035197634,109180200
2022-10-28,152.8872528076172,154.61500878306214,145.11232844918345,145.4853576495381,164762400
2022-10-31,150.53123474121094,151.41475823578028,149.13724698324478,150.3545390298714,97943200
2022-11-01,147.8905029296875,152.60258320946681,146.39835590820144,152.2393653788708,80379300
2022-11-02,142.37342834472656,149.3826416112209,142.34397906464244,146.22162239502856,93604600
2022-11-03,136.3361053466797,140.18429993575015,136.20848179558848,139.4578493069626,97918500
2022-11-04,136.07057189941406,140.28896920604143,132.1373281619349,139.71864706361086,140814800
2022-11-07,136.60157775878906,136.8277351131925,133.40581664759068,134.82178704829124,83374600
2022-11-08,137.17189025878906,139.06967336647747,135.19544046730184,138.06670690734794,89908500
2022-11-09,132.61915588378906,136.23774833279379,132.3438299914245,136.18857977969958,74917800
2022-11-10,144.4188995361328,144.4188995361328,137.171901375878,138.88286812786214,118854000
2022-11-11,147.20164489746094,147.5064688885728,141.96059578034578,143.38640864839942,93979700
2022-11-14,145.80535888671875,147.77198095425382,144.96953850636208,146.48384590068005,73374100
2022-11-15,147.53599548339844,151.02675299903876,146.0806992107757,149.67962155098414,89868300
2022-11-16,146.30685424804688,147.36883205309908,144.83188757505272,146.64119143040293,64218300
2022-11-17,148.20468139648438,148.95199258833983,143.71094152135223,143.98626748699053,80389400
2022-11-18,148.76513671875,150.15160903599656,147.46717380781297,149.76811828911318,74829600
2022-11-21,145.5398712158203,147.8604860232478,145.2547175972566,147.65399909356225,58724100
2022-11-22,147.67367553710938,147.9096756373434,144.47791399161687,145.65789948864827,51804100
2022-11-23,148.54879760742188,149.29610855403772,146.8476588015229,146.95582360996656,58301400
2022-11-25,145.6382293701172,146.39538323134536,144.6647458342524,145.83488861865806,35195900
2022-11-28,141.81314086914062,144.19275214587688,140.98716307142482,142.7177853624681,69246000
2022-11-29,138.8140106201172,142.39326202258005,138.00770341068628,141.8819361067611,83763800
2022-11-30,145.5595245361328,146.23801151936658,138.20436253781247,139.04016787618127,111380900
2022-12-01,145.83486938476562,146.64119170281938,144.16324348642758,145.73654727553216,71250400
2022-12-02,145.34320068359375,145.53003217962117,143.21924526160134,143.52408428382984,65447400
2022-12-05,144.1829071044922,148.4013049961633,143.33725898348703,145.3038811249747,68826400
2022-12-06,140.52496337890625,144.84169760083205,139.5514801929375,144.615540296504,64727200
2022-12-07,138.5878448486328,140.97728320609625,137.6635301739463,139.8169835109002,69721100
2022-12-08,140.2693328857422,141.12482380942538,138.7452125702619,139.98417924727298,62128300
2022-12-09,139.7875213623047,143.14061609699272,138.5485396692002,139.9645101732408,76097000
2022-12-12,142.07859802246094,142.08842573001988,138.70583381716978,140.3184631007223,70462700
2022-12-13,143.04226684570312,147.4671667934874,141.83279839446703,147.00500937638787,93886200
2022-12-14,140.82000732421875,144.2124280542218,138.80421630941913,142.9242927483946,82291200
2022-12-15,134.22198486328125,139.43353745953314,133.7598273780729,138.75505030022137,98931900
2022-12-16,132.2651824951172,135.35277902524194,131.4982009688156,134.4088086870883,160156900
2022-12-19,130.16085815429688,132.94362978303496,129.12839371956332,132.85513540362356,79592600
2022-12-20,130.09201049804688,131.02615267577218,127.72222807567753,129.1971941470746,77432800
2022-12-21,133.1894989013672,134.52680273214906,130.53456166494178,130.7607190395491,85928000
2022-12-22,130.02322387695312,132.31434056379908,128.12544063659777,132.10785363301125,77852100
2022-12-23,129.65939331054688,130.21004508793624,127.47644161865645,128.73507853958517,63814900
2022-12-27,127.85995483398438,129.2169290987198,126.57181955561124,129.18743096288975,69007800
2022-12-28,123.9365234375,128.8432433891337,123.76936236246999,127.505939784758,85438400
2022-12-29,127.44691467285156,128.30239027615264,125.59829305096092,125.85394846005042,75703700
2022-12-30,127.76161193847656,127.78128236285382,125.30334153820444,126.26698977683235,77034200
2023-01-03,122.98271179199219,128.71540946850325,122.09773035328112,128.10576142344397,112117500
2023-01-04,124.25118255615234,126.51280092971427,122.9925456360047,124.77233620258212,89113600
2023-01-05,122.93355560302734,125.63766124201173,122.67790010774006,125.00834271164995,80962700
2023-01-06,127.45677947998047,128.115596113896,122.80572219640975,123.907033324828,87754700
2023-01-09,127.9779281616211,131.18353181246084,127.72227268810083,128.2925949020793,70790800
2023-01-10,128.54823303222656,129.06938662217883,125.9817909176488,128.0860756971166,63896200
2023-01-11,131.26222229003906,131.2818777117784,128.2827904454057,129.05959971999454,69458900
2023-01-12,131.18353271484375,132.0193381171801,129.24640871746402,131.6456901154858,71379600
2023-01-13,132.51100158691406,132.6683349676498,129.46274610687883,129.8265664212103,57809700
2023-01-17,133.67129516601562,134.99875596810472,131.8915047175872,132.5798193932039,63646600
2023-01-18,132.95352172851562,136.296774002363,132.77651790001315,134.5366534532576,69672800
2023-01-19,133.01248168945312,133.97612225756075,131.53751520588366,131.8423392118264,58280400
2023-01-20,135.56907653808594,135.71658218378784,131.97999755468973,133.02230476612493,80223600
2023-01-23,138.75502014160156,140.92814412125819,135.59858513124948,135.81491475833332,81760300
2023-01-24,140.1513214111328,140.77081216801105,137.95854199183503,137.9683697007518,66435100
2023-01-25,139.49252319335938,140.05300275817604,136.49342112366645,138.53871015801215,65799300
2023-01-26,141.55747985839844,141.8426334902846,139.53184628445516,140.78065564701856,54105100
2023-01-27,143.49456787109375,144.77287517943125,140.69214050710963,140.77080718806803,70555800
2023-01-30,140.61349487304688,143.12094131391822,140.46600420175812,142.54079133466578,64015300
2023-01-31,141.88197326660156,141.93114182979278,139.90552306108117,140.31851198443744,65874500
2023-02-01,143.00294494628906,144.16325999959267,138.96155019582764,141.56731895311415,77663600
2023-02-02,148.302978515625,148.65695608667727,145.69719525256042,146.41500811186492,118339000
2023-02-03,151.9215545654297,154.75349514117664,145.36287177724367,145.5595309829737,154357300
2023-02-06,149.1977996826172,150.5449461888697,148.2636570715711,150.02379246889225,69858300
2023-02-07,152.06906127929688,152.63938353904294,148.12598902287087,148.12598902287087,83322600
2023-02-08,149.38462829589844,152.00023955919008,148.64714493246836,151.3119247541495,64120100
2023-02-09,148.35214233398438,151.75440537570756,147.9096553354024,151.213581264491,56007100
2023-02-10,148.7165069580078,149.0414968354293,146.95369947058745,147.1900598433605,57450700
2023-02-13,151.51339721679688,151.91715888947925,148.62788900472555,148.65743217523777,62199000
2023-02-14,150.873291015625,151.43464142437824,148.56883308158638,149.80969157828838,61707600
2023-02-15,152.97091674804688,153.13833305811258,150.5581292969133,150.78463194852628,65573800
2023-02-16,151.37551879882812,153.95572244720177,151.02098573800205,151.17854429955682,68167900
2023-02-17,150.233154296875,150.6763169294936,148.55897600306773,150.03619479649413,59144100
2023-02-21,146.2249755859375,149.00215442484804,146.15604651567105,147.9188545173904,58867200
2023-02-22,146.64840698242188,147.67260518894304,144.92498541296462,146.60900607426132,51011300
2023-02-23,147.1309814453125,148.05670759936388,145.00379786650186,147.8105044744373,48394200
2023-02-24,144.48182678222656,144.95453250364176,143.50685714395402,144.87574571223192,55469600
2023-02-27,145.6734619140625,146.90447752822308,145.21059884097443,145.46665970602933,44998500
2023-02-28,145.17123413085938,146.81586942805245,144.60004099931746,144.81670098117985,50547000
2023-03-01,143.1031036376953,144.99394185647634,142.80765687884437,144.600022862706,55479000
2023-03-02,143.69398498535156,144.481837933212,141.71450238763347,142.1872231725768,52238100
2023-03-03,148.73622131347656,148.81500811176437,145.09241829817535,145.79162671403117,70732300
2023-03-06,151.4936981201172,153.92618602775224,151.1293223291666,151.4542972077173,87558000
2023-03-07,149.2975311279297,151.69061749037596,148.8346682054165,151.36562767071513,56182000
2023-03-08,150.54827880859375,151.13917230662574,149.52408044265695,150.48919246419973,47204800
2023-03-09,148.3029022216797,152.1929083670859,147.9483691410299,151.2277963802791,53833600
2023-03-10,146.24462890625,148.64757336129242,145.3681465462101,147.92866457828165,68572400
2023-03-13,148.1846923828125,150.81413914374863,145.45675839142748,145.56508833410462,84457100
2023-03-14,150.27255249023438,151.07024829967136,147.8203787096759,148.98245037600438,73695900
2023-03-15,150.66644287109375,150.92248866561948,147.64306182318006,148.89377768233683,77167900
2023-03-16,153.48300170898438,154.08373780814682,149.33693534803646,149.84904194741503,76161100
2023-03-17,152.64588928222656,154.35946790067808,151.93682330404258,153.70948824950253,98944600
2023-03-20,155.0094757080078,155.42311016638172,151.80883520237765,152.71487589238697,73641400
2023-03-21,156.8609161376953,156.9790888157361,154.1625247817563,154.93069227015488,73938300
2023-03-22,155.43295288085938,159.67749219321786,155.41325242402124,156.88062840402722,75701800
2023-03-23,156.51625061035156,159.09646969740976,155.28523492873595,156.41777837205046,67622100
2023-03-24,157.81617736816406,157.90480687220796,155.45263376473136,156.44728881765926,59196500
2023-03-27,155.87611389160156,158.32830230982592,155.47233717929535,157.5109061704178,52390300
2023-03-28,155.2556915283203,156.08294548571627,153.61105638332387,155.57083875533723,45992200
2023-03-29,158.32830810546875,158.60405440029712,156.92987617396892,156.94956160428092,51305700
2023-03-30,159.89413452148438,160.0024644815908,158.82069266127598,159.07673846378026,49501700
2023-03-31,162.3955535888672,162.4940408365555,159.45097422374334,159.9729235769942,68749800
2023-04-03,163.64627075195312,163.76444342844442,161.725889623748,161.7751332479675,56976200
2023-04-04,163.11451721191406,164.30613205347163,162.60241044774043,164.06978664465908,46278300
2023-04-05,161.27285766601562,162.54327395468036,159.3426339632527,162.23798454444034,51511700
2023-04-06,162.1592559814453,162.45470278445305,159.53965070291807,159.96311293315853,45390100
2023-04-10,159.56915283203125,159.56915283203125,157.64877164706385,158.96841666370352,47716900
2023-04-11,158.35784912109375,159.89415417908276,158.07224508795338,159.88431146406083,47644200
2023-04-12,157.66847229003906,159.59869619161648,157.35332510698044,158.77145737665472,50133100
2023-04-13,163.04554748535156,163.28190788405584,158.96842452673738,159.1752417539843,68445600
2023-04-14,162.70089721679688,163.79403981032135,161.33200829581108,162.09030318280583,49386500
2023-04-17,162.72056579589844,162.87813940299813,161.53879379674336,162.58269264644778,41516200
2023-04-18,163.94171142578125,164.86743742961687,163.13415809407996,163.57733566867122,49923000
2023-04-19,165.08412170410156,165.60607111909823,163.02585218946155,163.2819130529251,47720200
2023-04-20,164.1189727783203,165.3204450523275,163.04553091898333,163.56748026442403,52456400
2023-04-21,162.51373291015625,163.92200731179602,161.99178358382397,162.54327607753027,58337300
2023-04-24,162.81903076171875,163.08493430890758,161.40089854610392,162.49404087672,41949600
2023-04-25,161.28273010253906,163.78414697340926,161.24332919160244,162.68116189989732,48714100
2023-04-26,161.27285766601562,162.76977657727082,160.32744626830737,160.58349205788602,45498800
2023-04-27,165.85226440429688,165.9999802574992,162.6811671878293,162.6811671878293,64902300
2023-04-28,167.10296630859375,167.27039764589344,165.33031595199535,165.93105213681218,55275900
2023-05-01,167.01438903808594,167.86132859591265,166.07881994011512,166.70909949288966,52472900
2023-05-02,165.98028564453125,167.76280882251325,164.9954731830596,167.50674796522142,48425700
2023-05-03,164.90684509277344,168.32414556576836,164.6212560883793,166.925713661642,65136000
2023-05-04,163.2720489501953,164.50306450874902,161.81453073644045,162.3857237588548,81235400
2023-05-05,170.9338836669922,171.65279246173276,168.16654839153733,168.38320830672657,113453200
2023-05-08,170.86492919921875,171.2096195052504,169.49604074216262,169.86041647416434,55962800
2023-05-09,169.16127014160156,170.90437768216194,168.99385379727335,170.4218291094066,45326900
2023-05-10,170.924072265625,171.38693538928501,169.289279744913,170.39228007410486,53724500
2023-05-11,171.1111602783203,171.93839911576495,169.5551548305296,171.20964753246403,49514700
2023-05-12,170.1841278076172,171.65351807079642,168.63582673684218,171.21959891598488,45533100
2023-05-15,169.69107055664062,170.81530899814229,169.09935977781652,170.7659972586019,37266700
2023-05-16,169.69107055664062,170.74626955321972,169.42479920138675,169.61217478294208,42110300
2023-05-17,170.30247497558594,170.53914722242257,168.06385467134209,169.3360281894031,57951600
2023-05-18,172.62985229492188,172.81722786089622,170.19400003291315,170.60819152451643,65496700
2023-05-19,172.73831176757812,173.9513020679568,172.52135219543533,173.9513020679568,55809500
2023-05-22,171.79161071777344,172.2945693897219,171.05197977463047,171.57465110395842,43570900
2023-05-23,169.1881103515625,170.9829553293692,168.9119826700276,170.7364116817252,50747300
2023-05-24,169.4642333984375,170.03621645106807,168.16249079935005,168.7246024757336,45143500
2023-05-25,170.5983428955078,171.4957503105663,169.3163129553576,170.02635984381527,56058300
2023-05-26,173.00460815429688,173.33991896491864,170.71669083708804,170.92379413047703,54835000
2023-05-30,174.8487548828125,176.51539231960112,174.12885165758402,174.51345913931758,55964400
2023-05-31,174.79946899414062,176.8704419237823,174.31623796446905,174.87836477742368,99625300
2023-06-01,177.6001739501953,177.62975798334406,174.4838587106697,175.24321733975688,68901800
2023-06-02,178.4482879638672,179.2668146743205,176.78165050926717,178.52718373632618,61996900
2023-06-05,177.09722900390625,182.39298156722955,175.57851175717974,180.10506441660397,121946500
2023-06-06,176.73236083984375,177.62976831057978,174.97695616659206,177.4818481362361,64848400
2023-06-07,175.36160278320312,178.70473461267676,174.86851540394252,175.97302631817985,61944600
2023-06-08,178.07357788085938,178.33983422301452,175.00657387447097,175.44047811466785,50214900
2023-06-09,178.45814514160156,179.7105759291869,178.13270574903748,178.99067275354267,48900000
2023-06-12,181.2490234375,181.34764691680866,178.468018885392,178.7638742754878,54274900
2023-06-13,180.77565002441406,181.60403301510047,179.91768300176238,180.272706433175,54929100
2023-06-14,181.40682983398438,181.84074910193183,179.50351991974284,180.8348467124019,57462900
2023-06-15,183.43832397460938,183.94128262941163,181.23915892536104,181.41667817053525,65433200
2023-06-16,182.3634033203125,184.40479194393566,181.72239585614398,184.14837692000424,101256200
2023-06-20,182.4521484375,183.52709013546678,181.8604527350327,181.8604527350327,49799100
2023-06-21,181.41668701171875,182.84663717983523,180.0656175699355,182.34367850052172,49515700
2023-06-22,184.4146270751953,184.46393880857786,181.13066426325057,181.1997036995518,51245300
2023-06-23,184.0990753173828,184.96691381940127,182.45216546765664,182.98470820219737,53117000
2023-06-26,182.7085723876953,185.4501365723536,182.6691169769034,184.24700235631448,48088700
2023-06-27,185.4600067138672,185.78544616190248,183.10304984582174,183.32000947784528,50730800
2023-06-28,186.633544921875,187.27455239917202,185.00636283468697,185.33178721386028,51216800
2023-06-29,186.9688262939453,187.4422009047134,186.32781886596203,186.4658826988121,46347300
2023-06-30,191.28829956054688,191.79124321876165,188.61575961709715,188.98065447297634,85213200
2023-07-03,189.79916381835938,191.19952989799955,189.10882958307744,191.10090642215079,31458200
2023-07-05,188.6847686767578,190.311950580781,187.98457816150727,188.92145597370774,46920300
2023-07-06,189.1581573486328,189.36526064633148,186.5842409083175,187.21539208287066,45094300
2023-07-07,188.0437469482422,190.00623962579556,187.6098428072387,188.76366516963594,46815000
2023-07-10,186.00241088867188,187.36333679085425,184.45410938571575,186.6434184249519,59922200
2023-07-11,185.47972106933594,186.68285528837708,184.02018687082855,186.5447914459214,46638100
2023-07-12,187.1463623046875,189.04967210294507,185.86433228601203,187.05759515232103,60750200
2023-07-13,187.90570068359375,188.54672319895087,187.15621340871894,187.8662603208446,41342300
2023-07-14,188.05364990234375,188.53686585918993,187.00830716161786,187.6000029338883,41616200
2023-07-17,191.30801391601562,191.63345333608896,189.15814548736353,189.24689758888442,50520200
2023-07-18,191.05160522460938,191.64331601668746,189.75971887799713,190.6768691009351,48288200
2023-07-19,192.4026641845703,195.48938034906212,189.9865244553515,190.4303150490968,80507300
2023-07-20,190.4599151611328,193.7537348839622,189.8386203157028,192.39280905028917,59581200
2023-07-21,189.28636169433594,192.2744696321092,188.5861710830146,191.41650251566858,71951700
2023-07-24,190.08514404296875,192.21528467718613,189.59205676918674,190.73602285584008,45377800
2023-07-25,190.94309997558594,191.75177028050072,190.25278084201756,190.65711599447494,37283200
2023-07-26,191.8109588623047,192.9351972994816,190.64728006234532,190.99243214213982,47471900
2023-07-27,190.54867553710938,194.4736466049838,189.88794029801272,193.3099676892758,47460200
2023-07-28,193.12255859375,193.91150122150714,191.45592124266818,191.9785925358936,48291400
2023-07-31,193.73399353027344,193.77344894031904,192.56044337061044,193.34938604539337,38824100
2023-08-01,192.90562438964844,194.01013518521242,192.5801849485631,193.52691923606866,35175100
2023-08-02,189.91751098632812,192.48155598125388,189.19760772385698,192.3434921357412,50389300
2023-08-03,188.52700805664062,189.71041463976601,188.0536484329567,188.92148694956984,61235200
2023-08-04,179.47389221191406,184.789371855198,179.40485277798012,182.95508679019278,115956800
2023-08-07,176.37733459472656,180.59816071157974,174.89807268327345,179.6119861039443,97576100
2023-08-08,177.314208984375,177.77771228390873,175.12490000933562,177.20572916857282,67823000
2023-08-09,175.72645568847656,178.42856448196,174.56276182695083,178.3693964131728,60378500
2023-08-10,175.509521484375,178.2510860859084,175.14464164213348,176.99863993985085,54686900
2023-08-11,175.56874084472656,176.3883728930982,174.34424265962002,175.10462674008653,52036700
2023-08-14,177.21788024902344,177.44500246999712,175.09473274674426,175.74649049543365,43675600
2023-08-15,175.2329559326172,177.23759212733944,174.8379595164921,176.64509750315182,43622600
2023-08-16,174.364013671875,176.30938743269644,174.29488099061055,174.91701484938284,46964900
2023-08-17,171.82611083984375,175.29225282363015,171.31260330101006,174.92688028330798,66062900
2023-08-18,172.30999755859375,172.9123770667114,169.8116075662743,170.14735612669347,61172200
2023-08-21,173.64312744140625,173.92951274494206,171.56937297444222,172.88275833759562,46311900
2023-08-22,175.0157470703125,175.46012191641384,174.04799506153495,174.8478727981476,42038900
2023-08-23,178.8571319580078,179.28176749229362,176.1019960768648,176.28962468028294,52722800
2023-08-24,174.1763916015625,178.8374232276998,173.8110039705464,178.4127876208845,54945800
2023-08-25,176.3784942626953,176.91174101480664,173.62335841851225,175.16386577811136,51449600
2023-08-28,177.93875122070312,178.33374768816518,176.31924159506977,177.83999456976295,43820700
2023-08-29,181.81964111328125,182.58989476243158,177.25736718090633,177.4548654120463,53003900
2023-08-30,185.30555725097656,185.50307057198083,182.43192527543482,182.62942352828824,60813900
2023-08-31,185.52281188964844,186.75719481874472,185.13768501849643,185.4931879048022,60794500
2023-09-01,187.09295654296875,187.54720101813678,185.92769123419916,187.12258052751662,45766500
2023-09-05,187.3299560546875,187.60645663383806,185.26607135025952,185.92769881238064,45280000
2023-09-06,180.62481689453125,186.49060789475487,179.20280512864025,186.04621791679895,81755800
2023-09-07,175.34164428710938,175.98353252575788,171.37186410651492,172.99137409505227,112488800
2023-09-08,175.95388793945312,177.9881638364286,175.56876103562882,176.121777292026,65551300
2023-09-11,177.119140625,178.0473990105972,175.12437356668377,177.82027676778657,58953100
2023-09-12,174.09735107421875,177.87950173703112,172.6358460753217,177.24749835360407,90370200
2023-09-13,172.03347778320312,175.08486860955094,171.8063404869434,174.30473020059844,84267900
2023-09-14,173.54437255859375,173.89987544974738,171.41135521167203,171.82610607332606,60895800
2023-09-15,172.823486328125,174.29487626046748,171.64836639188815,174.27512191376346,109259500
2023-09-18,175.7465057373047,177.13889330258442,173.96899129951683,174.27511585610648,67257600
2023-09-19,176.83279418945312,177.3857954122995,174.91702919019727,175.3021561181191,51826900
2023-09-20,173.2975311279297,177.4549252951043,173.2086440859945,177.02041999908084,58436200
2023-09-21,171.7569580078125,174.0973581099587,171.6878404044714,172.36922214048295,63149100
2023-09-22,172.6062469482422,174.86764517240317,171.87550181385268,172.48775099523908,56725400
2023-09-25,173.88009643554688,174.75897636563758,171.97420160197885,172.02357992644104,46172700
2023-09-26,169.81158447265625,173.01109513731117,169.51532957863083,172.63585300181884,64588900
2023-09-27,168.3007049560547,170.87809720821267,166.93795639924983,170.4633463371719,66921800
2023-09-28,168.55743408203125,169.88068876106084,165.52578284422083,167.22429469748067,56294400
2023-09-29,169.0709686279297,170.90773103963988,168.21182785802986,169.87084635964763,51861100
2023-10-02,171.5792236328125,172.12235512412923,168.79444856905252,169.0808338409062,52164500
2023-10-03,170.24607849121094,171.46072207785286,168.6858318118607,170.1078282132375,49594600
2023-10-04,171.4903106689453,172.03344203037457,168.83391688425698,168.952412792879,53020300
2023-10-05,172.7247314453125,173.2579782200924,170.52258153582127,171.61871413723316,48527900
2023-10-06,175.27252197265625,175.76627518846593,171.01635659512883,171.62862082907643,57266700
2023-10-09,176.75376892089844,176.81301689163445,173.60362121945622,174.6009972191987,42390800
2023-10-10,176.1612548828125,177.47464011941017,175.72674968355904,175.8748846750232,43698000
2023-10-11,177.55364990234375,177.60302823490863,175.38113888285298,175.9736336691769,47551100
2023-10-12,178.4522705078125,180.06189553412176,176.80312172309905,177.82026707710477,56743100
2023-10-13,176.6155242919922,179.65703072033497,175.91438812346496,179.15340788479125,51427100
2023-10-16,176.4871368408203,176.84263973108403,174.3047411678942,174.54174811745375,52517000
2023-10-17,174.93673706054688,176.19087429527403,172.61610626933813,174.44298390478113,57549400
2023-10-18,173.64312744140625,175.36139405816417,172.92225196490105,173.38638119353993,54764400
2023-10-19,173.26785278320312,175.61810740546204,173.00122187734726,173.84059314667203,59302900
2023-10-20,170.72010803222656,173.2283676109075,170.48310107616433,173.11974130623128,64244000
2023-10-23,170.83859252929688,171.8359684831129,167.80694090892598,168.77470794688867,55980100
2023-10-24,171.27310180664062,171.50022404547477,169.30795876796012,170.88797493724758,43816600
2023-10-25,168.9623260498047,170.8978298690587,168.51793618108192,169.7325797223047,57157000
2023-10-26,164.80494689941406,169.23885617849143,163.6001878537521,168.24146504420852,70625300
2023-10-27,166.11831665039062,166.8490767618186,164.7456834493569,164.82468576422622,58499100
2023-10-30,168.16244506835938,169.03145545417337,166.7601878982554,166.90832288755587,51131000
2023-10-31,168.63644409179688,168.764809656098,165.8022909489589,167.23418704526227,44846000
2023-11-01,171.79647827148438,172.05322449399938,167.99457285522465,168.86358325166134,56934900
2023-11-02,175.35150146484375,175.5588693503195,173.26786256268767,173.32711052996643,77334800
2023-11-03,174.44297790527344,174.61086723243213,171.1842192438163,172.06309922812656,79829200
2023-11-06,176.99075317382812,177.18825142381783,174.00849494223715,174.17636920813592,63841300
2023-11-07,179.54843139648438,180.1606805785339,176.7340319643902,176.94139988237026,70530000
2023-11-08,180.60501098632812,181.1580120556029,179.3212498937122,180.07176426042716,49340300
2023-11-09,180.13104248046875,181.81966995293175,179.53853262491765,180.67417400336535,53763500
2023-11-10,184.31369018554688,184.48180071812672,181.47581782404296,181.91089548671326,66133400
2023-11-13,182.73159790039062,183.94782669363863,182.1482051958573,183.74018560328048,43627500
2023-11-14,185.34205627441406,186.0045554032819,184.21481647353394,185.59914075952597,60108400
2023-11-15,185.90565490722656,187.3789832148446,185.67823345303117,185.7474572062222,53790500
2023-11-16,187.5866241455078,188.8226331691939,186.53847581950137,187.44819173837502,54412900
2023-11-17,187.56687927246094,188.24915879673333,186.45941980581802,188.1206090057824,50922700
2023-11-20,189.30715942382812,189.7620174322178,187.75473976876387,187.76462241033667,46505100
2023-11-21,188.50619506835938,189.3763501912699,187.61627466574618,189.26758080090607,38134500
2023-11-22,189.16871643066406,190.77057938008178,188.6940931656517,189.3467095850447,39617700
2023-11-24,187.84373474121094,188.76331834061182,187.13179223741543,188.7336553269539,24048300
2023-11-27,187.6657257080078,188.53588093642713,186.78568783853885,187.79427548166112,40552600
2023-11-28,188.26889038085938,188.9412871423915,187.28008315178343,187.6558347269926,38415400
2023-11-29,187.25045776367188,189.9400151741752,186.85494082777598,188.7633319210795,43014200
2023-11-30,187.8239288330078,188.18979776505014,186.08363355367433,187.71515943504943,48794400
2023-12-01,189.09950256347656,189.4159130354433,187.11199034893104,188.1996843513192,45704800
2023-12-04,187.30975341796875,187.92282418358675,185.35191925319242,187.85360043262926,43389500
2023-12-05,191.255126953125,192.2241539878595,188.05138552105933,188.0810636242485,66628400
2023-12-06,190.1674346923828,192.58011192579394,189.95977851245675,192.27358406476233,41089700
2023-12-07,192.09561157226562,192.817436726138,191.42321471638212,191.4627754603769,47477700
2023-12-08,193.5194854736328,193.79635031367135,191.50231010992096,192.02637677770835,53406400
2023-12-11,191.01780700683594,191.32434997590968,189.27751140798418,190.948598334338,60943700
2023-12-12,192.53067016601562,192.54055280703432,189.57413099725628,190.9189094878757,52696900
2023-12-13,195.74429321289062,195.7838388648497,192.66910200901862,192.90640609677627,70404200
2023-12-14,195.89260864257812,197.38570218691584,193.96443748585023,195.80361960949875,66831600
2023-12-15,195.358642578125,196.1793392633754,194.79501524102506,195.31908184148628,128538400
2023-12-18,193.69747924804688,194.42920214917604,192.21426816132805,193.89523770867535,55751900
2023-12-19,194.73573303222656,194.74561567460933,193.6974822378966,193.964464462268,40714100
2023-12-20,192.6493377685547,195.46742966263125,192.6493377685547,194.69616113684165,52242800
2023-12-21,192.50100708007812,194.8741537657828,191.33422165280876,193.9051267903215,46482500
2023-12-22,191.43310546875,193.2228443252002,190.81015202156473,192.9954077755279,37149600
2023-12-26,190.88926696777344,191.71986154255086,190.67172813799795,191.44299668429173,28919300
2023-12-27,190.9881134033203,191.3342019743918,188.9511728919884,190.33551208827305,48087700
2023-12-28,191.413330078125,192.4812438348005,191.00791544042355,191.96705978425237,34049900
2023-12-29,190.3750762939453,192.2241411947973,189.5840274029703,191.72973752393827,42672100
2024-01-02,183.5621795654297,186.33084291740326,181.83176685644636,185.0552730997862,82488700
2024-01-03,182.18775939941406,183.79952025374087,181.37693010719954,182.15809638511382,58414500
2024-01-04,179.87393188476562,181.04071720671112,178.85546161628733,180.11123597031312,71983600
2024-01-05,179.15211486816406,180.71443234786256,178.1534248404595,179.95306152436652,62379700
2024-01-08,183.48306274414062,183.52262348166371,179.46850790157933,180.0519005320401,59144500
2024-01-09,183.0677947998047,183.07767744176536,180.68476543102267,181.8614486084712,42841800
2024-01-10,184.1060333251953,184.31367440860302,181.8614365329183,182.2866315170422,46792900
2024-01-11,183.51275634765625,184.9564217479187,181.56480461990643,184.45212033242825,49128400
2024-01-12,183.8390655517578,184.64989484239166,183.11724039185432,183.97749798089004,40477800
2024-01-16,181.57470703125,182.19764543114704,178.9049149905355,180.12115895148446,65603000
2024-01-17,180.6352996826172,180.88250149305736,178.2819487070673,179.24109293861534,47317400
2024-01-18,186.5187225341797,187.02300881659582,183.75005912545993,184.0071435872404,78005800
2024-01-19,189.4159393310547,189.80157360580037,186.70661676571424,187.21090309791916,68903000
2024-01-22,191.7198486328125,193.14373357255337,190.10808789018887,190.14764863184953,60133900
2024-01-23,192.99537658691406,193.55900391718882,191.6604959575266,192.8371789062756,42355600
2024-01-24,192.32301330566406,194.18197579456825,192.16480052192722,193.23271418014866,53631300
2024-01-25,191.99671936035156,194.07322080915367,190.94858599423335,193.03497008475262,54822100
2024-01-26,190.26629638671875,192.58010181757646,189.7916731135176,192.09559590318426,44594000
2024-01-29,189.58401489257812,190.04875551955823,187.4580852833725,189.86087972294905,47145600
2024-01-30,185.93531799316406,189.65324309628332,185.37170567810733,188.80286821503816,55859400
2024-01-31,182.33604431152344,185.0058358609704,182.28661602120093,184.94649475418208,55467800
2024-02-01,184.76852416992188,184.857513201702,181.7625567551165,181.93065217781273,64885400
2024-02-02,183.76986694335938,185.23329771545795,177.2437318686429,177.84690500460306,102551700
2024-02-05,185.579345703125,187.1317803970082,183.75994390321247,186.0440863383638,69668800
2024-02-06,187.1812286376953,187.19111127921153,184.67954732588265,184.76853636353553,43490800
2024-02-07,187.29000854492188,188.91165203661865,186.49895962721544,188.50623739169367,53439000
2024-02-08,186.21221923828125,187.41855040104747,185.25307484073457,187.27023532431497,40962000
2024-02-09,186.97454833984375,188.10322646586073,186.13298359451971,186.77652244170517,45155200
2024-02-12,185.2914276123047,186.79633688725167,184.93500212895557,186.54881961012742,41781900
2024-02-13,183.20237731933594,184.36077144619387,181.68757282391297,183.92513863049606,56529500
2024-02-14,182.3212127685547,183.6875129162611,180.62820312290157,183.4796068721132,54630500
2024-02-15,182.0341033935547,182.65785175424014,179.54903541760635,181.727184392981,65434500
2024-02-16,180.49949645996094,183.0142804515248,179.86585283584154,181.5984737728991,49752500
2024-02-20,179.7569122314453,180.61826736487214,178.21240712023044,179.984623854957,53665600
2024-02-21,180.50938415527344,181.0737156195715,178.8658660184515,180.13315310757224,41371400
2024-02-22,182.53903198242188,183.1231842228548,180.64801151557128,181.65787110291916,52292200
2024-02-23,180.7073974609375,183.20236045475278,180.4202689919066,183.1726595934398,45119700
2024-02-26,179.36093139648438,180.94503297704767,178.85598645977296,180.4302078946742,40867400
2024-02-27,180.8163299560547,182.09351248592515,177.77681047698752,179.30152539649055,54318900
2024-02-28,179.61831665039062,181.30143093346823,178.34113428414614,180.69748823755316,48953900
2024-02-29,178.95498657226562,180.75691955299587,177.74710108364005,179.4698267249393,136682600
2024-03-01,177.8758087158203,178.73716395290236,175.61845249589473,177.76690051629518,73563100
2024-03-04,173.36109924316406,175.14321147352493,172.06409607852763,174.4006596751229,81510100
2024-03-05,168.4305419921875,170.33147275577412,167.93550746706842,169.0641855800497,95132400
2024-03-06,167.44046020507812,169.53941670485264,167.00482743895031,169.36119643359416,68587700
2024-03-07,167.3216552734375,169.0344703547855,166.81672553933012,167.47015957545335,71765100
2024-03-08,169.03448486328125,171.9749911536114,167.26226790901475,167.32166963491963,76267000
2024-03-11,171.034423828125,172.64824117092596,170.34137853305091,171.22253935977105,60139500
2024-03-12,171.50965881347656,172.3017170819102,169.31170429451927,171.43045147590772,59825400
2024-03-13,169.43055725097656,171.47009750884777,169.06422135194308,171.05427023263442,52488700
2024-03-14,171.28195190429688,172.57893998999515,170.34138929390355,171.19284931228447,72913500
2024-03-15,170.90570068359375,170.90570068359375,168.5988381717502,169.47010369924573,121752700
2024-03-18,171.9947967529297,175.94517770513775,171.7967859641753,173.82643054023092,75604200
2024-03-19,174.3313446044922,174.85607994565953,171.31163124958826,172.6086191723699,55215200
2024-03-20,176.89566040039062,176.89566040039062,173.35121088659923,173.97495931074826,53423100
2024-03-21,169.6680908203125,175.72732234204057,169.14335554819615,175.2916896390191,106181300
2024-03-22,170.56910705566406,171.33146450930536,168.37115239719608,170.05426688241553,71160100
2024-03-25,169.15330505371094,170.2324767040703,167.76719930445816,168.87608692531137,54288300
2024-03-26,168.02464294433594,169.71765273934344,167.89592911986227,168.3117563520967,57388400
2024-03-27,171.5888671875,171.87599567632833,168.42064920188324,168.71767294274684,60273300
2024-03-28,169.7770538330078,170.51960569647457,168.81668554767697,170.04437673388762,65672700
2024-04-01,168.34144592285156,169.54933141950085,167.79690490268092,169.48992969134684,46240500
2024-04-02,167.16326904296875,167.65830361021796,166.55932626663449,167.40089107386055,49329500
2024-04-03,167.96517944335938,168.98494918114434,166.90581359756672,167.11371960229837,47691700
2024-04-04,167.14344787597656,170.2126525655396,167.14344787597656,168.59883533803097,53704400
2024-04-05,167.89588928222656,168.6978426903414,167.27214102824712,167.90578453281648,42104800
2024-04-08,166.7771453857422,167.51969724864153,166.56923932419392,167.35138730592178,37425500
2024-04-09,167.9850311279297,168.3909631058002,166.6781477036779,167.02466284236104,42373800
2024-04-10,166.11378479003906,167.4107728345435,165.45044033625643,167.12365945587084,49709300
2024-04-11,173.3016815185547,173.7175238179071,166.49001666248702,166.66822184170525,91070300
2024-04-12,174.7967071533203,176.58872985356905,172.47994902506244,172.52944039553972,101670900
2024-04-15,170.97500610351562,174.87588010863277,170.78689058947398,173.61848833629102,73531800
2024-04-16,167.69790649414062,172.0343988146065,166.59892920522176,170.04436539186383,73711200
2024-04-17,166.33160400390625,168.95528100035153,166.33160400390625,167.9256158132339,50901200
2024-04-18,165.38113403320312,166.96525061902096,164.89600984807865,166.36130787024413,43122900
2024-04-19,163.3614044189453,164.7474951408098,162.4505426435407,164.55939469854349,68149400
2024-04-22,164.1930694580078,165.5989658830707,163.13370328942287,163.87625517565544,48116400
2024-04-23,165.24252319335938,165.39104261951863,163.28219064755024,163.70792820716713,49537800
2024-04-24,167.34149169921875,167.6187098522012,164.5593998092657,164.8861093338651,48251800
2024-04-25,168.2028350830078,168.9156860278579,166.4801094484109,167.84640961058278,50558300
2024-04-26,167.61868286132812,169.63841695172266,167.49986430971396,168.19292468782604,44838400
2024-04-29,171.7769775390625,174.28185098854456,171.38095596804143,171.64826373021612,68169400
2024-04-30,168.6384735107422,173.2521991943247,168.31174889120035,171.60868084411632,65934800
2024-05-01,167.61868286132812,170.9948217396029,167.43056733625505,167.8959009696714,50383100
2024-05-02,171.3116455078125,171.69777183075684,169.19289835753364,170.79680537480178,94214900
2024-05-03,181.55886840820312,185.14291355827163,180.84601747897057,184.7963833456082,163224100
2024-05-06,179.9054718017578,182.37073431535399,178.62827413884693,180.53911545314375,78569700
2024-05-07,180.5885772705078,183.0637497391675,179.5193160584302,181.62815272879564,77305800
2024-05-08,180.9252166748047,181.25194126160505,179.64801918938014,181.0341248704048,45057100
2024-05-09,182.737060546875,182.82616313989396,180.30148392023486,180.74701199258516,48983000
2024-05-10,181.47793579101562,183.50040923773955,180.5658387363955,183.3120385724197,50759500
2024-05-13,184.6802215576172,185.49318663872077,183.0344740478803,183.84743912898392,72044800
2024-05-14,185.8203582763672,186.68289706997302,184.69014911402812,185.8996730578337,52393600
2024-05-15,188.09068298339844,189.01268886802714,185.76085876781028,186.2962297111884,70400000
2024-05-16,188.20962524414062,189.45881387860598,188.03117836935675,188.83421956137332,52845200
2024-05-17,188.23936462402344,189.17129419091543,187.55528802161362,187.88245575005936,41282900
2024-05-20,189.39935302734375,190.2718004798306,187.3867877585141,187.70404687859929,44361300
2024-05-21,190.6980743408203,191.07480055486454,189.28034753675723,189.44888573499304,42309400
2024-05-22,189.26052856445312,191.16405275409193,188.63594934473116,190.61877317517173,34648500
2024-05-23,185.27505493164062,189.35966699130785,185.0272019643745,189.33983451815809,51005900
2024-05-24,188.3484344482422,188.94328765804346,186.42509288132968,187.19840810516956,36327000
2024-05-28,188.3583526611328,191.34249703943843,187.47599667367734,189.86528785982966,52280100
2024-05-29,188.65574645996094,190.5989202616182,187.88244645923604,187.9815936912238,53068000
2024-05-30,189.64720153808594,190.52955764421512,188.99288109200768,189.12175436970267,49889100
2024-05-31,190.59893798828125,190.9161970579539,188.2790377703441,189.79589676882185,75158300
2024-06-03,192.36363220214844,193.31539419555028,190.86660581567378,191.24333201644762,50080500
2024-06-04,192.680908203125,193.64257895328527,191.37223723797064,192.96841099700254,47471400
2024-06-05,194.18785095214844,195.20900403542353,193.19643901671662,193.72188613227584,54156800
2024-06-06,192.80978393554688,194.81244022862765,192.50244866402238,194.0093990023229,41181800
2024-06-07,195.1990966796875,195.24867030234284,192.47271383884646,192.97832848334124,53103900
2024-06-10,191.4614715576172,195.60558138834554,190.49980075281104,195.20900753042525,97010200
2024-06-11,205.37095642089844,205.3808802210458,191.96707924808354,191.98689659289002,172373300
2024-06-12,211.24014282226562,218.30889945026047,205.1231180281253,205.58908283581826,198134300
2024-06-13,212.4001007080078,214.888539245905,209.7827737762817,212.8958066808934,97862700
2024-06-14,210.66513061523438,213.32210737882852,209.4853479747781,212.01345147179217,70122700
2024-06-17,214.80923461914062,217.06965275202606,210.89316027395952,211.53757201804441,93728300
2024-06-18,212.4496612548828,216.75240063817128,211.1707464886947,215.72132373307375,79943300
2024-06-20,207.87924194335938,212.4000929584359,207.05638337080816,212.0927425591543,86172500
2024-06-21,205.7080841064453,210.07029091430852,205.33134270047418,208.58317289420788,241805100
2024-06-24,206.3524932861328,210.87332959032133,204.8158016590104,205.93610206103614,80727000
2024-06-25,207.27452087402344,209.56468024841507,206.8184646829133,207.35382052419757,55549700
2024-06-26,211.4185791015625,213.01475280094434,208.83099354238436,209.68360834691896,66213200
2024-06-27,212.26129150390625,213.88720639689362,210.52632069800987,212.84622088780682,49772700
2024-06-28,208.81117248535156,214.21437951883613,208.4939285392998,213.91695291908772,82542700
2024-07-01,214.88853454589844,215.64200216221636,210.10001313722785,210.26855134899324,60402900
2024-07-02,218.3782958984375,218.48735180877674,213.2526983679821,214.293668724795,58046200
2024-07-03,219.64730834960938,219.64730834960938,217.14894613859082,218.11061688690268,37369800
2024-07-05,224.3961639404297,224.5052198536283,219.7464397478406,219.7464397478406,60412400
2024-07-08,225.8634796142578,225.89322076278884,221.3327197032473,225.13973799267995,59085900
2024-07-09,226.71607971191406,227.42989753320916,224.4259205051531,225.97252074204383,48076100
2024-07-10,230.97914123535156,231.07828847688273,227.28117906796422,227.3307526887298,62627700
2024-07-11,225.61563110351562,230.39422897123262,223.83108651749725,229.40281699319425,64710600
2024-07-12,228.56008911132812,230.64206011910093,226.71606240173486,226.9540066999144,53046500
2024-07-15,232.386962890625,235.1926606193721,231.0882156126273,234.44910163171727,62631300
2024-07-16,232.80335998535156,234.24090427881208,230.33473879844306,232.98180687397965,43234300
2024-07-17,226.9143829345703,229.47222770464353,224.6936146131452,227.4794799069808,57345900
2024-07-18,222.25473022460938,228.46097889584826,220.36114484151935,228.3023493485251,66034600
2024-07-19,222.38360595703125,224.8522270905052,221.36245288688534,222.88923571935766,49151500
2024-07-22,222.03663635253906,225.82382229500527,221.17409763275575,225.06043082550624,48201800
2024-07-23,223.0775909423828,224.9910238167192,220.76759935066607,222.44308791792702,39960300
2024-07-24,216.6631622314453,222.86941075843336,215.26528287042115,222.07627816799848,61777600
2024-07-25,215.6221923828125,218.95333716975932,212.77682977395946,217.04981289629316,51391200
2024-07-26,216.08815002441406,217.6050090608147,214.15488466672127,216.8217851678197,41601300
2024-07-29,216.36575317382812,217.41664743865044,213.8971319294418,215.09674706599597,36311800
2024-07-30,216.9209442138672,218.43780333279796,214.26395224147618,217.3075942808937,41643800
2024-07-31,220.17274475097656,221.8978068103832,218.73520059867647,219.5382417741392,50036300
2024-08-01,216.48471069335938,222.55214689360594,215.15622233135366,222.44309097566543,62501000
2024-08-02,217.97183227539062,223.66254232334134,215.84030263063204,217.2679231335739,105568600
2024-08-05,207.47280883789062,211.66647767263768,194.31676638799527,197.38022606416695,119548600
2024-08-06,205.4502716064453,208.18657796978488,199.3431861620261,203.53685401433648,69660500
2024-08-07,208.01806640625,211.80525225793107,204.61751548926864,205.12313014700663,63516400
2024-08-08,211.4781036376953,212.36045976406422,207.03658185433542,211.27982425167653,47161100
2024-08-09,214.38291931152344,214.91827509282652,210.1495861717322,210.2784745623819,42201600
2024-08-12,215.91146850585938,217.8767320905019,213.9958359256548,214.4623401059105,38028100
2024-08-13,219.62364196777344,220.23902400333975,217.38044783379533,217.38044783379533,44155300
2024-08-14,220.07029724121094,221.37054778476931,218.06532277692483,218.92885985517657,41960600
2024-08-15,223.0479736328125,223.67329096872731,221.10255033510867,222.9288713384501,46414000
2024-08-16,224.3680877685547,225.1422830006272,221.98593577772976,222.25393109506462,44340200
2024-08-19,224.20925903320312,224.30852103873067,221.38045847347976,224.0405257400108,40687800
2024-08-20,224.82464599609375,225.47973889834265,223.7725353535306,224.0901616619868,30299000
2024-08-21,224.71546936035156,226.28371522001356,223.37552309496598,224.8345868015738,34765500
2024-08-22,222.85939025878906,226.64103964823346,222.23407290784718,226.09512887719345,43695300
2024-08-23,225.15219116210938,226.52192810531062,222.66087229355688,223.98097823318813,38677300
2024-08-26,225.4896697998047,225.58893181224732,222.22415556593285,225.07279660900764,30602200
2024-08-27,226.33334350585938,227.14724957253156,223.21670725505913,224.31844891527626,35934600
2024-08-28,224.80479431152344,228.14971479709,224.0008084384826,226.22414704916858,38052200
2024-08-29,228.0802459716797,231.18696212304621,227.1770283167567,228.3879521456165,51906300
2024-08-30,227.296142578125,228.6857199244299,225.787447784096,228.47729089511273,52990800
2024-09-03,221.11248779296875,227.2961293418145,219.52438650802387,226.84948058831634,50190600
2024-09-04,219.206787109375,220.12986023982222,215.86185105944423,220.01075793789536,43840200
2024-09-05,220.72537231445312,223.80229748015876,219.87177059333374,219.9809527371486,36615400
2024-09-06,219.177001953125,223.56411324365834,218.13481142105056,222.2837029728863,48423000
2024-09-09,219.26632690429688,219.6236489368284,215.09757995493325,219.17700018247805,67180000
2024-09-10,218.47225952148438,219.83206111139577,215.1174037589381,217.29111136152258,51591000
2024-09-11,221.00328063964844,221.43007391385896,216.2687680395375,219.81221238330573,44587100
2024-09-12,221.11248779296875,221.8866830044339,218.1844402475294,220.84449248276735,37455600
2024-09-13,220.84449768066406,222.37303270856336,220.25889118684435,221.9164638014437,36766600
2024-09-16,214.7104949951172,215.60379255643394,212.32834292284386,214.92884416844979,59357400
2024-09-17,215.1769561767578,215.2861383219032,212.90400170360138,214.14470101422842,45519300
2024-09-18,219.04794311523438,221.05291740528648,215.92137182236397,215.931307109631,59894900
2024-09-19,227.16708374023438,228.11002736409566,222.95864123060412,223.31596324984213,66781300
2024-09-20,226.50205993652344,231.35567496568984,225.9263736470506,228.25889437635817,318679900
2024-09-23,224.78494262695312,227.742765583781,224.12984974700805,225.64846451262724,54146000
2024-09-24,225.6782684326172,227.64354731931365,224.05047131587074,226.94874349226038,43556100
2024-09-25,224.68569946289062,225.59885242729763,222.3531936181764,223.2564112941643,42308700
2024-09-26,225.82713317871094,226.7998372114188,223.73283210674714,225.60876888531146,36636700
2024-09-27,226.09510803222656,227.81224676693589,225.60876359989413,226.76013618443497,34026000
2024-09-30,231.26637268066406,231.26637268066406,227.94129216556473,228.32838978012126,54541900
2024-10-01,224.5269012451172,227.94129335648356,222.0752779583648,227.81227091446172,63285000
2024-10-02,225.09263610839844,225.67824256269316,221.360617941662,224.20925878310885,32880600
2024-10-03,223.9908905029297,225.12240767637772,221.65838486968212,223.46483520314058,34044200
2024-10-04,225.1125030517578,226.30357145139808,222.46237094034984,226.20430944090455,37245100
2024-10-07,220.04051208496094,224.01074997862722,219.68319006872073,222.8296017820206,39505400
2024-10-08,224.0901641845703,224.298593199742,221.58890998571715,222.63110049734397,31855700
2024-10-09,227.8320770263672,228.04052116337735,223.157130753936,223.55414845411647,33591100
2024-10-10,227.3358154296875,227.7923994519787,225.47973405841245,226.0851959438118,28183500
2024-10-11,225.85691833496094,227.70307961960657,225.6484741750507,227.5938974682738,31759200
2024-10-14,229.5790252685547,230.00581860221664,226.89911753216435,226.99836439928595,39882100
2024-10-15,232.11004638671875,235.7229623804217,230.6410474142004,231.87182665313995,64751400
2024-10-16,230.05543518066406,230.3929017691756,228.12986736523644,229.87678174389526,34082200
2024-10-17,230.42269897460938,232.11006236609234,228.80483716826546,231.6931740173152,32993800
2024-10-18,233.25148010253906,234.4226930307779,232.26884075534687,234.4226930307779,46431500
2024-10-21,234.72047424316406,235.08773156933626,232.7055796017645,232.7055796017645,36254500
2024-10-22,234.10508728027344,234.4624093106695,230.86934872103873,232.14974382855843,38846600
2024-10-23,229.0430145263672,233.3904297884605,226.06533615950997,232.33831918874512,52287000
2024-10-24,228.85446166992188,229.10260155629064,226.710529416834,228.26884002769643,31109500
2024-10-25,229.6881866455078,231.48471683213373,227.86188088691335,228.03061417648678,38802300
2024-10-28,231.66339111328125,232.98349712196287,230.81972458948547,231.58399967772363,36087100
2024-10-29,231.93138122558594,232.5864741436605,230.59143496071306,231.36563017470797,35417200
2024-10-30,228.38792419433594,231.7328445287285,227.84201349481597,230.87924283818487,47070900
2024-10-31,224.22911071777344,228.11994197442104,223.693120129287,227.63358238786932,64370100
2024-11-01,221.25144958496094,223.67329727363756,218.63109301833273,219.32588166379162,65276700
2024-11-04,220.35812377929688,221.13231895883285,218.0752491010658,219.34572401852256,44944500
2024-11-05,221.7873992919922,222.28367900181775,219.49458945583885,220.14968230766976,28111300
2024-11-06,221.06285095214844,224.387931303672,219.54423614319148,220.95366880237512,54561100
2024-11-07,225.7874298095703,226.18446269494834,222.89909318788202,222.95864433437472,42137700
2024-11-08,225.51914978027344,227.20835428792034,224.9726384261151,225.72780810336752,38328800
2024-11-11,222.8064727783203,224.26714170400084,220.0938084143074,223.57158868270503,42005600
2024-11-12,222.8064727783203,224.15783943194586,221.9420008205612,223.12444853772337,40398300
2024-11-13,223.69082641601562,225.2111120360391,221.34580821096,222.58787261698694,48566200
2024-11-14,226.7711639404297,227.41703140021204,223.57160465201176,223.59148192887395,44923900
2024-11-15,223.57159423828125,225.47940335635096,222.8462328667566,224.96270031544069,47923700
2024-11-18,226.5724334716797,228.28151537171908,223.74052045447314,223.82001439888424,44633700
2024-11-19,226.8307647705078,228.6988344551977,225.22105418122663,225.53901477922054,36211800
2024-11-20,227.54620361328125,228.4702922716314,224.45594670445817,226.61216873586113,35169600
2024-11-21,227.06924438476562,228.69883223369175,224.2770861035494,227.42695953023323,42108300
2024-11-22,228.41065979003906,229.25526960886552,226.6121530455377,226.6121530455377,38168300
2024-11-25,231.39161682128906,231.7692092379923,228.28149797848934,229.99057974831032,90152800
2024-11-26,233.56771850585938,234.07449047305911,231.84870566104107,231.84870566104107,45986200
2024-11-27,233.43853759765625,234.1937224347506,232.32565277909848,232.9814664022851,33498400
2024-11-29,235.8233184814453,236.3002669685808,232.48464874765904,233.31931239062584,28481400
2024-12-02,238.0689697265625,239.26134854667043,235.65440375298792,235.76370602927642,48137100
2024-12-03,241.1095428466797,241.21884512379424,237.38334952948236,238.2875760799829,38861000
2024-12-04,241.46725463867188,242.56027739454964,239.7184333911867,241.32814402991647,44383900
2024-12-05,241.49705505371094,242.98753231090083,240.59284370740727,242.4410361127995,40033900
2024-12-06,241.29832458496094,243.0769692456264,240.5431549096241,241.36788746709487,36870600
2024-12-09,245.1835174560547,245.67041216886827,240.21525975684386,240.29475369946152,44649200
2024-12-10,246.19700622558594,246.6342152579071,243.78242549232758,245.32258816094367,36914800
2024-12-11,244.9251708984375,249.20780656351602,244.69662013013263,246.3858398593606,45205800
2024-12-12,246.3858184814453,247.1608653940442,244.1202792424049,245.32260415969785,32777500
2024-12-13,246.55474853515625,247.70737273801882,244.67674782957272,246.24671899982582,33155300
2024-12-16,249.44625854492188,249.78411156803347,246.07778066556844,246.41563368868003,51694800
2024-12-17,251.87075805664062,252.2185421189052,248.19425082976375,248.49234928857376,51356400
2024-12-18,246.4752655029297,252.6657103008961,246.1672359539693,250.55917390522964,56774100
2024-12-19,248.20419311523438,250.400169527173,245.5213371883983,245.92873792847348,60882300
2024-12-20,252.87437438964844,253.38113119374523,244.13023820234332,246.46531011815415,147495300
2024-12-23,253.6494140625,254.02699130961165,251.84096111600803,253.15258832932108,40858800
2024-12-24,256.56085205078125,256.5707679464462,253.6693071300515,253.86804957710976,23234700
2024-12-26,257.37554931640625,258.44870970386563,255.9943897750778,256.55083207826743,27237100
2024-12-27,253.96739196777344,257.05766400729357,251.45345479939442,256.19316170058187,42355300
2024-12-30,250.59889221191406,251.8906421270002,249.15810064436016,250.6287005424076,35557500
2024-12-31,248.8302001953125,251.6720440162376,247.84647977817443,250.83738041728796,39480700
2025-01-02,242.3019256591797,247.51859606258614,240.28481431614935,247.34966196417784,55740700
2025-01-03,241.8150177001953,242.6298040057451,240.3543488544026,241.8150177001953,40244100
2025-01-06,243.4446258544922,245.7598357483754,241.6560500607284,242.75900387005615,45045600
2025-01-07,240.67233276367188,243.99112508347835,239.81779188041267,241.43743349025635,40856000
2025-01-08,241.1592254638672,242.1628232218062,238.52605495049286,240.38417847646193,37628900
2025-01-10,235.34637451171875,238.63535869995312,231.5208099984783,238.48630187104285,61710900
2025-01-13,232.91189575195312,233.180185891021,228.26161420500546,232.04742383507855,49630700
2025-01-14,231.7990264892578,234.62099318079112,230.99417118008773,233.25969544364762,39435300
2025-01-15,236.35987854003906,237.4429702030776,232.94171493841435,233.1503884256181,39832000
2025-01-16,226.81088256835938,236.49898454969573,226.58234697208553,235.84318609247865,71759100
2025-01-17,228.5199737548828,230.8153063545454,227.02949646555186,230.6463874145182,68488300
2025-01-21,221.2265625,222.99526090225285,217.98726416864307,222.57792910461188,98070400
2025-01-22,222.4090118408203,222.6971640978084,218.39465138442915,218.39465138442915,64126500
2025-01-23,222.24008178710938,225.5886822440662,220.88871524000126,223.3132271476291,60234800
2025-01-24,221.3656768798828,224.19758968028435,220.00437919561992,223.35297985225768,54697900
2025-01-27,228.4007110595703,230.67616609083086,222.55803598473332,222.59779053134582,94863400
2025-01-28,236.74740600585938,238.66516132615985,229.3447052045828,229.3844597561093,75707600
2025-01-29,237.8404083251953,238.33723404319062,232.52436707787834,232.63366934231402,45486100
2025-01-30,236.08164978027344,239.26133146080375,235.7040725307193,237.1547951903121,55658300
2025-01-31,234.5017547607422,245.62071750771995,231.95800933839706,245.62071750771995,100959800
2025-02-03,226.56246948242188,230.35822543026035,224.2671369795404,228.52991033796462,73063300
2025-02-04,231.32208251953125,231.64998934854387,225.21111642561868,225.80731341689966,45067300
2025-02-05,230.99417114257812,231.19289841511937,226.82083777153602,227.0791817096477,39620300
2025-02-06,231.73941040039062,232.31573010563136,228.96711414866223,229.8216550685821,29925300
2025-02-07,226.1848907470703,232.51444580894437,225.81722939017394,231.1233398047693,39707200
2025-02-10,226.45347595214844,229.3780258753388,226.00584416726187,228.36339787721977,33115600
2025-02-11,231.39735412597656,233.99363668198936,226.93096309298542,227.00058728303875,53718400
2025-02-12,235.625,235.71453849328682,229.4675323792709,229.98480349517558,45243300
2025-02-13,240.26051330566406,241.06625350434595,234.33184765944378,235.66480095549997,53614100
2025-02-14,243.31439208984375,244.25939586817944,239.72336558929686,239.981993568851,40896200
2025-02-18,243.18507385253906,243.8913336127375,240.56889220053384,242.86674847770814,48822500
2025-02-19,243.58297729492188,244.71698493563778,241.88197342314302,243.37408953874765,32204200
2025-02-20,244.5379180908203,245.4829218502696,243.00600383864503,243.65259654249155,32316900
2025-02-21,244.25938415527344,247.38287960480025,243.93111682470231,244.6572756706751,53197400
2025-02-24,245.80125427246094,247.55199828948733,243.1353323966777,243.64264638435856,51326400
2025-02-25,245.74156188964844,248.68601093773057,243.62276739789988,246.69652285022872,48013300
2025-02-26,239.09666442871094,243.6923767743236,237.87313357927937,243.04579925662603,44433600
2025-02-27,236.05274963378906,241.1856322165831,235.81400561415145,238.15166004001364,41153600
2025-02-28,240.56887817382812,240.8175641664438,228.9900589647863,235.70458076540925,56833400
2025-03-03,236.77891540527344,242.74737946323825,234.8690087281554,240.51914741730602,47184000
2025-03-04,234.68992614746094,238.80818055450627,233.44649624540747,236.46058429228577,53798100
2025-03-05,234.50096130371094,235.30670153327668,228.0251680036218,234.18263593082168,47227600
2025-03-06,234.09312438964844,236.60982567864426,231.93453157387603,233.207802772317,45170400
2025-03-07,237.81346130371094,240.10136041796665,233.5261018066448,233.87426828677374,46273600
2025-03-10,226.28436279296875,234.91874867921032,223.04150278970278,234.3019970725287,72071200
2025-03-11,219.67926025390625,224.65298022983382,216.30707871737093,222.63365113389432,76137400
2025-03-12,215.83956909179688,220.58450266635003,213.78045671174684,218.98296406915986,62547500
2025-03-13,208.57791137695312,215.70028194858565,207.3245394208188,214.81496040955514,61368300
2025-03-14,212.36788940429688,212.82546311709572,208.47843695256688,210.13965751241793,60107600
2025-03-17,212.87522888183594,214.08881784956162,208.86641153353526,212.18885305172668,48073400
2025-03-18,211.5720977783203,214.01915944879542,210.37840804794794,213.03437263106773,42432400
2025-03-19,214.10870361328125,217.6101915579757,212.6265295918345,213.0940604852241,54385400
2025-03-20,212.97470092773438,216.3468825511506,211.10457731145533,212.86527847830126,48862900
2025-03-21,217.12277221679688,217.68976839110027,210.16950634984832,210.4480334492585,94127800
2025-03-24,219.56982421875,220.31588216896776,217.43113083289424,219.838409330833,44299500
2025-03-25,222.573974609375,222.92214108802088,218.92326587520165,219.6096416779903,34493600
2025-03-26,220.36563110351562,223.83729303324841,219.31120492080973,222.3352199198642,34466100
2025-03-27,222.67344665527344,223.80745418869535,219.40073045135125,220.22636977863218,37094800
2025-03-28,216.7547149658203,222.6336557419088,216.5358700680628,220.504904155295,39818600
2025-03-31,220.96246337890625,224.43410981299633,215.09346536760611,215.86936438132514,65299300
2025-04-01,222.01693725585938,222.50435214869168,217.74947658321986,218.65469735360887,36412700
2025-04-02,222.7132568359375,224.006427206847,219.85834611462542,220.15677238154151,35905900
2025-04-03,202.12203979492188,206.39944211542388,200.19223396809613,204.4596791341039,103419000
2025-04-04,187.38987731933594,198.82943318150367,186.3553350717911,192.87091122900438,125910900
2025-04-07,180.50625610351562,193.12954493623218,173.70219548773406,176.26863687444822,160466300
2025-04-08,171.51376342773438,189.33957458197378,168.32064359895526,185.71870692843436,120859500
2025-04-09,197.8048553466797,199.55559936553783,170.98654976711688,171.04623198001363,184395900
2025-04-10,189.4191436767578,193.7562279640405,182.03814529024513,188.07624843340898,121880000
2025-04-11,197.1085205078125,198.49121408156802,185.0820690088969,185.12186726950821,87435900
2025-04-14,201.45556640625,211.8207974391945,200.10271391024364,210.32868138530173,101352900
2025-04-15,201.0775604248047,202.4403549077855,198.7498630049633,200.7990333068026,51343900
2025-04-16,193.24893188476562,199.64512887500646,191.35890907242805,197.31743142832593,59732400
2025-04-17,195.94468688964844,197.7849695303218,193.39814444403507,196.16353180406117,52164700
2025-04-21,192.14476013183594,192.78139570274652,188.8123615658979,192.25418258208256,46742500
2025-04-22,198.690185546875,200.53045296496776,194.93999616163734,195.0892017003565,52976400
2025-04-23,203.52462768554688,206.9067512010516,201.7340854567431,204.9172632087338,52929200
2025-04-24,207.2748260498047,207.7324150205437,201.8733727998236,203.81312078521486,47311000
2025-04-25,208.18002319335938,208.6475540878433,205.1162098506388,205.28531450927932,38222300
2025-04-28,209.03549194335938,210.38834431536768,206.36958545714222,208.8962283982374,38743100
2025-04-29,210.0998992919922,211.12448445804597,207.27481462988695,207.59314001435672,36827600
2025-04-30,211.3831024169922,212.4574277707069,205.5837430092506,208.19992461631293,52286500
2025-05-01,212.1988067626953,213.43227966302132,207.80202473083082,207.98108655162656,57365700
2025-05-02,204.27069091796875,205.9020705063368,201.09745506032002,205.0067917796952,101010600
2025-05-05,197.84463500976562,203.02725796650907,197.1682163705072,202.03251395918386,69018500
2025-05-06,197.46661376953125,199.59536519080132,195.9844550154461,197.1682027308483,51216500
2025-05-07,195.218505859375,198.39174158064424,192.23427392267118,198.1231564563361,68536700
2025-05-08,196.45199584960938,198.99853803284546,193.65675249053749,196.68078271707188,50478900
2025-05-09,197.48654174804688,199.4859718922483,196.5017396407649,197.95407268173315,36453900
2025-05-12,209.95704650878906,210.435160708662,205.93301745006437,210.13634313336473,63775800
2025-05-13,212.08859252929688,212.55673652410627,208.17412935394688,209.59847136477597,51909300
2025-05-14,211.490966796875,213.09460539099953,209.7478820292828,211.5905625216416,49325800
2025-05-15,210.61444091796875,212.11848379882832,208.71198473801002,210.11641669484823,45029500
2025-05-16,210.42520141601562,211.73003772257164,208.94109887256835,211.52086084946143,54737900
2025-05-19,207.95498657226562,208.65221742207615,203.45284348728632,207.08842931596485,46140500
2025-05-20,206.04258728027344,207.64622592622177,204.2198167548668,206.84938410987283,42496600
2025-05-21,201.2914276123047,206.22186440009241,199.91689108628387,204.3592586621154,59211800
2025-05-22,200.56431579589844,201.94882252859867,198.91087172706415,199.91689038506837,46742400
2025-05-23,194.49838256835938,196.91877297523902,192.6955373289648,192.9046989896,78432900
2025-05-27,199.4188690185547,199.94677348688452,196.64984031499387,197.51641281084125,56288500
2025-05-28,199.62803649902344,201.9289060786693,199.11008702875665,199.79736291846774,45339700
2025-05-29,199.15989685058594,203.00464471322186,197.72558456215265,202.775557811137,51396800
2025-05-30,200.0563507080078,201.16196516975768,196.00242594876025,198.58218796001185,70819900
2025-06-02,200.90298461914062,201.3312933884623,199.3292261245183,199.4885975362889,35423300
2025-06-03,202.46676635742188,202.9647905668523,200.16589694161215,200.55435521702816,46381600
2025-06-04,202.0185546875,205.42503857555045,201.30139858491114,202.10819540070028,43604000
2025-06-05,199.83721923828125,203.9409342732031,199.35910500622674,202.69587362440456,55126100
2025-06-06,203.11419677734375,204.8871617909174,201.2515910514923,202.19783403313102,46607700
2025-06-09,200.6539764404297,205.18600036190864,199.2296343157191,203.58236159580053,72862600
2025-06-10,201.86912536621094,203.54249456453348,199.77743286642308,199.80731310224203,54672600
2025-06-11,197.9945068359375,203.69190510411792,197.62597377823997,202.69585666840098,60989900
2025-06-12,198.41285705566406,198.890956077424,196.58013147350607,198.29333609984755,43904600
2025-06-13,195.6737060546875,199.57821397711425,194.92666975119658,198.94074360607502,51447300
2025-06-16,197.6359405517578,197.90487790098294,195.78328974313985,196.52037110088898,43020700
2025-06-17,194.86692810058594,197.6060614779548,194.43863454049264,196.4207613301707,38856200
2025-06-18,195.80319213867188,196.78928550519313,194.29916455806153,195.16572178414586,45394700
2025-06-20,200.20574951171875,200.90298042554332,196.08210930882012,197.45666110928434,96813500
2025-06-23,200.70376586914062,201.50060768152076,198.17380945321412,200.83325703321927,55814300
2025-06-24,199.5084991455078,202.63609053842802,199.40888822531906,201.78944331230142,54064000
2025-06-25,200.76353454589844,202.8651975026319,199.82724651799433,200.65396860223956,39525700
2025-06-26,200.20574951171875,201.8392684520338,198.67184150130464,200.63404307360597,50799100
2025-06-27,200.28543090820312,202.41697405518968,199.20969672208463,201.09222774816857,73188600
2025-06-30,204.3592529296875,206.57048164253425,198.4726031076903,201.211736268348,91912800
2025-07-01,206.998779296875,209.35940906738603,205.32541013409474,205.85331455367321,78788900
2025-07-02,211.6005401611328,212.49697770796604,207.31752868499885,208.08449026524102,67941800
2025-07-03,212.70616149902344,213.80180573654258,210.97303162710094,211.31168447150716,34955800
2025-07-07,209.120361328125,215.37554414763466,207.97491173225177,211.8395692407974,50229000
2025-07-08,209.1801300048828,210.59451698338924,207.6262968509882,209.26978591644843,42848900
2025-07-09,210.30567932128906,210.49493096772343,206.40117103180637,208.7020406311003,48749400
2025-07-10,211.5706329345703,212.63639676214427,209.20003300630606,209.67813195706393,44443600
2025-07-11,210.3256072998047,211.29177557167307,209.03074119537857,209.73794232575938,39765800
2025-07-14,207.79562377929688,210.07658325197187,206.71988962428105,209.10044482334126,38840100
2025-07-15,208.28369140625,211.05270487364396,208.09443976951917,208.39325734338402,42296300
2025-07-16,209.32955932617188,211.5606982702429,207.81556132948495,209.46900551017632,47490500
2025-07-17,209.1901092529297,210.9630743588066,208.7618004967043,209.7379389650813,48068100
2025-07-18,210.3455047607422,210.95309492429405,208.87135730762196,210.0367321724359,48974600
2025-07-21,211.64036560058594,214.92732845073886,210.7937335563828,211.2618775331451,51377400
2025-07-22,213.55279541015625,214.1006251327807,211.39137195770533,212.29777975345726,46404100
2025-07-23,213.30377197265625,214.29982043425818,211.57065737650467,214.15041924441525,46989300
2025-07-24,212.91531372070312,214.83769515517375,212.68622683006964,213.05475989741393,46022600
2025-07-25,213.0348358154297,214.38946224202752,212.55672164240056,213.85158759699283,40268800
2025-07-28,213.20419311523438,214.00103498726418,212.21809958876685,213.18426788884761,37858000
2025-07-29,210.43516540527344,213.96117031669576,209.9869466315705,213.33365491441555,51411700
2025-07-30,208.2239227294922,211.55072076453234,206.89917652304968,211.06265157316113,45512500
2025-07-31,206.74978637695312,209.01080544085684,206.3414028602417,207.66614913739534,80698400
2025-08-01,201.58030700683594,212.7360475386617,200.7037794341265,210.03674932642843,104434500
2025-08-04,202.5464630126953,207.0585613783641,200.88304868853191,203.70186769022786,75109300
2025-08-05,202.11814880371094,204.52858421879685,201.36115745633876,202.59624780213056,44155100
2025-08-06,212.40733337402344,214.52892145014,204.77759854868273,204.81744899810374,108483100
2025-08-07,219.16053771972656,219.97730473834642,215.7241736307253,218.01508808955717,90224800
2025-08-08,228.44374084472656,230.08721487155407,218.38364441813084,219.95740294972967,113854000
2025-08-11,226.5391082763672,228.91239906441297,224.1259370249458,227.2770261826339,61806100
2025-08-12,229.0021209716797,230.14888579943394,226.429412881848,227.36674823663387,55626200
2025-08-13,232.6717529296875,234.33703985510917,229.77992501054072,230.4181341091737,69878500
2025-08-14,232.12330627441406,234.4567012802976,230.19875827485632,233.39969406647393,51916300
2025-08-15,230.9366455078125,233.6190590405621,228.69299310222902,233.33985018068216,56038700
2025-08-18,230.23861694335938,232.4623214496413,229.46081868168693,231.04632935234682,37476200
2025-08-19,229.90956115722656,232.2130419457167,228.70298322789472,230.62753117126795,39402600
2025-08-20,225.3723907470703,229.81981519856654,225.13307755654054,229.33119207499826,42263900
2025-08-21,224.26551818847656,225.88095827873425,223.14868274098328,225.63166356522294,30621200
2025-08-22,227.11746215820312,228.44371192910324,224.77410085849388,225.53195134940427,42477800
2025-08-25,226.5191650390625,228.65312729963858,225.59178073979155,225.84107546750252,30983100
2025-08-26,228.6630859375,228.84258604761433,224.05612439304167,226.22996704217394,54575100
2025-08-27,229.8397674560547,230.24859923631865,227.6160475796746,227.96506627689797,31259500
2025-08-28,231.9039306640625,232.75153884501827,228.69301327644948,230.16884905542523,38074700
2025-08-29,231.485107421875,232.7216147258446,230.71727541448905,231.85405874294378,39418400
2025-09-02,229.0719451904297,230.19876225122124,226.32970313085187,228.6032698757151,44075600
2025-09-03,237.79725646972656,238.17618932549604,233.69885053091846,236.5408165177042,66427800
2025-09-04,239.1035614013672,239.2232180033205,236.07214416452067,237.77731160532718,47549400
2025-09-05,239.0137939453125,240.63920029193574,237.81718240373485,239.32291694518142,54870400
2025-09-08,237.2089080810547,239.47249309970456,235.67324414176576,238.62490021245955,48999500
2025-09-09,233.68887329101562,238.1063683630383,232.70166073618753,236.33139119913957,66313900
2025-09-10,226.1501922607422,231.76431424305812,225.31256565050364,231.53496736029473,83440800
2025-09-11,229.3810577392578,229.7998710451417,226.010588238333,226.23995033725743,50208600
2025-09-12,233.40968322753906,233.84842918261825,228.373926506362,228.57335925244223,55824200
2025-09-15,236.0322265625,237.5180285002954,234.3669397384463,236.33138325533858,42699500
2025-09-16,237.4781494140625,240.53949594661788,235.65332541334,236.51088466190768,63421100
2025-09-17,238.3157958984375,239.42266510979977,237.05934071942244,238.2958480596019,46508000
2025-09-18,237.2089080810547,240.51953392817583,235.98236714862816,239.2930082114909,44249600
2025-09-19,244.8074188232422,245.60516498271895,239.53234916144805,240.5494606794321,163741300
2025-09-22,255.35755920410156,255.9160073848096,247.42002368458668,247.5995237986898,105517400
2025-09-23,253.71221923828125,256.6140134777918,252.86462630601793,255.15814081026073,60275200
2025-09-24,251.59820556640625,255.01853710208397,250.33178410429736,254.49999981420794,42303700
2025-09-25,256.14532470703125,256.4444966190252,250.99989343760635,252.49566170312627,55202100
2025-09-26,254.73931884765625,256.87328100426123,253.06405044687503,253.38315498635407,46076300
2025-09-29,253.71221923828125,254.28061851263055,252.29622703166862,253.84185736381545,40127700
2025-09-30,253.9116668701172,255.1980209495745,252.39595068950493,254.1410137555297,37704300
2025-10-01,254.72933959960938,258.0599285933123,254.21080232618834,254.32049261064776,48713900
2025-10-02,256.40460205078125,257.45162766856953,253.43299812845933,255.85613542550084,42630200
2025-10-03,257.2920837402344,258.5086431914624,253.23357360959045,253.9515436206674,49155600
2025-10-06,255.9658660888672,258.339156849437,254.33049322602108,257.262186546101,44664100
2025-10-07,255.75643920898438,256.67382669789566,254.70938317067183,256.0854948355218,31955800
2025-10-08,257.33197021484375,257.7906639625656,255.3874592951906,255.7963062732735,36496900
2025-10-09,253.32330322265625,257.27213808351553,252.42584836214985,257.08267167133846,38322000
2025-10-10,244.57806396484375,255.6567217403356,243.3116425485481,254.2207817432353,61999100
2025-10-13,246.96133422851562,248.98560621270488,244.86725241658198,248.67648318296307,38142900
2025-10-14,247.07101440429688,248.14796941642882,244.00966795095763,245.90431694508948,35478000
2025-10-15,248.63656616210938,251.1095806192417,246.77184661648403,248.78615211625979,33893600
2025-10-16,246.7519073486328,248.33741809379524,244.43846029169785,247.54965348458146,39777000
2025-10-17,251.5782470703125,252.66518358811555,246.57242016484557,247.3203043073955,49147000
2025-10-20,261.50018310546875,263.63416054313814,254.90884523128253,255.168106265739,90483000
2025-10-21,262.0286865234375,264.5415968076956,261.0913359303388,261.141213133835,46695900
2025-10-22,257.72088623046875,262.1084670888602,254.70938662410154,261.9090191460537,45015300
2025-10-23,258.84765625,259.8847307097371,257.2821086816683,259.2066564378435,32754900
2025-10-24,262.07855224609375,263.3848541030092,258.44880663072195,260.4531458541269,38253700
2025-10-27,268.0516662597656,268.36078929414754,263.90339825112477,264.13276036080543,44888200
2025-10-28,268.2411193847656,269.12862319727753,267.39351124836816,268.23113785786586,41534800
2025-10-29,268.93914794921875,270.6443152614699,266.35642794866993,268.5203194424725,51086700
2025-10-30,270.63433837890625,273.36662916750566,267.72259312931254,271.2226702585742,69886500
2025-10-31,269.6072692871094,276.53767519933945,268.40069127196034,276.2085891024436,86167100
2025-11-03,268.29095458984375,270.08589475979994,265.49886601188945,269.65711516237894,50194600
2025-11-04,269.2781982421875,270.72408938596277,266.86501191822913,267.5730004152706,49274800
2025-11-05,269.3779296875,270.9335263776032,266.17696342424256,267.8522167164328,43683100
2025-11-06,269.0089416503906,272.6287059365568,267.1342708755924,267.1342708755924,51204000
2025-11-07,267.7126159667969,271.5218466038475,266.0173996929098,269.03885049148494,48227400
2025-11-10,268.93035888671875,273.22240319845355,266.96401085683,268.46122924118225,41312400
2025-11-11,274.73956298828125,275.3983427074405,269.2996575494418,269.3096487524697,46208300
2025-11-12,272.9628601074219,275.2186787593472,271.19615348009904,274.49002155435767,48398000
2025-11-13,272.44384765625,276.1868935731559,271.5854266195937,273.6016697208788,49602800
2025-11-14,271.9048156738281,275.44821996704485,269.10002929321837,270.54732197227213,47431300
2025-11-17,266.9639892578125,269.98836893107386,265.237217022597,268.3214829895084,45018300
2025-11-18,266.9440612792969,270.2079864201871,264.8279974843966,269.48932037088264,45677300
2025-11-19,268.06195068359375,271.7051756343288,265.00762791735707,265.0375710636542,40424500
2025-11-20,265.7562561035156,274.91922505965954,265.42688147061517,270.327749378444,45823600
2025-11-21,270.98651123046875,272.8230952896135,265.17732758833057,265.4568071090486,59030800
2025-11-24,275.4083251953125,276.4863089537433,270.397615191446,270.397615191446,65585800
2025-11-25,276.4563903808594,279.8600705608694,274.73957871594786,274.75953066216096,46914200
2025-11-26,277.0352783203125,279.01161742605893,276.1170014953278,276.44637611579356,33431400
2025-11-28,278.3328857421875,278.4826014787427,275.4781737009374,276.7458380127342,20135600
2025-12-01,282.57501220703125,282.89442609469603,275.62792768573877,277.4944549964911,46587700
2025-12-02,285.6592712402344,286.86701880065203,282.10587559562896,282.47518456741903,53669500
2025-12-03,283.623046875,288.0847586222564,282.77461708045536,285.6692634925469,43538700
2025-12-04,280.179443359375,284.20196835267484,278.07334059490756,283.5731318378766,43989100
2025-12-05,278.26300048828125,280.6186397013617,277.53434330937836,280.01974631085085,47265800
2025-12-08,277.3746643066406,279.15136205700173,275.6378704438954,277.6142094762677,38211800
2025-12-09,276.66595458984375,279.5106752769474,276.40645748061854,277.64414811825674,32193300
2025-12-10,278.26300048828125,279.2312028389952,275.92734368017386,277.23491184461454,33038300
2025-12-11,277.514404296875,279.07150890817053,273.3022288840155,278.5824273392719,33248000
2025-12-12,277.7639465332031,278.70220580092337,276.30666253778065,277.38464634485007,39532900
2025-12-15,273.6016540527344,279.63046152672615,272.33402020742307,279.63046152672615,50409100
2025-12-16,274.1007385253906,274.9891026980292,271.2859911871425,272.3140798989353,37648600
2025-12-17,271.33587646484375,275.6478724530811,271.13626563598973,274.50001118897205,50138700
2025-12-18,271.68524169921875,273.12257373871984,266.4549687260805,273.1025913325419,51630700
2025-12-19,273.1625061035156,274.09077415448866,269.399477884542,271.6453053723066,144632000
2025-12-22,270.4674987792969,273.37210596231955,270.00836035897595,272.3539780142796,36571800
2025-12-23,271.85491943359375,271.99467443806464,269.06012395403746,270.3377490962612,29642000
2025-12-24,273.3022155761719,274.9192064044749,271.69521595033444,271.8349404799371,17910600
2025-12-26,272.8929748535156,274.859322715931,272.35396775197984,273.65157518449314,21521800
2025-12-29,273.2523498535156,273.8512128461511,271.8449608988494,272.1843267483383,23715200
2025-12-30,272.5735778808594,273.5717234473003,271.77507361210075,272.304089543875,22139600
2025-12-31,271.3558349609375,273.17246717497864,271.24605357156486,272.553621806917,27293600
2026-01-02,270.5074157714844,277.32473598417806,268.5011336129586,271.75509761912826,37838100
2026-01-05,266.7643737792969,271.0064921177503,265.6464557026853,270.1381104139889,45647200
2026-01-06,261.8734436035156,267.0538212812338,261.6338984265986,266.504853430471,52352100
2026-01-07,259.8471984863281,263.1909919246956,259.32817380451803,262.71190159101934,48309800
2026-01-08,258.55963134765625,258.80916773471864,255.22581364132833,256.5433578451618,50419300
2026-01-09,258.8890075683594,259.7274461787287,255.74485516422806,258.5995368285105,39997000
2026-01-12,259.76739501953125,260.8154357257053,256.32378048041085,258.6794199598783,45263800
2026-01-13,260.5658874511719,261.3244878277737,257.9108470550362,258.24022168851656,45730800
2026-01-14,259.4779052734375,261.33447181199796,256.23393227813756,259.0087756526009,40019400
2026-01-15,257.73114013671875,260.5559089501236,256.5732877053955,260.1666175851947,39388600
2026-01-16,255.05613708496094,258.41988279267105,254.45724364888233,257.4217372195352,72142800
2026-01-20,246.2425079345703,254.31750190322293,242.9685916985444,252.26132447540706,80267500
2026-01-21,247.1907501220703,251.09350304772093,244.72532928784554,248.23880604127606,54641700
2026-01-22,247.8894500732422,250.53452965267718,247.68980878155546,248.737864640942,39708300
2026-01-23,247.58001708984375,248.94748685874615,244.22624741136653,246.86136630134166,41689000
2026-01-26,254.9363555908203,256.08421686766076,249.336758511775,251.01363570547153,55969200
2026-01-27,257.791015625,261.46421404872183,257.73112933459527,258.68937090303496,49648300
2026-01-28,255.96446228027344,258.3799575946877,254.03803333601454,257.17220993748055,41288000
2026-01-29,257.801025390625,259.16847988830324,253.93820707645818,257.52154586161765,67253000
2026-01-30,258.9988098144531,261.41430490835,251.7123292610244,254.69678984095313,92443400
2026-02-02,269.5093078613281,269.98839826257677,258.7293169184304,259.5478036352127,73913400
2026-02-03,268.98028564453125,271.3758289780004,267.11372779647115,268.70080609664296,64394700
2026-02-04,275.97723388671875,278.432693698261,271.7850411492978,271.7850411492978,90545700
2026-02-05,275.3983459472656,278.98168486317746,272.72332314901723,277.6142303156022,52977400
2026-02-06,277.6042175292969,280.3890519626743,276.4164219647768,276.6060720438839,50453400
2026-02-09,274.3672180175781,277.9439398399519,271.4499228389202,277.6541982366954,44623400
2026-02-10,273.4280700683594,275.11651686144285,272.68876099546605,274.6369782150198,34376900
2026-02-11,275.24639892578125,279.92208361183503,274.1973776592452,274.44714753122867,51931300
2026-02-12,261.4891052246094,275.46621856633783,259.94051360693726,275.3363333447182,81077200
2026-02-13,255.5445556640625,261.9886306947134,255.21485759663088,261.7688319830923,56290700
2026-02-17,263.6371154785156,266.0449008431299,255.30478047881587,257.8124646511843,58469100
2026-02-18,264.106689453125,266.57441720150126,262.20844437502524,263.35737977838915,34203300
2026-02-19,260.3401184082031,264.2365527856389,259.81060750150084,262.35827847824623,30845300
2026-02-20,264.3364562988281,264.5063132392292,257.9223826043077,258.73163460792017,42070500
2026-02-23,265.9349670410156,269.1819753311392,263.13755670993424,263.24744081710827,37308200
2026-02-24,271.8895263671875,274.6369951599546,267.46358073991865,267.61343657617186,47014600
2026-02-25,273.97760009765625,274.6869380517792,270.8005039088116,271.5298429675081,33714300
2026-02-26,272.6987609863281,275.8558253670768,270.55071567552415,274.6969199809464,32345100
2026-02-27,263.93682861328125,272.5588900215503,262.6480379442022,272.5588900215503,72366500
2026-03-02,264.476318359375,266.2846497598317,259.960490133898,262.16844722421786,41827900
2026-03-03,263.5072326660156,265.31556422164516,259.8905695547566,263.23749216234586,38568900
2026-03-04,262.2783508300781,265.9050144519466,261.179387723623,264.4063951364299,39803100
2026-03-05,260.0504150390625,261.3192350446657,257.01320478174756,260.54995479568396,49658600
2026-03-06,257.2229919433594,258.53178361058343,254.13584003818684,258.39192833924307,41120000
2026-03-09,259.6407775878906,260.9095975388004,253.44647267699952,255.45463216869055,38218500
2026-03-10,260.58990478515625,262.2384104290217,256.71350175461305,257.4128391437035,30590800
2026-03-11,260.5699157714844,261.888707997661,259.3110658747261,260.8496568052655,26218900
2026-03-12,255.52456665039062,258.71164792954545,253.94601921584928,258.4219063383753,40794000
2026-03-13,249.8897705078125,256.0940459350445,249.29033192864068,255.24483747003174,36930000
2026-03-16,252.58729553222656,253.6563027081548,249.6499992581203,251.87794235419486,32074200
2026-03-17,253.99598693847656,254.89516767044782,251.94787083452104,252.72716690012706,32361600
2026-03-18,249.70994567871094,254.70534343896443,248.7708084606242,252.3974721128864,35757900
2026-03-19,248.73085021972656,251.5982036354298,247.0723745163624,249.17043241392184,34864100
2026-03-20,247.76173400878906,248.97061168291066,245.77356028907465,247.7517334570195,88331100
2026-03-23,251.25851440429688,254.3656523266213,250.0496214753341,253.73622734962268,40546100
2026-03-24,251.4083709716797,254.5954370944537,249.32029842391177,250.1195650925759,45152300
2026-03-25,252.38746643066406,254.76528059453105,251.3684162845015,253.86611511385965,28476700
2026-03-26,252.6572265625,256.76344411909713,250.53918279672283,251.88793104116345,41796700
2026-03-27,248.57098388671875,255.2548282141602,247.8416601166152,253.666280215245,47900000
2026-03-30,246.40298461914062,250.63907198816298,245.28400520065438,249.83982057534305,39446200
2026-03-31,253.55638122558594,255.24482803058763,246.87255213324852,247.6818040942864,49598100
2026-04-01,255.3946990966797,255.94418062939917,253.096813183035,253.8461228128272,40059400
2026-04-02,255.68443298339844,255.89424639361263,250.4192795609811,253.96601496217014,31289400
2026-04-06,258.6217041015625,261.9186847371787,256.2239194053331,256.27389167390277,29329900
2026-04-07,253.26666259765625,255.96418954301222,245.47383916108728,255.92421782448065,62148000
2026-04-08,258.66168212890625,259.51090582044134,256.29386854025813,258.2121146377317,41032800
2026-04-09,260.2502136230469,260.879638597066,255.8342992320816,258.7615948993736,28121600
2026-04-10,260.240234375,261.94865175168746,258.78155637925676,259.7406946341393,31291500
2026-04-13,258.96142578125,259.9405042051452,256.4237552437805,259.49093671136296,36234700
2026-04-14,258.59173583984375,261.68888841493145,256.9532612999924,259.01136264890187,48370700
2026-04-15,266.18475341796875,266.3146386359468,257.57269269729437,257.92237663273806,49913500
